timestep,episode,step_in_episode,reward,cumulative_reward,done
296961,65,16425,0.7448346018791199,8987.01253271848,0
296962,65,16426,0.7543174624443054,8987.766850180924,0
296963,65,16427,0.7539836168289185,8988.520833797753,0
296964,65,16428,0.7544907331466675,8989.2753245309,0
296965,65,16429,0.7595701217651367,8990.034894652665,0
296966,65,16430,0.7564283013343811,8990.791322953999,0
296967,65,16431,0.7587451934814453,8991.55006814748,0
296968,65,16432,0.7647351026535034,8992.314803250134,0
296969,65,16433,0.7630264163017273,8993.077829666436,0
296970,65,16434,0.7645924091339111,8993.84242207557,0
296971,65,16435,0.7621397376060486,8994.604561813176,0
296972,65,16436,0.7693328261375427,8995.373894639313,0
296973,65,16437,0.773692786693573,8996.147587426007,0
296974,65,16438,0.7675533890724182,8996.91514081508,0
296975,65,16439,0.7769094109535217,8997.692050226033,0
296976,65,16440,0.7735984921455383,8998.465648718178,0
296977,65,16441,0.7807549834251404,8999.246403701603,0
296978,65,16442,0.7791023850440979,9000.025506086648,0
296979,65,16443,0.7795603275299072,9000.805066414177,0
296980,65,16444,0.7791019082069397,9001.584168322384,0
296981,65,16445,0.7849703431129456,9002.369138665497,0
296982,65,16446,0.7772876620292664,9003.146426327527,0
296983,65,16447,0.7851078510284424,9003.931534178555,0
296984,65,16448,0.7943824529647827,9004.72591663152,0
296985,65,16449,0.7899599075317383,9005.515876539052,0
296986,65,16450,0.7916999459266663,9006.307576484978,0
296987,65,16451,0.791632890701294,9007.09920937568,0
296988,65,16452,0.7986032366752625,9007.897812612355,0
296989,65,16453,0.8025447130203247,9008.700357325375,0
296990,65,16454,0.7996383905410767,9009.499995715916,0
296991,65,16455,0.8003733158111572,9010.300369031727,0
296992,65,16456,0.8052964806556702,9011.105665512383,0
296993,65,16457,0.8001811504364014,9011.90584666282,0
296994,65,16458,0.8040201663970947,9012.709866829216,0
296995,65,16459,0.8095817565917969,9013.519448585808,0
296996,65,16460,0.8149879574775696,9014.334436543286,0
296997,65,16461,0.8094817399978638,9015.143918283284,0
296998,65,16462,0.8128730058670044,9015.95679128915,0
296999,65,16463,0.8209831118583679,9016.777774401009,0
297000,65,16464,0.8177849054336548,9017.595559306443,0
297001,65,16465,0.8201838135719299,9018.415743120015,0
297002,65,16466,0.8196927905082703,9019.235435910523,0
297003,65,16467,0.8266903758049011,9020.062126286328,0
297004,65,16468,0.8261795043945312,9020.888305790722,0
297005,65,16469,0.8221946358680725,9021.71050042659,0
297006,65,16470,0.8244986534118652,9022.534999080002,0
297007,65,16471,0.8341661095619202,9023.369165189564,0
297008,65,16472,0.83111971616745,9024.200284905732,0
297009,65,16473,0.8377185463905334,9025.038003452122,0
297010,65,16474,0.8389298319816589,9025.876933284104,0
297011,65,16475,0.8395455479621887,9026.716478832066,0
297012,65,16476,0.8419522047042847,9027.55843103677,0
297013,65,16477,0.8367197513580322,9028.395150788128,0
297014,65,16478,0.8455249071121216,9029.24067569524,0
297015,65,16479,0.8472536206245422,9030.087929315865,0
297016,65,16480,0.8457160592079163,9030.933645375073,0
297017,65,16481,0.8490217924118042,9031.782667167485,0
297018,65,16482,0.8444697260856628,9032.62713689357,0
297019,65,16483,0.851516604423523,9033.478653497994,0
297020,65,16484,0.8594380617141724,9034.338091559708,0
297021,65,16485,0.8497790694236755,9035.187870629132,0
297022,65,16486,0.8565096855163574,9036.044380314648,0
297023,65,16487,0.865779459476471,9036.910159774125,0
297024,65,16488,0.8689826726913452,9037.779142446816,0
297025,65,16489,0.8699198365211487,9038.649062283337,0
297026,65,16490,0.8597306609153748,9039.508792944252,0
297027,65,16491,0.8638766407966614,9040.37266958505,0
297028,65,16492,0.875029444694519,9041.247699029744,0
297029,65,16493,0.8608298301696777,9042.108528859913,0
297030,65,16494,0.8690633773803711,9042.977592237294,0
297031,65,16495,0.8741849064826965,9043.851777143776,0
297032,65,16496,0.8799433708190918,9044.731720514596,0
297033,65,16497,0.8839932680130005,9045.615713782609,0
297034,65,16498,0.8676199913024902,9046.483333773911,0
297035,65,16499,0.8733729124069214,9047.356706686318,0
297036,65,16500,0.8760741353034973,9048.232780821621,0
297037,65,16501,0.8770445585250854,9049.109825380147,0
297038,65,16502,0.8772246837615967,9049.987050063908,0
297039,65,16503,0.8858844637870789,9050.872934527695,0
297040,65,16504,0.8795109391212463,9051.752445466816,0
297041,65,16505,0.8858090043067932,9052.638254471123,0
297042,65,16506,0.8948725461959839,9053.53312701732,0
297043,65,16507,0.8858217000961304,9054.418948717415,0
297044,65,16508,0.8914778828620911,9055.310426600277,0
297045,65,16509,0.8909316062927246,9056.20135820657,0
297046,65,16510,0.8922696113586426,9057.093627817929,0
297047,65,16511,0.8991492390632629,9057.992777056992,0
297048,65,16512,0.9062874913215637,9058.899064548314,0
297049,65,16513,0.8936077356338501,9059.792672283947,0
297050,65,16514,0.9000524282455444,9060.692724712193,0
297051,65,16515,0.8987109661102295,9061.591435678303,0
297052,65,16516,0.9043462872505188,9062.495781965554,0
297053,65,16517,0.9152153134346008,9063.410997278988,0
297054,65,16518,0.9036526083946228,9064.314649887383,0
297055,65,16519,0.9091215133666992,9065.22377140075,0
297056,65,16520,0.917092502117157,9066.140863902867,0
297057,65,16521,0.9225084185600281,9067.063372321427,0
297058,65,16522,0.9062099456787109,9067.969582267106,0
297059,65,16523,0.9135748147964478,9068.883157081902,0
297060,65,16524,0.9220463633537292,9069.805203445256,0
297061,65,16525,0.9125115871429443,9070.717715032399,0
297062,65,16526,0.9197034239768982,9071.637418456376,0
297063,65,16527,0.928698718547821,9072.566117174923,0
297064,65,16528,0.9203804135322571,9073.486497588456,0
297065,65,16529,0.9289183020591736,9074.415415890515,0
297066,65,16530,0.9380804896354675,9075.35349638015,0
297067,65,16531,0.9445673227310181,9076.298063702881,0
297068,65,16532,0.9319961667060852,9077.230059869587,0
297069,65,16533,0.9414441585540771,9078.171504028141,0
297070,65,16534,0.9396706819534302,9079.111174710095,0
297071,65,16535,0.9488689303398132,9080.060043640435,0
297072,65,16536,0.9583542943000793,9081.018397934735,0
297073,65,16537,0.9477651119232178,9081.966163046658,0
297074,65,16538,0.9538701772689819,9082.920033223927,0
297075,65,16539,0.9622934460639954,9083.882326669991,0
297076,65,16540,0.9472411274909973,9084.829567797482,0
297077,65,16541,0.9554300308227539,9085.784997828305,0
297078,65,16542,0.9601755738258362,9086.74517340213,0
297079,65,16543,0.964945375919342,9087.71011877805,0
297080,65,16544,0.9691334366798401,9088.67925221473,0
297081,65,16545,0.9543631672859192,9089.633615382016,0
297082,65,16546,0.9605963230133057,9090.594211705029,0
297083,65,16547,0.9734353423118591,9091.56764704734,0
297084,65,16548,0.9869309067726135,9092.554577954113,0
297085,65,16549,0.9939839243888855,9093.548561878502,0
297086,65,16550,0.9768648743629456,9094.525426752865,0
297087,65,16551,0.9822334051132202,9095.507660157979,0
297088,65,16552,0.9932441711425781,9096.500904329121,0
297089,65,16553,0.9794847965240479,9097.480389125645,0
297090,65,16554,0.9852420091629028,9098.465631134808,0
297091,65,16555,0.9965510368347168,9099.462182171643,0
297092,65,16556,1.0068249702453613,9100.469007141888,0
297093,65,16557,0.9921637773513794,9101.46117091924,0
297094,65,16558,0.9992891550064087,9102.460460074246,0
297095,65,16559,0.9978115558624268,9103.458271630108,0
297096,65,16560,0.9998179078102112,9104.458089537919,0
297097,65,16561,1.0106819868087769,9105.468771524727,0
297098,65,16562,1.0155010223388672,9106.484272547066,0
297099,65,16563,0.9993942975997925,9107.483666844666,0
297100,65,16564,1.0090872049331665,9108.4927540496,0
297101,65,16565,1.0178439617156982,9109.510598011315,0
297102,65,16566,1.0215003490447998,9110.53209836036,0
297103,65,16567,1.0085161924362183,9111.540614552796,0
297104,65,16568,1.01901113986969,9112.559625692666,0
297105,65,16569,1.016812801361084,9113.576438494027,0
297106,65,16570,1.0258818864822388,9114.602320380509,0
297107,65,16571,1.0226091146469116,9115.624929495156,0
297108,65,16572,1.02548086643219,9116.650410361588,0
297109,65,16573,1.0340752601623535,9117.68448562175,0
297110,65,16574,1.0431777238845825,9118.727663345635,0
297111,65,16575,1.0474145412445068,9119.77507788688,0
297112,65,16576,1.0489661693572998,9120.824044056237,0
297113,65,16577,1.0505564212799072,9121.874600477517,0
297114,65,16578,1.0508753061294556,9122.925475783646,0
297115,65,16579,1.050987958908081,9123.976463742554,0
297116,65,16580,1.0505725145339966,9125.027036257088,0
297117,65,16581,1.034642219543457,9126.061678476632,0
297118,65,16582,1.0442928075790405,9127.10597128421,0
297119,65,16583,1.0406936407089233,9128.14666492492,0
297120,65,16584,1.043235421180725,9129.1899003461,0
297121,65,16585,1.044227957725525,9130.234128303826,0
297122,65,16586,1.0395785570144653,9131.27370686084,0
297123,65,16587,1.0376801490783691,9132.311387009919,0
297124,65,16588,1.0448217391967773,9133.356208749115,0
297125,65,16589,1.0472824573516846,9134.403491206467,0
297126,65,16590,1.028985619544983,9135.432476826012,0
297127,65,16591,1.033678412437439,9136.46615523845,0
297128,65,16592,1.03350830078125,9137.49966353923,0
297129,65,16593,1.0356438159942627,9138.535307355225,0
297130,65,16594,1.030231237411499,9139.565538592637,0
297131,65,16595,1.0307657718658447,9140.596304364502,0
297132,65,16596,1.0371053218841553,9141.633409686387,0
297133,65,16597,1.0412404537200928,9142.674650140107,0
297134,65,16598,1.0243871212005615,9143.699037261307,0
297135,65,16599,1.0271141529083252,9144.726151414216,0
297136,65,16600,1.0332672595977783,9145.759418673813,0
297137,65,16601,1.0389986038208008,9146.798417277634,0
297138,65,16602,1.0256004333496094,9147.824017710984,0
297139,65,16603,1.0306419134140015,9148.854659624398,0
297140,65,16604,1.0418055057525635,9149.89646513015,0
297141,65,16605,1.0458236932754517,9150.942288823426,0
297142,65,16606,1.0473583936691284,9151.989647217095,0
297143,65,16607,1.0274455547332764,9153.017092771828,0
297144,65,16608,1.0306295156478882,9154.047722287476,0
297145,65,16609,1.0452466011047363,9155.09296888858,0
297146,65,16610,1.0567220449447632,9156.149690933526,0
297147,65,16611,1.0591760873794556,9157.208867020905,0
297148,65,16612,1.057793140411377,9158.266660161316,0
297149,65,16613,1.044707179069519,9159.311367340386,0
297150,65,16614,1.0452880859375,9160.356655426323,0
297151,65,16615,1.0447810888290405,9161.401436515152,0
297152,65,16616,1.0504997968673706,9162.45193631202,0
297153,65,16617,1.0535584688186646,9163.505494780838,0
297154,65,16618,1.0424537658691406,9164.547948546708,0
297155,65,16619,1.045851230621338,9165.593799777329,0
297156,65,16620,1.0534559488296509,9166.647255726159,0
297157,65,16621,1.0462976694107056,9167.69355339557,0
297158,65,16622,1.0400716066360474,9168.733625002205,0
297159,65,16623,1.0439356565475464,9169.777560658753,0
297160,65,16624,1.0495173931121826,9170.827078051865,0
297161,65,16625,1.034242033958435,9171.861320085824,0
297162,65,16626,1.03834867477417,9172.899668760598,0
297163,65,16627,1.031777024269104,9173.931445784867,0
297164,65,16628,1.029691457748413,9174.961137242615,0
297165,65,16629,1.0378247499465942,9175.998961992562,0
297166,65,16630,1.0443092584609985,9177.043271251023,0
297167,65,16631,1.026641845703125,9178.069913096726,0
297168,65,16632,1.0320422649383545,9179.101955361664,0
297169,65,16633,1.0243867635726929,9180.126342125237,0
297170,65,16634,1.026125431060791,9181.152467556298,0
297171,65,16635,1.0286837816238403,9182.181151337922,0
297172,65,16636,1.019299030303955,9183.200450368226,0
297173,65,16637,1.0205814838409424,9184.221031852067,0
297174,65,16638,1.0231056213378906,9185.244137473404,0
297175,65,16639,1.0136520862579346,9186.257789559662,0
297176,65,16640,1.0201503038406372,9187.277939863503,0
297177,65,16641,1.0294649600982666,9188.307404823601,0
297178,65,16642,1.0139254331588745,9189.32133025676,0
297179,65,16643,1.0197557210922241,9190.341085977852,0
297180,65,16644,1.0110578536987305,9191.352143831551,0
297181,65,16645,1.0145663022994995,9192.36671013385,0
297182,65,16646,1.0120164155960083,9193.378726549447,0
297183,65,16647,1.0090476274490356,9194.387774176896,0
297184,65,16648,1.0046138763427734,9195.392388053238,0
297185,65,16649,1.012776494026184,9196.405164547265,0
297186,65,16650,1.0023642778396606,9197.407528825104,0
297187,65,16651,1.0038378238677979,9198.411366648972,0
297188,65,16652,0.9968034029006958,9199.408170051873,0
297189,65,16653,1.000349998474121,9200.408520050347,0
297190,65,16654,1.0074719190597534,9201.415991969407,0
297191,65,16655,1.0127577781677246,9202.428749747574,0
297192,65,16656,0.9958793520927429,9203.424629099667,0
297193,65,16657,0.9984963536262512,9204.423125453293,0
297194,65,16658,0.9987189769744873,9205.421844430268,0
297195,65,16659,0.9998195171356201,9206.421663947403,0
297196,65,16660,0.9979913234710693,9207.419655270875,0
297197,65,16661,0.9983088970184326,9208.417964167893,0
297198,65,16662,0.9950976371765137,9209.41306180507,0
297199,65,16663,1.0025489330291748,9210.415610738099,0
297200,65,16664,1.0092772245407104,9211.42488796264,0
297201,65,16665,0.9891749024391174,9212.414062865078,0
297202,65,16666,0.9936899542808533,9213.40775281936,0
297203,65,16667,0.997565507888794,9214.405318327248,0
297204,65,16668,0.9849962592124939,9215.39031458646,0
297205,65,16669,0.991253137588501,9216.38156772405,0
297206,65,16670,0.9874602556228638,9217.369027979672,0
297207,65,16671,0.9905677437782288,9218.35959572345,0
297208,65,16672,0.9891620874404907,9219.34875781089,0
297209,65,16673,0.9979408383369446,9220.346698649228,0
297210,65,16674,0.9905725121498108,9221.337271161377,0
297211,65,16675,0.991310179233551,9222.328581340611,0
297212,65,16676,0.9879196882247925,9223.316501028836,0
297213,65,16677,0.9882639646530151,9224.304764993489,0
297214,65,16678,0.988594651222229,9225.293359644711,0
297215,65,16679,0.9874079823493958,9226.28076762706,0
297216,65,16680,0.9885568618774414,9227.269324488938,0
297217,65,16681,0.9930115938186646,9228.262336082757,0
297218,65,16682,0.981889545917511,9229.244225628674,0
297219,65,16683,0.9868729114532471,9230.231098540127,0
297220,65,16684,0.9891834855079651,9231.220282025635,0
297221,65,16685,0.9742505550384521,9232.194532580674,0
297222,65,16686,0.9797470569610596,9233.174279637635,0
297223,65,16687,0.9717381596565247,9234.146017797291,0
297224,65,16688,0.9701501131057739,9235.116167910397,0
297225,65,16689,0.9761172533035278,9236.0922851637,0
297226,65,16690,0.9811150431632996,9237.073400206864,0
297227,65,16691,0.9633128046989441,9238.036713011563,0
297228,65,16692,0.9674209356307983,9239.004133947194,0
297229,65,16693,0.9611448645591736,9239.965278811753,0
297230,65,16694,0.9641875624656677,9240.929466374218,0
297231,65,16695,0.9698926210403442,9241.899358995259,0
297232,65,16696,0.9590665698051453,9242.858425565064,0
297233,65,16697,0.9620715379714966,9243.820497103035,0
297234,65,16698,0.9642165899276733,9244.784713692963,0
297235,65,16699,0.9681265950202942,9245.752840287983,0
297236,65,16700,0.9486131072044373,9246.701453395188,0
297237,65,16701,0.9513513445854187,9247.652804739773,0
297238,65,16702,0.9535256028175354,9248.60633034259,0
297239,65,16703,0.9391636252403259,9249.545493967831,0
297240,65,16704,0.9434866905212402,9250.488980658352,0
297241,65,16705,0.9366185069084167,9251.42559916526,0
297242,65,16706,0.9448270797729492,9252.370426245034,0
297243,65,16707,0.9367128610610962,9253.307139106095,0
297244,65,16708,0.9386537075042725,9254.2457928136,0
297245,65,16709,0.9347707033157349,9255.180563516915,0
297246,65,16710,0.9393462538719177,9256.119909770787,0
297247,65,16711,0.9453051090240479,9257.06521487981,0
297248,65,16712,0.9473187327384949,9258.01253361255,0
297249,65,16713,0.9268271327018738,9258.939360745251,0
297250,65,16714,0.9328075647354126,9259.872168309987,0
297251,65,16715,0.9262726306915283,9260.798440940678,0
297252,65,16716,0.9294552206993103,9261.727896161377,0
297253,65,16717,0.9345626831054688,9262.662458844483,0
297254,65,16718,0.9351295828819275,9263.597588427365,0
297255,65,16719,0.9157512187957764,9264.51333964616,0
297256,65,16720,0.9170567393302917,9265.43039638549,0
297257,65,16721,0.9213927984237671,9266.351789183915,0
297258,65,16722,0.9082860350608826,9267.260075218976,0
297259,65,16723,0.9103022217750549,9268.17037744075,0
297260,65,16724,0.9055069088935852,9269.075884349644,0
297261,65,16725,0.9133098721504211,9269.989194221795,0
297262,65,16726,0.9216873049736023,9270.910881526768,0
297263,65,16727,0.9219873547554016,9271.832868881524,0
297264,65,16728,0.9195209741592407,9272.752389855683,0
297265,65,16729,0.9001943469047546,9273.652584202588,0
297266,65,16730,0.9013350605964661,9274.553919263184,0
297267,65,16731,0.9113841652870178,9275.465303428471,0
297268,65,16732,0.9067671298980713,9276.37207055837,0
297269,65,16733,0.8920522332191467,9277.264122791588,0
297270,65,16734,0.8961625695228577,9278.160285361111,0
297271,65,16735,0.8833848834037781,9279.043670244515,0
297272,65,16736,0.8835031986236572,9279.927173443139,0
297273,65,16737,0.8781095147132874,9280.805282957852,0
297274,65,16738,0.8846712708473206,9281.6899542287,0
297275,65,16739,0.8744023442268372,9282.564356572926,0
297276,65,16740,0.8753296732902527,9283.439686246216,0
297277,65,16741,0.865959644317627,9284.305645890534,0
297278,65,16742,0.870966374874115,9285.176612265408,0
297279,65,16743,0.8761325478553772,9286.052744813263,0
297280,65,16744,0.8762257099151611,9286.928970523179,0
297281,65,16745,0.8733806610107422,9287.80235118419,0
297282,65,16746,0.8696105480194092,9288.671961732209,0
297283,65,16747,0.8487924933433533,9289.520754225552,0
297284,65,16748,0.8494919538497925,9290.370246179402,0
297285,65,16749,0.8593733310699463,9291.229619510472,0
297286,65,16750,0.8468902707099915,9292.076509781182,0
297287,65,16751,0.8483848571777344,9292.92489463836,0
297288,65,16752,0.8404963612556458,9293.765390999615,0
297289,65,16753,0.845525324344635,9294.61091632396,0
297290,65,16754,0.8361387848854065,9295.447055108845,0
297291,65,16755,0.8338875770568848,9296.280942685902,0
297292,65,16756,0.8395420908927917,9297.120484776795,0
297293,65,16757,0.8289013504981995,9297.949386127293,0
297294,65,16758,0.8336039781570435,9298.78299010545,0
297295,65,16759,0.8413118720054626,9299.624301977456,0
297296,65,16760,0.8231754302978516,9300.447477407753,0
297297,65,16761,0.8266162872314453,9301.274093694985,0
297298,65,16762,0.8177236914634705,9302.091817386448,0
297299,65,16763,0.8197168707847595,9302.911534257233,0
297300,65,16764,0.8121119737625122,9303.723646230996,0
297301,65,16765,0.8105015754699707,9304.534147806466,0
297302,65,16766,0.8039965629577637,9305.338144369423,0
297303,65,16767,0.7997685670852661,9306.137912936509,0
297304,65,16768,0.7932215332984924,9306.931134469807,0
297305,65,16769,0.7925751805305481,9307.723709650338,0
297306,65,16770,0.7982475757598877,9308.521957226098,0
297307,65,16771,0.8029894232749939,9309.324946649373,0
297308,65,16772,0.7835099101066589,9310.10845655948,0
297309,65,16773,0.7887856364250183,9310.897242195904,0
297310,65,16774,0.7933769226074219,9311.690619118512,0
297311,65,16775,0.7959276437759399,9312.486546762288,0
297312,65,16776,0.7784061431884766,9313.264952905476,0
297313,65,16777,0.7816349267959595,9314.046587832272,0
297314,65,16778,0.7905170321464539,9314.837104864419,0
297315,65,16779,0.7776633501052856,9315.614768214524,0
297316,65,16780,0.7774086594581604,9316.392176873982,0
297317,65,16781,0.7716799974441528,9317.163856871426,0
297318,65,16782,0.7724990248680115,9317.936355896294,0
297319,65,16783,0.7668328881263733,9318.70318878442,0
297320,65,16784,0.7697964310646057,9319.472985215485,0
297321,65,16785,0.7564194798469543,9320.229404695332,0
297322,65,16786,0.759063184261322,9320.988467879593,0
297323,65,16787,0.7654595971107483,9321.753927476704,0
297324,65,16788,0.747925877571106,9322.501853354275,0
297325,65,16789,0.7526945471763611,9323.254547901452,0
297326,65,16790,0.7470070719718933,9324.001554973423,0
297327,65,16791,0.7472183108329773,9324.748773284256,0
297328,65,16792,0.745695948600769,9325.494469232857,0
297329,65,16793,0.7486066222190857,9326.243075855076,0
297330,65,16794,0.7548064589500427,9326.997882314026,0
297331,65,16795,0.7571133971214294,9327.754995711148,0
297332,65,16796,0.7562488913536072,9328.511244602501,0
297333,65,16797,0.736566960811615,9329.247811563313,0
297334,65,16798,0.7428107857704163,9329.990622349083,0
297335,65,16799,0.7463644742965698,9330.73698682338,0
297336,65,16800,0.7324280738830566,9331.469414897263,0
297337,65,16801,0.7388415932655334,9332.208256490529,0
297338,65,16802,0.7429848909378052,9332.951241381466,0
297339,65,16803,0.7460127472877502,9333.697254128754,0
297340,65,16804,0.7297075986862183,9334.42696172744,0
297341,65,16805,0.7355409860610962,9335.162502713501,0
297342,65,16806,0.7408862113952637,9335.903388924897,0
297343,65,16807,0.7410669922828674,9336.64445591718,0
297344,65,16808,0.7236160039901733,9337.36807192117,0
297345,65,16809,0.7303197383880615,9338.098391659558,0
297346,65,16810,0.7251365184783936,9338.823528178036,0
297347,65,16811,0.7283647656440735,9339.55189294368,0
297348,65,16812,0.7247510552406311,9340.276643998921,0
297349,65,16813,0.7329042553901672,9341.009548254311,0
297350,65,16814,0.7244335412979126,9341.733981795609,0
297351,65,16815,0.7259970307350159,9342.459978826344,0
297352,65,16816,0.718745231628418,9343.178724057972,0
297353,65,16817,0.7239508628845215,9343.902674920857,0
297354,65,16818,0.7168596386909485,9344.619534559548,0
297355,65,16819,0.7173132300376892,9345.336847789586,0
297356,65,16820,0.7238686680793762,9346.060716457665,0
297357,65,16821,0.726563036441803,9346.787279494107,0
297358,65,16822,0.7115480303764343,9347.498827524483,0
297359,65,16823,0.7127270698547363,9348.211554594338,0
297360,65,16824,0.7197545766830444,9348.931309171021,0
297361,65,16825,0.7010478377342224,9349.632357008755,0
297362,65,16826,0.7055435180664062,9350.337900526822,0
297363,65,16827,0.6986096501350403,9351.036510176957,0
297364,65,16828,0.7056523561477661,9351.742162533104,0
297365,65,16829,0.7123113870620728,9352.454473920166,0
297366,65,16830,0.6954478025436401,9353.14992172271,0
297367,65,16831,0.6990764141082764,9353.848998136818,0
297368,65,16832,0.6900895237922668,9354.53908766061,0
297369,65,16833,0.6920589804649353,9355.231146641076,0
297370,65,16834,0.6988943219184875,9355.930040962994,0
297371,65,16835,0.70378178358078,9356.633822746575,0
297372,65,16836,0.6823568344116211,9357.316179580986,0
297373,65,16837,0.6839369535446167,9358.000116534531,0
297374,65,16838,0.6925508975982666,9358.69266743213,0
297375,65,16839,0.6778251528739929,9359.370492585003,0
297376,65,16840,0.6813620328903198,9360.051854617894,0
297377,65,16841,0.6866357326507568,9360.738490350544,0
297378,65,16842,0.6914556622505188,9361.429946012795,0
297379,65,16843,0.6897914409637451,9362.119737453759,0
297380,65,16844,0.6882737278938293,9362.808011181653,0
297381,65,16845,0.6863124370574951,9363.49432361871,0
297382,65,16846,0.6846850514411926,9364.179008670151,0
297383,65,16847,0.6836581230163574,9364.862666793168,0
297384,65,16848,0.6832492351531982,9365.54591602832,0
297385,65,16849,0.6834450364112854,9366.229361064732,0
297386,65,16850,0.684061586856842,9366.913422651589,0
297387,65,16851,0.6682905554771423,9367.581713207066,0
297388,65,16852,0.6743261814117432,9368.256039388478,0
297389,65,16853,0.6773130297660828,9368.933352418244,0
297390,65,16854,0.6786931157112122,9369.612045533955,0
297391,65,16855,0.6859226226806641,9370.297968156636,0
297392,65,16856,0.6943041682243347,9370.99227232486,0
297393,65,16857,0.6797521710395813,9371.6720244959,0
297394,65,16858,0.685164749622345,9372.357189245522,0
297395,65,16859,0.6834346055984497,9373.04062385112,0
297396,65,16860,0.6847237348556519,9373.725347585976,0
297397,65,16861,0.6812455654144287,9374.40659315139,0
297398,65,16862,0.6868113279342651,9375.093404479325,0
297399,65,16863,0.6785051226615906,9375.771909601986,0
297400,65,16864,0.6819016337394714,9376.453811235726,0
297401,65,16865,0.6760576963424683,9377.129868932068,0
297402,65,16866,0.6827343702316284,9377.8126033023,0
297403,65,16867,0.6912868618965149,9378.503890164196,0
297404,65,16868,0.6808925271034241,9379.1847826913,0
297405,65,16869,0.6869572401046753,9379.871739931405,0
297406,65,16870,0.6853303909301758,9380.557070322335,0
297407,65,16871,0.6878877878189087,9381.244958110154,0
297408,65,16872,0.6932819485664368,9381.93824005872,0
297409,65,16873,0.6874880790710449,9382.625728137791,0
297410,65,16874,0.6883118748664856,9383.314040012658,0
297411,65,16875,0.6967324614524841,9384.01077247411,0
297412,65,16876,0.6897637844085693,9384.700536258519,0
297413,65,16877,0.6905168890953064,9385.391053147614,0
297414,65,16878,0.6908140182495117,9386.081867165864,0
297415,65,16879,0.6982812285423279,9386.780148394406,0
297416,65,16880,0.6876271367073059,9387.467775531113,0
297417,65,16881,0.694304883480072,9388.162080414593,0
297418,65,16882,0.701531171798706,9388.863611586392,0
297419,65,16883,0.690100371837616,9389.55371195823,0
297420,65,16884,0.6972343921661377,9390.250946350396,0
297421,65,16885,0.6953091025352478,9390.946255452931,0
297422,65,16886,0.702799379825592,9391.649054832757,0
297423,65,16887,0.7118762135505676,9392.360931046307,0
297424,65,16888,0.698261022567749,9393.059192068875,0
297425,65,16889,0.7066624164581299,9393.765854485333,0
297426,65,16890,0.6995229125022888,9394.465377397835,0
297427,65,16891,0.7036187052726746,9395.168996103108,0
297428,65,16892,0.7015121579170227,9395.870508261025,0
297429,65,16893,0.7117596864700317,9396.582267947495,0
297430,65,16894,0.7065330147743225,9397.28880096227,0
297431,65,16895,0.7134035229682922,9398.002204485238,0
297432,65,16896,0.7081127166748047,9398.710317201912,0
297433,65,16897,0.7156696319580078,9399.42598683387,0
297434,65,16898,0.713199257850647,9400.139186091721,0
297435,65,16899,0.7205764651298523,9400.859762556851,0
297436,65,16900,0.7298494577407837,9401.589612014592,0
297437,65,16901,0.7355024218559265,9402.325114436448,0
297438,65,16902,0.7168389558792114,9403.041953392327,0
297439,65,16903,0.7197404503822327,9403.761693842709,0
297440,65,16904,0.7342671155929565,9404.495960958302,0
297441,65,16905,0.7410675883293152,9405.237028546631,0
297442,65,16906,0.7245749235153198,9405.961603470147,0
297443,65,16907,0.7321372628211975,9406.693740732968,0
297444,65,16908,0.7377462983131409,9407.431487031281,0
297445,65,16909,0.7267241477966309,9408.158211179078,0
297446,65,16910,0.7355328798294067,9408.893744058907,0
297447,65,16911,0.7478576898574829,9409.641601748765,0
297448,65,16912,0.7304155826568604,9410.372017331421,0
297449,65,16913,0.7315713763237,9411.103588707745,0
297450,65,16914,0.7298292517662048,9411.833417959511,0
297451,65,16915,0.7344546914100647,9412.567872650921,0
297452,65,16916,0.7392224073410034,9413.307095058262,0
297453,65,16917,0.7414392828941345,9414.048534341156,0
297454,65,16918,0.7243406772613525,9414.772875018418,0
297455,65,16919,0.7301800847053528,9415.503055103123,0
297456,65,16920,0.7449168562889099,9416.247971959412,0
297457,65,16921,0.7359979748725891,9416.983969934285,0
297458,65,16922,0.7419491410255432,9417.72591907531,0
297459,65,16923,0.7358959317207336,9418.461815007031,0
297460,65,16924,0.7406852841377258,9419.202500291169,0
297461,65,16925,0.750674307346344,9419.953174598515,0
297462,65,16926,0.7396554946899414,9420.692830093205,0
297463,65,16927,0.7435685396194458,9421.436398632824,0
297464,65,16928,0.7516652345657349,9422.18806386739,0
297465,65,16929,0.7566297650337219,9422.944693632424,0
297466,65,16930,0.7438132166862488,9423.68850684911,0
297467,65,16931,0.7495589256286621,9424.438065774739,0
297468,65,16932,0.7571815848350525,9425.195247359574,0
297469,65,16933,0.7632753849029541,9425.958522744477,0
297470,65,16934,0.7489434480667114,9426.707466192544,0
297471,65,16935,0.7564765214920044,9427.463942714036,0
297472,65,16936,0.7542400360107422,9428.218182750046,0
297473,65,16937,0.7635611295700073,9428.981743879616,0
297474,65,16938,0.7516780495643616,9429.73342192918,0
297475,65,16939,0.7551931142807007,9430.488615043461,0
297476,65,16940,0.7529166340827942,9431.241531677544,0
297477,65,16941,0.7530439496040344,9431.994575627148,0
297478,65,16942,0.7526228427886963,9432.747198469937,0
297479,65,16943,0.7607316374778748,9433.507930107415,0
297480,65,16944,0.7653688192367554,9434.273298926651,0
297481,65,16945,0.7696346640586853,9435.04293359071,0
297482,65,16946,0.7702816724777222,9435.813215263188,0
297483,65,16947,0.7706013917922974,9436.58381665498,0
297484,65,16948,0.7703092098236084,9437.354125864804,0
297485,65,16949,0.7538125514984131,9438.107938416302,0
297486,65,16950,0.7590059638023376,9438.866944380105,0
297487,65,16951,0.7743197083473206,9439.641264088452,0
297488,65,16952,0.7855100035667419,9440.426774092019,0
297489,65,16953,0.78764408826828,9441.214418180287,0
297490,65,16954,0.788162112236023,9442.002580292523,0
297491,65,16955,0.7708015441894531,9442.773381836712,0
297492,65,16956,0.7749502062797546,9443.548332042992,0
297493,65,16957,0.7732367515563965,9444.321568794549,0
297494,65,16958,0.7783032655715942,9445.09987206012,0
297495,65,16959,0.787873387336731,9445.887745447457,0
297496,65,16960,0.7940892577171326,9446.681834705174,0
297497,65,16961,0.7799773216247559,9447.461812026799,0
297498,65,16962,0.7878920435905457,9448.24970407039,0
297499,65,16963,0.7854124903678894,9449.035116560757,0
297500,65,16964,0.7901280522346497,9449.825244612992,0
297501,65,16965,0.7993857264518738,9450.624630339444,0
297502,65,16966,0.7948084473609924,9451.419438786805,0
297503,65,16967,0.8046226501464844,9452.224061436951,0
297504,65,16968,0.8165454864501953,9453.040606923401,0
297505,65,16969,0.8030562400817871,9453.843663163483,0
297506,65,16970,0.8098704814910889,9454.653533644974,0
297507,65,16971,0.8114664554595947,9455.465000100434,0
297508,65,16972,0.8155486583709717,9456.280548758805,0
297509,65,16973,0.8176299929618835,9457.098178751767,0
297510,65,16974,0.8202336430549622,9457.918412394822,0
297511,65,16975,0.8306689858436584,9458.749081380665,0
297512,65,16976,0.837596595287323,9459.586677975953,0
297513,65,16977,0.8241214752197266,9460.410799451172,0
297514,65,16978,0.829503059387207,9461.24030251056,0
297515,65,16979,0.8391438126564026,9462.079446323216,0
297516,65,16980,0.8272221088409424,9462.906668432057,0
297517,65,16981,0.8357794880867004,9463.742447920144,0
297518,65,16982,0.832650899887085,9464.57509882003,0
297519,65,16983,0.8421768546104431,9465.417275674641,0
297520,65,16984,0.8366459012031555,9466.253921575844,0
297521,65,16985,0.8414034247398376,9467.095325000584,0
297522,65,16986,0.851565957069397,9467.946890957654,0
297523,65,16987,0.838334321975708,9468.78522527963,0
297524,65,16988,0.846156120300293,9469.63138139993,0
297525,65,16989,0.8428882956504822,9470.47426969558,0
297526,65,16990,0.8474226593971252,9471.321692354977,0
297527,65,16991,0.8544247150421143,9472.17611707002,0
297528,65,16992,0.8617687225341797,9473.037885792553,0
297529,65,16993,0.8657547831535339,9473.903640575707,0
297530,65,16994,0.8500640392303467,9474.753704614937,0
297531,65,16995,0.8553400635719299,9475.60904467851,0
297532,65,16996,0.8565701842308044,9476.46561486274,0
297533,65,16997,0.8615864515304565,9477.32720131427,0
297534,65,16998,0.8733879327774048,9478.200589247048,0
297535,65,16999,0.8635067343711853,9479.064095981419,0
297536,65,17000,0.8673021197319031,9479.931398101151,0
297537,65,17001,0.8785991668701172,9480.809997268021,0
297538,65,17002,0.8678794503211975,9481.677876718342,0
297539,65,17003,0.875287652015686,9482.553164370358,0
297540,65,17004,0.8757545948028564,9483.42891896516,0
297541,65,17005,0.8797004818916321,9484.308619447052,0
297542,65,17006,0.8874331712722778,9485.196052618325,0
297543,65,17007,0.8953646421432495,9486.091417260468,0
297544,65,17008,0.8849990367889404,9486.976416297257,0
297545,65,17009,0.8940807580947876,9487.870497055352,0
297546,65,17010,0.8930573463439941,9488.763554401696,0
297547,65,17011,0.8993134498596191,9489.662867851555,0
297548,65,17012,0.9105803966522217,9490.573448248208,0
297549,65,17013,0.9197108745574951,9491.493159122765,0
297550,65,17014,0.9033697247505188,9492.396528847516,0
297551,65,17015,0.9137359857559204,9493.310264833272,0
297552,65,17016,0.9209253191947937,9494.231190152466,0
297553,65,17017,0.9282505512237549,9495.15944070369,0
297554,65,17018,0.9334542155265808,9496.092894919217,0
297555,65,17019,0.919847309589386,9497.012742228806,0
297556,65,17020,0.9306095242500305,9497.943351753056,0
297557,65,17021,0.927489161491394,9498.870840914547,0
297558,65,17022,0.9357108473777771,9499.806551761925,0
297559,65,17023,0.9377758502960205,9500.744327612221,0
297560,65,17024,0.9426535964012146,9501.686981208622,0
297561,65,17025,0.9528738856315613,9502.639855094254,0
297562,65,17026,0.9625521898269653,9503.602407284081,0
297563,65,17027,0.9500843286514282,9504.552491612732,0
297564,65,17028,0.9594120383262634,9505.511903651059,0
297565,65,17029,0.9664517641067505,9506.478355415165,0
297566,65,17030,0.9577458500862122,9507.436101265252,0
297567,65,17031,0.9659891724586487,9508.40209043771,0
297568,65,17032,0.9714206457138062,9509.373511083424,0
297569,65,17033,0.9633957743644714,9510.336906857789,0
297570,65,17034,0.9742870330810547,9511.31119389087,0
297571,65,17035,0.9875073432922363,9512.298701234162,0
297572,65,17036,0.9745317697525024,9513.273233003914,0
297573,65,17037,0.9790867567062378,9514.25231976062,0
297574,65,17038,0.9857655167579651,9515.238085277379,0
297575,65,17039,0.9948384165763855,9516.232923693955,0
297576,65,17040,0.9836610555648804,9517.21658474952,0
297577,65,17041,0.9918777942657471,9518.208462543786,0
297578,65,17042,1.0017067193984985,9519.210169263184,0
297579,65,17043,0.9895427227020264,9520.199711985886,0
297580,65,17044,0.998177707195282,9521.197889693081,0
297581,65,17045,0.9911717176437378,9522.189061410725,0
297582,65,17046,0.9935553073883057,9523.182616718113,0
297583,65,17047,0.9942512512207031,9524.176867969334,0
297584,65,17048,1.0059717893600464,9525.182839758694,0
297585,65,17049,1.0147271156311035,9526.197566874325,0
297586,65,17050,1.003532886505127,9527.20109976083,0
297587,65,17051,1.0072014331817627,9528.208301194012,0
297588,65,17052,1.0197510719299316,9529.228052265942,0
297589,65,17053,1.0082788467407227,9530.236331112683,0
297590,65,17054,1.0145201683044434,9531.250851280987,0
297591,65,17055,1.0149785280227661,9532.26582980901,0
297592,65,17056,1.019343376159668,9533.28517318517,0
297593,65,17057,1.0213652849197388,9534.30653847009,0
297594,65,17058,1.0193278789520264,9535.325866349041,0
297595,65,17059,1.0189895629882812,9536.34485591203,0
297596,65,17060,1.029152512550354,9537.37400842458,0
297597,65,17061,1.0385792255401611,9538.41258765012,0
297598,65,17062,1.0444589853286743,9539.457046635449,0
297599,65,17063,1.0269923210144043,9540.484038956463,0
297600,65,17064,1.035197377204895,9541.519236333668,0
297601,65,17065,1.0407439470291138,9542.559980280697,0
297602,65,17066,1.045698881149292,9543.605679161847,0
297603,65,17067,1.0309486389160156,9544.636627800763,0
297604,65,17068,1.0412429571151733,9545.677870757878,0
297605,65,17069,1.0398837327957153,9546.717754490674,0
297606,65,17070,1.0461084842681885,9547.763862974942,0
297607,65,17071,1.0506116151809692,9548.814474590123,0
297608,65,17072,1.043115496635437,9549.857590086758,0
297609,65,17073,1.0529483556747437,9550.910538442433,0
297610,65,17074,1.06563138961792,9551.97616983205,0
297611,65,17075,1.072060227394104,9553.048230059445,0
297612,65,17076,1.0578049421310425,9554.106035001576,0
297613,65,17077,1.0638501644134521,9555.16988516599,0
297614,65,17078,1.06379234790802,9556.233677513897,0
297615,65,17079,1.0673024654388428,9557.300979979336,0
297616,65,17080,1.0646177530288696,9558.365597732365,0
297617,65,17081,1.0716205835342407,9559.4372183159,0
297618,65,17082,1.0659276247024536,9560.503145940602,0
297619,65,17083,1.0727981328964233,9561.575944073498,0
297620,65,17084,1.084851622581482,9562.66079569608,0
297621,65,17085,1.0901048183441162,9563.750900514424,0
297622,65,17086,1.0884120464324951,9564.839312560856,0
297623,65,17087,1.0686196088790894,9565.907932169735,0
297624,65,17088,1.0742357969284058,9566.982167966664,0
297625,65,17089,1.066704273223877,9568.048872239888,0
297626,65,17090,1.0673084259033203,9569.116180665791,0
297627,65,17091,1.07192862033844,9570.18810928613,0
297628,65,17092,1.0589112043380737,9571.247020490468,0
297629,65,17093,1.066268801689148,9572.313289292157,0
297630,65,17094,1.0775328874588013,9573.390822179615,0
297631,65,17095,1.0594916343688965,9574.450313813984,0
297632,65,17096,1.061057686805725,9575.51137150079,0
297633,65,17097,1.067584753036499,9576.578956253827,0
297634,65,17098,1.0708383321762085,9577.649794586003,0
297635,65,17099,1.0519477128982544,9578.701742298901,0
297636,65,17100,1.0573704242706299,9579.759112723172,0
297637,65,17101,1.0500447750091553,9580.80915749818,0
297638,65,17102,1.0515305995941162,9581.860688097775,0
297639,65,17103,1.0442546606063843,9582.904942758381,0
297640,65,17104,1.0459356307983398,9583.95087838918,0
297641,65,17105,1.0404170751571655,9584.991295464337,0
297642,65,17106,1.0417646169662476,9586.033060081303,0
297643,65,17107,1.0392889976501465,9587.072349078953,0
297644,65,17108,1.0449490547180176,9588.117298133671,0
297645,65,17109,1.0478414297103882,9589.165139563382,0
297646,65,17110,1.033701777458191,9590.19884134084,0
297647,65,17111,1.0387852191925049,9591.237626560032,0
297648,65,17112,1.0312864780426025,9592.268913038075,0
297649,65,17113,1.0353702306747437,9593.30428326875,0
297650,65,17114,1.0434125661849976,9594.347695834935,0
297651,65,17115,1.0491468906402588,9595.396842725575,0
297652,65,17116,1.028172254562378,9596.425014980137,0
297653,65,17117,1.0354876518249512,9597.460502631962,0
297654,65,17118,1.027814269065857,9598.488316901028,0
297655,65,17119,1.0304967164993286,9599.518813617527,0
297656,65,17120,1.0378546714782715,9600.556668289006,0
297657,65,17121,1.0232062339782715,9601.579874522984,0
297658,65,17122,1.029039740562439,9602.608914263546,0
297659,65,17123,1.036431074142456,9603.645345337689,0
297660,65,17124,1.0413213968276978,9604.686666734517,0
297661,65,17125,1.040993332862854,9605.72766006738,0
297662,65,17126,1.0392405986785889,9606.766900666058,0
297663,65,17127,1.0364652872085571,9607.803365953267,0
297664,65,17128,1.0329267978668213,9608.836292751133,0
297665,65,17129,1.0124906301498413,9609.848783381283,0
297666,65,17130,1.0111147165298462,9610.859898097813,0
297667,65,17131,1.011776089668274,9611.871674187481,0
297668,65,17132,1.009987711906433,9612.881661899388,0
297669,65,17133,1.0160466432571411,9613.897708542645,0
297670,65,17134,1.020713448524475,9614.91842199117,0
297671,65,17135,1.0165644884109497,9615.93498647958,0
297672,65,17136,1.0136768817901611,9616.94866336137,0
297673,65,17137,1.0029107332229614,9617.951574094594,0
297674,65,17138,1.0057156085968018,9618.95728970319,0
297675,65,17139,1.0097427368164062,9619.967032440007,0
297676,65,17140,1.007200837135315,9620.974233277142,0
297677,65,17141,0.9984899759292603,9621.972723253071,0
297678,65,17142,1.003661870956421,9622.976385124028,0
297679,65,17143,1.0020041465759277,9623.978389270604,0
297680,65,17144,0.9989139437675476,9624.977303214371,0
297681,65,17145,0.9989198446273804,9625.976223058999,0
297682,65,17146,0.9945765733718872,9626.97079963237,0
297683,65,17147,0.9931626319885254,9627.963962264359,0
297684,65,17148,0.996726930141449,9628.9606891945,0
297685,65,17149,0.9868481755256653,9629.947537370026,0
297686,65,17150,0.9914923906326294,9630.939029760659,0
297687,65,17151,0.982649564743042,9631.921679325402,0
297688,65,17152,0.9830188751220703,9632.904698200524,0
297689,65,17153,0.9902417063713074,9633.894939906895,0
297690,65,17154,0.9723930954933167,9634.867333002388,0
297691,65,17155,0.9740912914276123,9635.841424293816,0
297692,65,17156,0.967572808265686,9636.808997102082,0
297693,65,17157,0.9706764817237854,9637.779673583806,0
297694,65,17158,0.963391900062561,9638.743065483868,0
297695,65,17159,0.9649990797042847,9639.708064563572,0
297696,65,17160,0.95560222864151,9640.663666792214,0
297697,65,17161,0.9564172625541687,9641.620084054768,0
297698,65,17162,0.9621917605400085,9642.582275815308,0
297699,65,17163,0.9664696455001831,9643.548745460808,0
297700,65,17164,0.9664055109024048,9644.51515097171,0
297701,65,17165,0.9663429260253906,9645.481493897736,0
297702,65,17166,0.9646733999252319,9646.446167297661,0
297703,65,17167,0.9473599195480347,9647.39352721721,0
297704,65,17168,0.9510679841041565,9648.344595201313,0
297705,65,17169,0.9505228400230408,9649.295118041337,0
297706,65,17170,0.9544674158096313,9650.249585457146,0
297707,65,17171,0.9483724236488342,9651.197957880795,0
297708,65,17172,0.9579691290855408,9652.15592700988,0
297709,65,17173,0.964276134967804,9653.120203144848,0
297710,65,17174,0.9444324970245361,9654.064635641873,0
297711,65,17175,0.946674108505249,9655.011309750378,0
297712,65,17176,0.955744206905365,9655.967053957283,0
297713,65,17177,0.9431580901145935,9656.910212047398,0
297714,65,17178,0.9465118646621704,9657.85672391206,0
297715,65,17179,0.9514073133468628,9658.808131225407,0
297716,65,17180,0.9551966786384583,9659.763327904046,0
297717,65,17181,0.9551988244056702,9660.718526728451,0
297718,65,17182,0.9565106630325317,9661.675037391484,0
297719,65,17183,0.9389212727546692,9662.613958664238,0
297720,65,17184,0.9456603527069092,9663.559619016945,0
297721,65,17185,0.9401743412017822,9664.499793358147,0
297722,65,17186,0.9400253295898438,9665.439818687737,0
297723,65,17187,0.9388138055801392,9666.378632493317,0
297724,65,17188,0.9495843648910522,9667.328216858208,0
297725,65,17189,0.9348166584968567,9668.263033516705,0
297726,65,17190,0.9364514946937561,9669.199485011399,0
297727,65,17191,0.9443884491920471,9670.14387346059,0
297728,65,17192,0.9299014210700989,9671.073774881661,0
297729,65,17193,0.9370273351669312,9672.010802216828,0
297730,65,17194,0.9297017455101013,9672.940503962338,0
297731,65,17195,0.9338326454162598,9673.874336607754,0
297732,65,17196,0.9298046827316284,9674.804141290486,0
297733,65,17197,0.9339831471443176,9675.73812443763,0
297734,65,17198,0.9422532916069031,9676.680377729237,0
297735,65,17199,0.943035364151001,9677.623413093388,0
297736,65,17200,0.9413710832595825,9678.564784176648,0
297737,65,17201,0.9390496015548706,9679.503833778203,0
297738,65,17202,0.9358656406402588,9680.439699418843,0
297739,65,17203,0.916271984577179,9681.35597140342,0
297740,65,17204,0.9169822931289673,9682.272953696549,0
297741,65,17205,0.916732668876648,9683.189686365426,0
297742,65,17206,0.9130216240882874,9684.102707989514,0
297743,65,17207,0.9104444980621338,9685.013152487576,0
297744,65,17208,0.909747302532196,9685.922899790108,0
297745,65,17209,0.9103169441223145,9686.83321673423,0
297746,65,17210,0.9190294742584229,9687.752246208489,0
297747,65,17211,0.9069437980651855,9688.659190006554,0
297748,65,17212,0.9078249931335449,9689.567014999688,0
297749,65,17213,0.9050057530403137,9690.472020752728,0
297750,65,17214,0.9055326581001282,9691.377553410828,0
297751,65,17215,0.9028826355934143,9692.280436046422,0
297752,65,17216,0.9084455966949463,9693.188881643116,0
297753,65,17217,0.8974950909614563,9694.086376734078,0
297754,65,17218,0.8991624712944031,9694.985539205372,0
297755,65,17219,0.9031013250350952,9695.888640530407,0
297756,65,17220,0.8894127607345581,9696.778053291142,0
297757,65,17221,0.892771303653717,9697.670824594796,0
297758,65,17222,0.8946546912193298,9698.565479286015,0
297759,65,17223,0.8839413523674011,9699.449420638382,0
297760,65,17224,0.8829770088195801,9700.332397647202,0
297761,65,17225,0.8847460746765137,9701.217143721879,0
297762,65,17226,0.8723299503326416,9702.089473672211,0
297763,65,17227,0.8748190999031067,9702.964292772114,0
297764,65,17228,0.8797796964645386,9703.844072468579,0
297765,65,17229,0.8843764066696167,9704.728448875248,0
297766,65,17230,0.8871356844902039,9705.615584559739,0
297767,65,17231,0.8707365989685059,9706.486321158707,0
297768,65,17232,0.8731920123100281,9707.359513171017,0
297769,65,17233,0.877697765827179,9708.237210936844,0
297770,65,17234,0.865715503692627,9709.102926440537,0
297771,65,17235,0.8673607110977173,9709.970287151635,0
297772,65,17236,0.8687662482261658,9710.83905339986,0
297773,65,17237,0.8571146130561829,9711.696168012917,0
297774,65,17238,0.8624734282493591,9712.558641441166,0
297775,65,17239,0.8515215516090393,9713.410162992775,0
297776,65,17240,0.8539310693740845,9714.26409406215,0
297777,65,17241,0.8471291661262512,9715.111223228276,0
297778,65,17242,0.8518127799034119,9715.96303600818,0
297779,65,17243,0.8584398627281189,9716.821475870907,0
297780,65,17244,0.8604983687400818,9717.681974239647,0
297781,65,17245,0.8403444886207581,9718.522318728268,0
297782,65,17246,0.8447863459587097,9719.367105074227,0
297783,65,17247,0.8392568230628967,9720.20636189729,0
297784,65,17248,0.8426697254180908,9721.049031622708,0
297785,65,17249,0.8484259247779846,9721.897457547486,0
297786,65,17250,0.8336825370788574,9722.731140084565,0
297787,65,17251,0.8380114436149597,9723.56915152818,0
297788,65,17252,0.82975834608078,9724.39890987426,0
297789,65,17253,0.8308111429214478,9725.229721017182,0
297790,65,17254,0.8266786336898804,9726.056399650872,0
297791,65,17255,0.8282594084739685,9726.884659059346,0
297792,65,17256,0.8342721462249756,9727.71893120557,0
297793,65,17257,0.8401250839233398,9728.559056289494,0
297794,65,17258,0.8397168517112732,9729.398773141205,0
297795,65,17259,0.8186753988265991,9730.217448540032,0
297796,65,17260,0.8262594938278198,9731.04370803386,0
297797,65,17261,0.8165579438209534,9731.86026597768,0
297798,65,17262,0.8208935260772705,9732.681159503758,0
297799,65,17263,0.8274973630905151,9733.508656866848,0
297800,65,17264,0.8319094181060791,9734.340566284955,0
297801,65,17265,0.8146316409111023,9735.155197925866,0
297802,65,17266,0.8212379813194275,9735.976435907185,0
297803,65,17267,0.8258457779884338,9736.802281685174,0
297804,65,17268,0.8290738463401794,9737.631355531514,0
297805,65,17269,0.8110555410385132,9738.442411072552,0
297806,65,17270,0.8133643865585327,9739.25577545911,0
297807,65,17271,0.8108071088790894,9740.06658256799,0
297808,65,17272,0.8124099969863892,9740.878992564976,0
297809,65,17273,0.8155884742736816,9741.69458103925,0
297810,65,17274,0.8176289200782776,9742.512209959328,0
297811,65,17275,0.816648006439209,9743.328857965767,0
297812,65,17276,0.8135408759117126,9744.14239884168,0
297813,65,17277,0.8094252943992615,9744.951824136078,0
297814,65,17278,0.8049957752227783,9745.756819911301,0
297815,65,17279,0.8007065057754517,9746.557526417077,0
297816,65,17280,0.7800493240356445,9747.337575741112,0
297817,65,17281,0.7869219183921814,9748.124497659504,0
297818,65,17282,0.7780534625053406,9748.90255112201,0
297819,65,17283,0.7852640151977539,9749.687815137208,0
297820,65,17284,0.7879236340522766,9750.47573877126,0
297821,65,17285,0.770488977432251,9751.246227748692,0
297822,65,17286,0.7728807330131531,9752.019108481705,0
297823,65,17287,0.7722654938697815,9752.791373975575,0
297824,65,17288,0.7739475965499878,9753.565321572125,0
297825,65,17289,0.7564317584037781,9754.321753330529,0
297826,65,17290,0.7592666745185852,9755.081020005047,0
297827,65,17291,0.7518830895423889,9755.83290309459,0
297828,65,17292,0.7483546137809753,9756.58125770837,0
297829,65,17293,0.7450324892997742,9757.32629019767,0
297830,65,17294,0.7408074736595154,9758.06709767133,0
297831,65,17295,0.7440168857574463,9758.811114557087,0
297832,65,17296,0.7482884526252747,9759.559403009713,0
297833,65,17297,0.7326849699020386,9760.292087979615,0
297834,65,17298,0.7350770831108093,9761.027165062726,0
297835,65,17299,0.7369391918182373,9761.764104254544,0
297836,65,17300,0.7382320761680603,9762.502336330712,0
297837,65,17301,0.7356663942337036,9763.238002724946,0
297838,65,17302,0.7346840500831604,9763.972686775029,0
297839,65,17303,0.716704785823822,9764.689391560853,0
297840,65,17304,0.7212298512458801,9765.410621412098,0
297841,65,17305,0.725145161151886,9766.13576657325,0
297842,65,17306,0.7275661826133728,9766.863332755864,0
297843,65,17307,0.7133366465568542,9767.57666940242,0
297844,65,17308,0.7151120901107788,9768.291781492531,0
297845,65,17309,0.7098878026008606,9769.001669295132,0
297846,65,17310,0.7093436121940613,9769.711012907326,0
297847,65,17311,0.7095689177513123,9770.420581825078,0
297848,65,17312,0.717913806438446,9771.138495631516,0
297849,65,17313,0.7018057703971863,9771.840301401913,0
297850,65,17314,0.7022963166236877,9772.542597718537,0
297851,65,17315,0.6951037645339966,9773.23770148307,0
297852,65,17316,0.6974492073059082,9773.935150690377,0
297853,65,17317,0.6887176036834717,9774.62386829406,0
297854,65,17318,0.6939853429794312,9775.31785363704,0
297855,65,17319,0.6967936158180237,9776.014647252858,0
297856,65,17320,0.6819962859153748,9776.696643538773,0
297857,65,17321,0.6867055296897888,9777.383349068463,0
297858,65,17322,0.6976101994514465,9778.080959267914,0
297859,65,17323,0.7027386426925659,9778.783697910607,0
297860,65,17324,0.6990941762924194,9779.4827920869,0
297861,65,17325,0.6801540851593018,9780.162946172059,0
297862,65,17326,0.6797317266464233,9780.842677898705,0
297863,65,17327,0.679257869720459,9781.521935768425,0
297864,65,17328,0.6846534013748169,9782.2065891698,0
297865,65,17329,0.6723499298095703,9782.87893909961,0
297866,65,17330,0.673551082611084,9783.552490182221,0
297867,65,17331,0.6803685426712036,9784.232858724892,0
297868,65,17332,0.6670267581939697,9784.899885483086,0
297869,65,17333,0.6691794991493225,9785.569064982235,0
297870,65,17334,0.6733921766281128,9786.242457158864,0
297871,65,17335,0.677660346031189,9786.920117504895,0
297872,65,17336,0.6769995093345642,9787.59711701423,0
297873,65,17337,0.6749565601348877,9788.272073574364,0
297874,65,17338,0.6719473004341125,9788.944020874798,0
297875,65,17339,0.651910662651062,9789.59593153745,0
297876,65,17340,0.6611415147781372,9790.257073052227,0
297877,65,17341,0.6641458868980408,9790.921218939126,0
297878,65,17342,0.6515822410583496,9791.572801180184,0
297879,65,17343,0.6546820998191833,9792.227483280003,0
297880,65,17344,0.661223292350769,9792.888706572354,0
297881,65,17345,0.6656678318977356,9793.554374404252,0
297882,65,17346,0.666454017162323,9794.220828421414,0
297883,65,17347,0.6469564437866211,9794.8677848652,0
297884,65,17348,0.653083324432373,9795.520868189633,0
297885,65,17349,0.645298182964325,9796.166166372597,0
297886,65,17350,0.6495187282562256,9796.815685100853,0
297887,65,17351,0.6550886631011963,9797.470773763955,0
297888,65,17352,0.6587235927581787,9798.129497356713,0
297889,65,17353,0.6548442244529724,9798.784341581166,0
297890,65,17354,0.6522461771965027,9799.436587758362,0
297891,65,17355,0.6511489748954773,9800.087736733258,0
297892,65,17356,0.6372340321540833,9800.724970765412,0
297893,65,17357,0.6460230350494385,9801.370993800461,0
297894,65,17358,0.6391538381576538,9802.010147638619,0
297895,65,17359,0.6444347500801086,9802.654582388699,0
297896,65,17360,0.6331894397735596,9803.287771828473,0
297897,65,17361,0.6336268782615662,9803.921398706734,0
297898,65,17362,0.6368297934532166,9804.558228500187,0
297899,65,17363,0.6319032907485962,9805.190131790936,0
297900,65,17364,0.6326355934143066,9805.82276738435,0
297901,65,17365,0.6242261528968811,9806.446993537247,0
297902,65,17366,0.6176040768623352,9807.06459761411,0
297903,65,17367,0.6148245930671692,9807.679422207177,0
297904,65,17368,0.6220049262046814,9808.301427133381,0
297905,65,17369,0.6199886202812195,9808.921415753663,0
297906,65,17370,0.6205462217330933,9809.541961975396,0
297907,65,17371,0.614592969417572,9810.156554944813,0
297908,65,17372,0.612461507320404,9810.769016452134,0
297909,65,17373,0.6110329627990723,9811.380049414933,0
297910,65,17374,0.6126998662948608,9811.992749281228,0
297911,65,17375,0.6031711101531982,9812.59592039138,0
297912,65,17376,0.6046231389045715,9813.200543530285,0
297913,65,17377,0.6085423231124878,9813.809085853398,0
297914,65,17378,0.5938290953636169,9814.402914948761,0
297915,65,17379,0.5977932810783386,9815.00070822984,0
297916,65,17380,0.5938624143600464,9815.5945706442,0
297917,65,17381,0.5967123508453369,9816.191282995045,0
297918,65,17382,0.5875674486160278,9816.778850443661,0
297919,65,17383,0.5880918502807617,9817.366942293942,0
297920,65,17384,0.5826213955879211,9817.94956368953,0
297921,65,17385,0.5880556106567383,9818.537619300187,0
297922,65,17386,0.5920222401618958,9819.129641540349,0
297923,65,17387,0.5854526162147522,9819.715094156563,0
297924,65,17388,0.5824211239814758,9820.297515280545,0
297925,65,17389,0.5819198489189148,9820.879435129464,0
297926,65,17390,0.5738828778266907,9821.45331800729,0
297927,65,17391,0.581969141960144,9822.03528714925,0
297928,65,17392,0.5802980661392212,9822.61558521539,0
297929,65,17393,0.5737825036048889,9823.189367718995,0
297930,65,17394,0.5698394179344177,9823.759207136929,0
297931,65,17395,0.5745419859886169,9824.333749122918,0
297932,65,17396,0.5696361064910889,9824.903385229409,0
297933,65,17397,0.565210223197937,9825.468595452607,0
297934,65,17398,0.5608678460121155,9826.029463298619,0
297935,65,17399,0.5653495192527771,9826.594812817872,0
297936,65,17400,0.5643269419670105,9827.159139759839,0
297937,65,17401,0.5546995401382446,9827.713839299977,0
297938,65,17402,0.5596118569374084,9828.273451156914,0
297939,65,17403,0.5533672571182251,9828.826818414032,0
297940,65,17404,0.5543107390403748,9829.381129153073,0
297941,65,17405,0.5577810406684875,9829.938910193741,0
297942,65,17406,0.5452677011489868,9830.48417789489,0
297943,65,17407,0.544282078742981,9831.028459973633,0
297944,65,17408,0.542158842086792,9831.57061881572,0
297945,65,17409,0.5422586798667908,9832.112877495587,0
297946,65,17410,0.547451913356781,9832.660329408944,0
297947,65,17411,0.5372571349143982,9833.197586543858,0
297948,65,17412,0.5396526455879211,9833.737239189446,0
297949,65,17413,0.5451235175132751,9834.28236270696,0
297950,65,17414,0.5328893661499023,9834.81525207311,0
297951,65,17415,0.5356598496437073,9835.350911922753,0
297952,65,17416,0.5335899591445923,9835.884501881897,0
297953,65,17417,0.5401735901832581,9836.42467547208,0
297954,65,17418,0.5288529396057129,9836.953528411686,0
297955,65,17419,0.533689558506012,9837.487217970192,0
297956,65,17420,0.5236064791679382,9838.01082444936,0
297957,65,17421,0.5250228047370911,9838.535847254097,0
297958,65,17422,0.5173162221908569,9839.053163476288,0
297959,65,17423,0.5202966332435608,9839.573460109532,0
297960,65,17424,0.5289902687072754,9840.10245037824,0
297961,65,17425,0.5125309824943542,9840.614981360734,0
297962,65,17426,0.5188002586364746,9841.13378161937,0
297963,65,17427,0.5220878720283508,9841.655869491398,0
297964,65,17428,0.5258808135986328,9842.181750304997,0
297965,65,17429,0.5261150598526001,9842.70786536485,0
297966,65,17430,0.5061245560646057,9843.213989920914,0
297967,65,17431,0.5083728432655334,9843.72236276418,0
297968,65,17432,0.5199028849601746,9844.24226564914,0
297969,65,17433,0.5039852857589722,9844.746250934899,0
297970,65,17434,0.5070682764053345,9845.253319211304,0
297971,65,17435,0.5032986998558044,9845.75661791116,0
297972,65,17436,0.5003358721733093,9846.256953783333,0
297973,65,17437,0.4959537982940674,9846.752907581627,0
297974,65,17438,0.5045923590660095,9847.257499940693,0
297975,65,17439,0.5078098773956299,9847.765309818089,0
297976,65,17440,0.48921748995780945,9848.254527308047,0
297977,65,17441,0.49117788672447205,9848.745705194771,0
297978,65,17442,0.4905429184436798,9849.236248113215,0
297979,65,17443,0.49658262729644775,9849.732830740511,0
297980,65,17444,0.48295944929122925,9850.215790189803,0
297981,65,17445,0.4833728075027466,9850.699162997305,0
297982,65,17446,0.4891320466995239,9851.188295044005,0
297983,65,17447,0.4935756325721741,9851.681870676577,0
297984,65,17448,0.49477389454841614,9852.176644571126,0
297985,65,17449,0.4750053882598877,9852.651649959385,0
297986,65,17450,0.48306459188461304,9853.13471455127,0
297987,65,17451,0.4738323390483856,9853.608546890318,0
297988,65,17452,0.48006147146224976,9854.08860836178,0
297989,65,17453,0.4878637492656708,9854.576472111046,0
297990,65,17454,0.4824990928173065,9855.058971203864,0
297991,65,17455,0.47875288128852844,9855.537724085152,0
297992,65,17456,0.4771879017353058,9856.014911986887,0
297993,65,17457,0.47678008675575256,9856.491692073643,0
297994,65,17458,0.47659075260162354,9856.968282826245,0
297995,65,17459,0.4766378700733185,9857.444920696318,0
297996,65,17460,0.47012951970100403,9857.91505021602,0
297997,65,17461,0.47389599680900574,9858.388946212828,0
297998,65,17462,0.47225847840309143,9858.861204691231,0
297999,65,17463,0.4752880036830902,9859.336492694914,0
298000,65,17464,0.4734854996204376,9859.809978194535,0
298001,65,17465,0.4783279597759247,9860.28830615431,0
298002,65,17466,0.46866896748542786,9860.756975121796,0
298003,65,17467,0.4673433005809784,9861.224318422377,0
298004,65,17468,0.46545910835266113,9861.68977753073,0
298005,65,17469,0.4659011662006378,9862.15567869693,0
298006,65,17470,0.4720819890499115,9862.62776068598,0
298007,65,17471,0.47329989075660706,9863.101060576737,0
298008,65,17472,0.46188363432884216,9863.562944211066,0
298009,65,17473,0.4641987085342407,9864.0271429196,0
298010,65,17474,0.46744006872177124,9864.494582988322,0
298011,65,17475,0.47079625725746155,9864.96537924558,0
298012,65,17476,0.47180941700935364,9865.437188662589,0
298013,65,17477,0.4701403081417084,9865.90732897073,0
298014,65,17478,0.4708925485610962,9866.378221519291,0
298015,65,17479,0.4562169313430786,9866.834438450634,0
298016,65,17480,0.46086785197257996,9867.295306302607,0
298017,65,17481,0.45736026763916016,9867.752666570246,0
298018,65,17482,0.45755234360694885,9868.210218913853,0
298019,65,17483,0.4536697566509247,9868.663888670504,0
298020,65,17484,0.4587918221950531,9869.1226804927,0
298021,65,17485,0.4685056507587433,9869.591186143458,0
298022,65,17486,0.46856796741485596,9870.059754110873,0
298023,65,17487,0.4526076912879944,9870.51236180216,0
298024,65,17488,0.45224136114120483,9870.964603163302,0
298025,65,17489,0.4635795056819916,9871.428182668984,0
298026,65,17490,0.46551212668418884,9871.893694795668,0
298027,65,17491,0.46266570687294006,9872.356360502541,0
298028,65,17492,0.4634075462818146,9872.819768048823,0
298029,65,17493,0.4647788107395172,9873.284546859562,0
298030,65,17494,0.4491504430770874,9873.73369730264,0
298031,65,17495,0.452490895986557,9874.186188198626,0
298032,65,17496,0.4638478755950928,9874.650036074221,0
298033,65,17497,0.45181575417518616,9875.101851828396,0
298034,65,17498,0.4506077468395233,9875.552459575236,0
298035,65,17499,0.44648951292037964,9875.998949088156,0
298036,65,17500,0.4451484680175781,9876.444097556174,0
298037,65,17501,0.44567230343818665,9876.889769859612,0
298038,65,17502,0.4449647068977356,9877.33473456651,0
298039,65,17503,0.44504332542419434,9877.779777891934,0
298040,65,17504,0.442585825920105,9878.222363717854,0
298041,65,17505,0.4495278596878052,9878.671891577542,0
298042,65,17506,0.4431203007698059,9879.115011878312,0
298043,65,17507,0.447383314371109,9879.562395192683,0
298044,65,17508,0.4403342604637146,9880.002729453146,0
298045,65,17509,0.4456019699573517,9880.448331423104,0
298046,65,17510,0.4539775848388672,9880.902309007943,0
298047,65,17511,0.4572093188762665,9881.359518326819,0
298048,65,17512,0.4587469696998596,9881.818265296519,0
298049,65,17513,0.4403379261493683,9882.258603222668,0
298050,65,17514,0.44407516717910767,9882.702678389847,0
298051,65,17515,0.45888638496398926,9883.161564774811,0
298052,65,17516,0.45811963081359863,9883.619684405625,0
298053,65,17517,0.4448523223400116,9884.064536727965,0
298054,65,17518,0.4529799222946167,9884.51751665026,0
298055,65,17519,0.45986324548721313,9884.977379895747,0
298056,65,17520,0.44656437635421753,9885.423944272101,0
298057,65,17521,0.4544549286365509,9885.878399200737,0
298058,65,17522,0.4585258662700653,9886.336925067008,0
298059,65,17523,0.4614088833332062,9886.79833395034,0
298060,65,17524,0.4456436336040497,9887.243977583945,0
298061,65,17525,0.4529493451118469,9887.696926929057,0
298062,65,17526,0.4453987181186676,9888.142325647175,0
298063,65,17527,0.4518882632255554,9888.5942139104,0
298064,65,17528,0.46071696281433105,9889.054930873215,0
298065,65,17529,0.4608587920665741,9889.515789665282,0
298066,65,17530,0.46036332845687866,9889.976152993739,0
298067,65,17531,0.46028706431388855,9890.436440058053,0
298068,65,17532,0.4611679017543793,9890.897607959807,0
298069,65,17533,0.46242594718933105,9891.360033906996,0
298070,65,17534,0.4638974666595459,9891.823931373656,0
298071,65,17535,0.45256564021110535,9892.276497013867,0
298072,65,17536,0.4580689072608948,9892.734565921128,0
298073,65,17537,0.4640401303768158,9893.198606051505,0
298074,65,17538,0.4546639621257782,9893.65327001363,0
298075,65,17539,0.4682690501213074,9894.121539063752,0
298076,65,17540,0.4717366695404053,9894.593275733292,0
298077,65,17541,0.4712446928024292,9895.064520426095,0
298078,65,17542,0.47604256868362427,9895.540562994778,0
298079,65,17543,0.47346383333206177,9896.01402682811,0
298080,65,17544,0.47685298323631287,9896.490879811347,0
298081,65,17545,0.4705103635787964,9896.961390174925,0
298082,65,17546,0.46805596351623535,9897.429446138442,0
298083,65,17547,0.4679090082645416,9897.897355146706,0
298084,65,17548,0.4695298969745636,9898.36688504368,0
298085,65,17549,0.4717932641506195,9898.838678307831,0
298086,65,17550,0.4741237759590149,9899.31280208379,0
298087,65,17551,0.475944846868515,9899.788746930659,0
298088,65,17552,0.4773696959018707,9900.26611662656,0
298089,65,17553,0.4783875048160553,9900.744504131377,0
298090,65,17554,0.48046258091926575,9901.224966712296,0
298091,65,17555,0.48525840044021606,9901.710225112736,0
298092,65,17556,0.47686073184013367,9902.187085844576,0
298093,65,17557,0.46620744466781616,9902.653293289244,0
298094,65,17558,0.46333619952201843,9903.116629488766,0
298095,65,17559,0.46373680233955383,9903.580366291106,0
298096,65,17560,0.4655836224555969,9904.045949913561,0
298097,65,17561,0.46813493967056274,9904.514084853232,0
298098,65,17562,0.47038519382476807,9904.984470047057,0
298099,65,17563,0.47264227271080017,9905.457112319767,0
298100,65,17564,0.4749408960342407,9905.932053215802,0
298101,65,17565,0.4925858676433563,9906.424639083445,0
298102,65,17566,0.48537781834602356,9906.910016901791,0
298103,65,17567,0.4923762083053589,9907.402393110096,0
298104,65,17568,0.49349910020828247,9907.895892210305,0
298105,65,17569,0.4968717396259308,9908.39276394993,0
298106,65,17570,0.48807471990585327,9908.880838669837,0
298107,65,17571,0.4999534487724304,9909.380792118609,0
298108,65,17572,0.4994598627090454,9909.880251981318,0
298109,65,17573,0.49571436643600464,9910.375966347754,0
298110,65,17574,0.49519193172454834,9910.871158279479,0
298111,65,17575,0.5027899742126465,9911.373948253691,0
298112,65,17576,0.4972585439682007,9911.87120679766,0
298113,65,17577,0.5061318874359131,9912.377338685095,0
298114,65,17578,0.5011038780212402,9912.878442563117,0
298115,65,17579,0.49851831793785095,9913.376960881054,0
298116,65,17580,0.5002208948135376,9913.877181775868,0
298117,65,17581,0.5075648427009583,9914.384746618569,0
298118,65,17582,0.5086649656295776,9914.893411584198,0
298119,65,17583,0.5003295540809631,9915.39374113828,0
298120,65,17584,0.5078901648521423,9915.901631303132,0
298121,65,17585,0.5131070017814636,9916.414738304913,0
298122,65,17586,0.508976936340332,9916.923715241253,0
298123,65,17587,0.5092732310295105,9917.432988472283,0
298124,65,17588,0.5077618956565857,9917.94075036794,0
298125,65,17589,0.5156462788581848,9918.456396646798,0
298126,65,17590,0.5138020515441895,9918.970198698342,0
298127,65,17591,0.5160294771194458,9919.486228175461,0
298128,65,17592,0.5191658735275269,9920.005394048989,0
298129,65,17593,0.5222245454788208,9920.527618594468,0
298130,65,17594,0.5139846801757812,9921.041603274643,0
298131,65,17595,0.5248860716819763,9921.566489346325,0
298132,65,17596,0.5203593969345093,9922.08684874326,0
298133,65,17597,0.527074933052063,9922.613923676312,0
298134,65,17598,0.5248307585716248,9923.138754434884,0
298135,65,17599,0.5172525644302368,9923.656006999314,0
298136,65,17600,0.5294704437255859,9924.18547744304,0
298137,65,17601,0.525330662727356,9924.710808105767,0
298138,65,17602,0.5302165150642395,9925.241024620831,0
298139,65,17603,0.5305179357528687,9925.771542556584,0
298140,65,17604,0.5339956879615784,9926.305538244545,0
298141,65,17605,0.5356830954551697,9926.84122134,0
298142,65,17606,0.5304583311080933,9927.371679671109,0
298143,65,17607,0.5345779657363892,9927.906257636845,0
298144,65,17608,0.5361678004264832,9928.442425437272,0
298145,65,17609,0.5375521779060364,9928.979977615178,0
298146,65,17610,0.53702312707901,9929.517000742257,0
298147,65,17611,0.5292762517929077,9930.04627699405,0
298148,65,17612,0.5261127352714539,9930.572389729321,0
298149,65,17613,0.5423207879066467,9931.114710517228,0
298150,65,17614,0.5445934534072876,9931.659303970635,0
298151,65,17615,0.5454439520835876,9932.204747922719,0
298152,65,17616,0.5459877848625183,9932.750735707581,0
298153,65,17617,0.5477989912033081,9933.298534698784,0
298154,65,17618,0.541869044303894,9933.840403743088,0
298155,65,17619,0.538574755191803,9934.37897849828,0
298156,65,17620,0.5481185913085938,9934.927097089589,0
298157,65,17621,0.551416277885437,9935.478513367474,0
298158,65,17622,0.5527492165565491,9936.03126258403,0
298159,65,17623,0.5515846014022827,9936.582847185433,0
298160,65,17624,0.5483377575874329,9937.13118494302,0
298161,65,17625,0.5548223853111267,9937.686007328331,0
298162,65,17626,0.553570032119751,9938.239577360451,0
298163,65,17627,0.5524987578392029,9938.79207611829,0
298164,65,17628,0.5586011409759521,9939.350677259266,0
298165,65,17629,0.5567973852157593,9939.907474644482,0
298166,65,17630,0.5610582828521729,9940.468532927334,0
298167,65,17631,0.5563755035400391,9941.024908430874,0
298168,65,17632,0.5555641651153564,9941.58047259599,0
298169,65,17633,0.555481493473053,9942.135954089463,0
298170,65,17634,0.5571638345718384,9942.693117924035,0
298171,65,17635,0.558882474899292,9943.252000398934,0
298172,65,17636,0.5602405667304993,9943.812240965664,0
298173,65,17637,0.55776047706604,9944.37000144273,0
298174,65,17638,0.561286449432373,9944.931287892163,0
298175,65,17639,0.5651758909225464,9945.496463783085,0
298176,65,17640,0.5663155317306519,9946.062779314816,0
298177,65,17641,0.5665233731269836,9946.629302687943,0
298178,65,17642,0.5649272799491882,9947.194229967892,0
298179,65,17643,0.5662364959716797,9947.760466463864,0
298180,65,17644,0.5618979930877686,9948.322364456952,0
298181,65,17645,0.5657452940940857,9948.888109751046,0
298182,65,17646,0.5586352944374084,9949.446745045483,0
298183,65,17647,0.5617251992225647,9950.008470244706,0
298184,65,17648,0.5632402896881104,9950.571710534394,0
298185,65,17649,0.5615927577018738,9951.133303292096,0
298186,65,17650,0.563322126865387,9951.696625418961,0
298187,65,17651,0.5676221251487732,9952.26424754411,0
298188,65,17652,0.5607752203941345,9952.825022764504,0
298189,65,17653,0.5578716993331909,9953.382894463837,0
298190,65,17654,0.5574274659156799,9953.940321929753,0
298191,65,17655,0.5629498362541199,9954.503271766007,0
298192,65,17656,0.569455623626709,9955.072727389634,0
298193,65,17657,0.5667580366134644,9955.639485426247,0
298194,65,17658,0.5699877142906189,9956.209473140538,0
298195,65,17659,0.5687915086746216,9956.778264649212,0
298196,65,17660,0.5669588446617126,9957.345223493874,0
298197,65,17661,0.5625244379043579,9957.907747931778,0
298198,65,17662,0.5573924779891968,9958.465140409768,0
298199,65,17663,0.5559397339820862,9959.02108014375,0
298200,65,17664,0.5574283003807068,9959.57850844413,0
298201,65,17665,0.5588898658752441,9960.137398310006,0
298202,65,17666,0.5722588896751404,9960.70965719968,0
298203,65,17667,0.568490743637085,9961.278147943318,0
298204,65,17668,0.5631872415542603,9961.841335184872,0
298205,65,17669,0.5737928748130798,9962.415128059685,0
298206,65,17670,0.5693413615226746,9962.984469421208,0
298207,65,17671,0.5587259531021118,9963.54319537431,0
298208,65,17672,0.5759782195091248,9964.11917359382,0
298209,65,17673,0.5736075043678284,9964.692781098187,0
298210,65,17674,0.5643846392631531,9965.25716573745,0
298211,65,17675,0.5608646273612976,9965.818030364811,0
298212,65,17676,0.5779405832290649,9966.39597094804,0
298213,65,17677,0.5752602219581604,9966.971231169999,0
298214,65,17678,0.580593466758728,9967.551824636757,0
298215,65,17679,0.5803001523017883,9968.13212478906,0
298216,65,17680,0.5852795243263245,9968.717404313385,0
298217,65,17681,0.5775179266929626,9969.294922240078,0
298218,65,17682,0.5915877819061279,9969.886510021985,0
298219,65,17683,0.5925434827804565,9970.479053504765,0
298220,65,17684,0.5935449600219727,9971.072598464787,0
298221,65,17685,0.5942193269729614,9971.66681779176,0
298222,65,17686,0.5896105766296387,9972.25642836839,0
298223,65,17687,0.5868850350379944,9972.843313403428,0
298224,65,17688,0.5931401252746582,9973.436453528702,0
298225,65,17689,0.5994230508804321,9974.035876579583,0
298226,65,17690,0.5949296355247498,9974.630806215107,0
298227,65,17691,0.5939493179321289,9975.22475553304,0
298228,65,17692,0.5939264297485352,9975.818681962788,0
298229,65,17693,0.5980691909790039,9976.416751153767,0
298230,65,17694,0.6040796637535095,9977.02083081752,0
298231,65,17695,0.6032162308692932,9977.62404704839,0
298232,65,17696,0.6043351292610168,9978.228382177651,0
298233,65,17697,0.6045711040496826,9978.8329532817,0
298234,65,17698,0.6062350869178772,9979.439188368618,0
298235,65,17699,0.6029043793678284,9980.042092747986,0
298236,65,17700,0.6060412526130676,9980.6481340006,0
298237,65,17701,0.6098892092704773,9981.25802320987,0
298238,65,17702,0.6115580201148987,9981.869581229985,0
298239,65,17703,0.6138107776641846,9982.483392007649,0
298240,65,17704,0.6155245304107666,9983.09891653806,0
298241,65,17705,0.6162328124046326,9983.715149350464,0
298242,65,17706,0.6119973659515381,9984.327146716416,0
298243,65,17707,0.6184367537498474,9984.945583470166,0
298244,65,17708,0.6165972948074341,9985.562180764973,0
298245,65,17709,0.6212480068206787,9986.183428771794,0
298246,65,17710,0.6170019507408142,9986.800430722535,0
298247,65,17711,0.6188637018203735,9987.419294424355,0
298248,65,17712,0.6270458698272705,9988.046340294182,0
298249,65,17713,0.6232749819755554,9988.669615276158,0
298250,65,17714,0.6292299628257751,9989.298845238984,0
298251,65,17715,0.6250490546226501,9989.923894293606,0
298252,65,17716,0.6287769079208374,9990.552671201527,0
298253,65,17717,0.625594973564148,9991.178266175091,0
298254,65,17718,0.6322859525680542,9991.81055212766,0
298255,65,17719,0.6244597434997559,9992.435011871159,0
298256,65,17720,0.6293764114379883,9993.064388282597,0
298257,65,17721,0.6343700289726257,9993.69875831157,0
298258,65,17722,0.631753146648407,9994.330511458218,0
298259,65,17723,0.6336110830307007,9994.964122541249,0
298260,65,17724,0.6366637945175171,9995.600786335766,0
298261,65,17725,0.6322790384292603,9996.233065374196,0
298262,65,17726,0.6343672275543213,9996.86743260175,0
298263,65,17727,0.6350395083427429,9997.502472110093,0
298264,65,17728,0.6424087882041931,9998.144880898297,0
298265,65,17729,0.636847198009491,9998.781728096306,0
298266,65,17730,0.6401773691177368,9999.421905465424,0
298267,65,17731,0.6483618021011353,10000.070267267525,0
298268,65,17732,0.6400275230407715,10000.710294790566,0
298269,65,17733,0.6491085886955261,10001.359403379261,0
298270,65,17734,0.6468572020530701,10002.006260581315,0
298271,65,17735,0.6503647565841675,10002.656625337899,0
298272,65,17736,0.647468626499176,10003.304093964398,0
298273,65,17737,0.6546558737754822,10003.958749838173,0
298274,65,17738,0.646576464176178,10004.60532630235,0
298275,65,17739,0.6540763974189758,10005.259402699769,0
298276,65,17740,0.6560143828392029,10005.915417082608,0
298277,65,17741,0.6496461033821106,10006.56506318599,0
298278,65,17742,0.6460060477256775,10007.211069233716,0
298279,65,17743,0.6449596881866455,10007.856028921902,0
298280,65,17744,0.6614912152290344,10008.517520137131,0
298281,65,17745,0.6572960615158081,10009.174816198647,0
298282,65,17746,0.6542057394981384,10009.829021938145,0
298283,65,17747,0.6647248864173889,10010.493746824563,0
298284,65,17748,0.6599985361099243,10011.153745360672,0
298285,65,17749,0.6667479276657104,10011.820493288338,0
298286,65,17750,0.668122410774231,10012.488615699112,0
298287,65,17751,0.6676979660987854,10013.156313665211,0
298288,65,17752,0.6718601584434509,10013.828173823655,0
298289,65,17753,0.670478105545044,10014.4986519292,0
298290,65,17754,0.6750497221946716,10015.173701651394,0
298291,65,17755,0.6727623343467712,10015.846463985741,0
298292,65,17756,0.6673459410667419,10016.513809926808,0
298293,65,17757,0.6654447317123413,10017.17925465852,0
298294,65,17758,0.6672569513320923,10017.846511609852,0
298295,65,17759,0.6794864535331726,10018.525998063385,0
298296,65,17760,0.6793097853660583,10019.205307848752,0
298297,65,17761,0.6846717000007629,10019.889979548752,0
298298,65,17762,0.6751968860626221,10020.565176434815,0
298299,65,17763,0.683438777923584,10021.248615212739,0
298300,65,17764,0.6796208024024963,10021.928236015141,0
298301,65,17765,0.6765071749687195,10022.60474319011,0
298302,65,17766,0.6744368672370911,10023.279180057347,0
298303,65,17767,0.6890937685966492,10023.968273825943,0
298304,65,17768,0.6867244839668274,10024.65499830991,0
298305,65,17769,0.6910699009895325,10025.3460682109,0
298306,65,17770,0.6928845643997192,10026.0389527753,0
298307,65,17771,0.6947863101959229,10026.733739085495,0
298308,65,17772,0.6861920952796936,10027.419931180775,0
298309,65,17773,0.6923549175262451,10028.112286098301,0
298310,65,17774,0.6868175864219666,10028.799103684723,0
298311,65,17775,0.6931852698326111,10029.492288954556,0
298312,65,17776,0.6871864795684814,10030.179475434124,0
298313,65,17777,0.6940757036209106,10030.873551137745,0
298314,65,17778,0.7029295563697815,10031.576480694115,0
298315,65,17779,0.6896270513534546,10032.266107745469,0
298316,65,17780,0.6973520517349243,10032.963459797204,0
298317,65,17781,0.7071894407272339,10033.67064923793,0
298318,65,17782,0.6972323060035706,10034.367881543934,0
298319,65,17783,0.700927197933197,10035.068808741868,0
298320,65,17784,0.6983110904693604,10035.767119832337,0
298321,65,17785,0.7075566053390503,10036.474676437676,0
298322,65,17786,0.7147074341773987,10037.189383871853,0
298323,65,17787,0.7141971588134766,10037.903581030667,0
298324,65,17788,0.7149863243103027,10038.618567354977,0
298325,65,17789,0.7173433899879456,10039.335910744965,0
298326,65,17790,0.7021799683570862,10040.038090713322,0
298327,65,17791,0.7110798954963684,10040.749170608819,0
298328,65,17792,0.7043921947479248,10041.453562803566,0
298329,65,17793,0.7127756476402283,10042.166338451207,0
298330,65,17794,0.7221222519874573,10042.888460703194,0
298331,65,17795,0.71738600730896,10043.605846710503,0
298332,65,17796,0.717079222202301,10044.322925932705,0
298333,65,17797,0.7204787731170654,10045.043404705822,0
298334,65,17798,0.7241497039794922,10045.767554409802,0
298335,65,17799,0.7271785736083984,10046.49473298341,0
298336,65,17800,0.7209569215774536,10047.215689904988,0
298337,65,17801,0.7324690818786621,10047.948158986866,0
298338,65,17802,0.7304438352584839,10048.678602822125,0
298339,65,17803,0.7360345721244812,10049.41463739425,0
298340,65,17804,0.7392851114273071,10050.153922505677,0
298341,65,17805,0.7355878949165344,10050.889510400593,0
298342,65,17806,0.743614912033081,10051.633125312626,0
298343,65,17807,0.7382919788360596,10052.371417291462,0
298344,65,17808,0.7446728348731995,10053.116090126336,0
298345,65,17809,0.7488705515861511,10053.864960677922,0
298346,65,17810,0.7378253936767578,10054.602786071599,0
298347,65,17811,0.7474707365036011,10055.350256808102,0
298348,65,17812,0.7512403130531311,10056.101497121155,0
298349,65,17813,0.7444407343864441,10056.845937855542,0
298350,65,17814,0.7495704293251038,10057.595508284867,0
298351,65,17815,0.7597980499267578,10058.355306334794,0
298352,65,17816,0.7524532675743103,10059.107759602368,0
298353,65,17817,0.758486270904541,10059.866245873272,0
298354,65,17818,0.7568676471710205,10060.623113520443,0
298355,65,17819,0.7676034569740295,10061.390716977417,0
298356,65,17820,0.7603992819786072,10062.151116259396,0
298357,65,17821,0.7608334422111511,10062.911949701607,0
298358,65,17822,0.7673174142837524,10063.679267115891,0
298359,65,17823,0.7749720811843872,10064.454239197075,0
298360,65,17824,0.7732253670692444,10065.227464564145,0
298361,65,17825,0.7731685042381287,10066.000633068383,0
298362,65,17826,0.7784237861633301,10066.779056854546,0
298363,65,17827,0.779486894607544,10067.558543749154,0
298364,65,17828,0.7825804352760315,10068.34112418443,0
298365,65,17829,0.7819753885269165,10069.123099572957,0
298366,65,17830,0.7895733118057251,10069.912672884762,0
298367,65,17831,0.7893884778022766,10070.702061362565,0
298368,65,17832,0.7866213321685791,10071.488682694733,0
298369,65,17833,0.7938573956489563,10072.282540090382,0
298370,65,17834,0.7879486680030823,10073.070488758385,0
298371,65,17835,0.7816821336746216,10073.85217089206,0
298372,65,17836,0.7801527976989746,10074.632323689759,0
298373,65,17837,0.8014195561408997,10075.4337432459,0
298374,65,17838,0.7990726828575134,10076.232815928757,0
298375,65,17839,0.7884405851364136,10077.021256513894,0
298376,65,17840,0.7833817601203918,10077.804638274014,0
298377,65,17841,0.8090867400169373,10078.613725014031,0
298378,65,17842,0.8042848706245422,10079.418009884655,0
298379,65,17843,0.8027493953704834,10080.220759280026,0
298380,65,17844,0.8211297988891602,10081.041889078915,0
298381,65,17845,0.8200730681419373,10081.861962147057,0
298382,65,17846,0.8170343041419983,10082.678996451199,0
298383,65,17847,0.832980215549469,10083.511976666749,0
298384,65,17848,0.8292335271835327,10084.341210193932,0
298385,65,17849,0.819870114326477,10085.161080308259,0
298386,65,17850,0.8352160453796387,10085.996296353638,0
298387,65,17851,0.8353342413902283,10086.831630595028,0
298388,65,17852,0.83240807056427,10087.664038665593,0
298389,65,17853,0.8491715788841248,10088.513210244477,0
298390,65,17854,0.8470778465270996,10089.360288091004,0
298391,65,17855,0.8556475639343262,10090.215935654938,0
298392,65,17856,0.8566787242889404,10091.072614379227,0
298393,65,17857,0.8602887392044067,10091.932903118432,0
298394,65,17858,0.8655548691749573,10092.798457987607,0
298395,65,17859,0.8691221475601196,10093.667580135167,0
298396,65,17860,0.872284471988678,10094.539864607155,0
298397,65,17861,0.8746359944343567,10095.41450060159,0
298398,65,17862,0.8745874762535095,10096.289088077843,0
298399,65,17863,0.8708958625793457,10097.159983940423,0
298400,65,17864,0.8830893039703369,10098.043073244393,0
298401,65,17865,0.8864575028419495,10098.929530747235,0
298402,65,17866,0.8910850882530212,10099.820615835488,0
298403,65,17867,0.8932130336761475,10100.713828869164,0
298404,65,17868,0.8893752694129944,10101.603204138577,0
298405,65,17869,0.8902941346168518,10102.493498273194,0
298406,65,17870,0.9009274840354919,10103.39442575723,0
298407,65,17871,0.9056864380836487,10104.300112195313,0
298408,65,17872,0.9025030136108398,10105.202615208924,0
298409,65,17873,0.8991584181785583,10106.101773627102,0
298410,65,17874,0.9155163168907166,10107.017289943993,0
298411,65,17875,0.9159961938858032,10107.933286137879,0
298412,65,17876,0.9142289161682129,10108.847515054047,0
298413,65,17877,0.9247662425041199,10109.772281296551,0
298414,65,17878,0.9260222911834717,10110.698303587735,0
298415,65,17879,0.9346814155578613,10111.632985003293,0
298416,65,17880,0.9343166947364807,10112.567301698029,0
298417,65,17881,0.928992748260498,10113.49629444629,0
298418,65,17882,0.9300695657730103,10114.426364012063,0
298419,65,17883,0.9323038458824158,10115.358667857945,0
298420,65,17884,0.9480869770050049,10116.30675483495,0
298421,65,17885,0.9494556784629822,10117.256210513413,0
298422,65,17886,0.9476097822189331,10118.203820295632,0
298423,65,17887,0.9579475522041321,10119.161767847836,0
298424,65,17888,0.9613864421844482,10120.12315429002,0
298425,65,17889,0.9576913118362427,10121.080845601857,0
298426,65,17890,0.9551099538803101,10122.035955555737,0
298427,65,17891,0.9724991917610168,10123.008454747498,0
298428,65,17892,0.9694911241531372,10123.977945871651,0
298429,65,17893,0.9757317304611206,10124.953677602112,0
298430,65,17894,0.9700836539268494,10125.92376125604,0
298431,65,17895,0.9827681183815002,10126.90652937442,0
298432,65,17896,0.9857652187347412,10127.892294593155,0
298433,65,17897,0.9924323558807373,10128.884726949036,0
298434,65,17898,0.9945919513702393,10129.879318900406,0
298435,65,17899,0.9927631616592407,10130.872082062066,0
298436,65,17900,0.9888797998428345,10131.860961861908,0
298437,65,17901,1.0065659284591675,10132.867527790368,0
298438,65,17902,1.006049633026123,10133.873577423394,0
298439,65,17903,1.0129694938659668,10134.88654691726,0
298440,65,17904,1.0111910104751587,10135.897737927735,0
298441,65,17905,1.0219132900238037,10136.919651217759,0
298442,65,17906,1.0270761251449585,10137.946727342904,0
298443,65,17907,1.0306689739227295,10138.977396316826,0
298444,65,17908,1.0293188095092773,10140.006715126336,0
298445,65,17909,1.0374011993408203,10141.044116325676,0
298446,65,17910,1.0328506231307983,10142.076966948807,0
298447,65,17911,1.0457020998001099,10143.122669048607,0
298448,65,17912,1.0424063205718994,10144.16507536918,0
298449,65,17913,1.050606608390808,10145.21568197757,0
298450,65,17914,1.0491273403167725,10146.264809317887,0
298451,65,17915,1.0595247745513916,10147.324334092438,0
298452,65,17916,1.0509594678878784,10148.375293560326,0
298453,65,17917,1.060585618019104,10149.435879178345,0
298454,65,17918,1.0564579963684082,10150.492337174714,0
298455,65,17919,1.0646952390670776,10151.55703241378,0
298456,65,17920,1.0777671337127686,10152.634799547493,0
298457,65,17921,1.0847257375717163,10153.719525285065,0
298458,65,17922,1.0726410150527954,10154.792166300118,0
298459,65,17923,1.0850849151611328,10155.87725121528,0
298460,65,17924,1.0815021991729736,10156.958753414452,0
298461,65,17925,1.091274619102478,10158.050028033555,0
298462,65,17926,1.0864355564117432,10159.136463589966,0
298463,65,17927,1.0857471227645874,10160.22221071273,0
298464,65,17928,1.0906846523284912,10161.31289536506,0
298465,65,17929,1.0748603343963623,10162.387755699456,0
298466,65,17930,1.0781981945037842,10163.46595389396,0
298467,65,17931,1.073418140411377,10164.53937203437,0
298468,65,17932,1.0636067390441895,10165.602978773415,0
298469,65,17933,1.057898998260498,10166.660877771676,0
298470,65,17934,1.0560925006866455,10167.716970272362,0
298471,65,17935,1.0626177787780762,10168.77958805114,0
298472,65,17936,1.0498974323272705,10169.829485483468,0
298473,65,17937,1.043636679649353,10170.873122163117,0
298474,65,17938,1.050255537033081,10171.92337770015,0
298475,65,17939,1.0486699342727661,10172.972047634423,0
298476,65,17940,1.0325349569320679,10174.004582591355,0
298477,65,17941,1.0219353437423706,10175.026517935097,0
298478,65,17942,1.0169878005981445,10176.043505735695,0
298479,65,17943,1.0318145751953125,10177.07532031089,0
298480,65,17944,1.0305182933807373,10178.105838604271,0
298481,65,17945,1.0263090133666992,10179.132147617638,0
298482,65,17946,1.0153586864471436,10180.147506304085,0
298483,65,17947,1.0069563388824463,10181.154462642968,0
298484,65,17948,0.9996713399887085,10182.154133982956,0
298485,65,17949,0.9964690804481506,10183.150603063405,0
298486,65,17950,0.9947981834411621,10184.145401246846,0
298487,65,17951,0.9990434050559998,10185.144444651902,0
298488,65,17952,0.998259425163269,10186.142704077065,0
298489,65,17953,0.987511932849884,10187.130216009915,0
298490,65,17954,0.9909989833831787,10188.121214993298,0
298491,65,17955,0.9870449900627136,10189.10825998336,0
298492,65,17956,0.9855943322181702,10190.093854315579,0
298493,65,17957,0.9800006747245789,10191.073854990304,0
298494,65,17958,0.9692046642303467,10192.043059654534,0
298495,65,17959,0.9617382884025574,10193.004797942936,0
298496,65,17960,0.9728822112083435,10193.977680154145,0
298497,65,17961,0.9660452008247375,10194.94372535497,0
298498,65,17962,0.9494261145591736,10195.893151469529,0
298499,65,17963,0.9602388143539429,10196.853390283883,0
298500,65,17964,0.9502174854278564,10197.80360776931,0
298501,65,17965,0.9393828511238098,10198.742990620434,0
298502,65,17966,0.9499224424362183,10199.69291306287,0
298503,65,17967,0.9423829317092896,10200.63529599458,0
298504,65,17968,0.9331628084182739,10201.568458802998,0
298505,65,17969,0.925824761390686,10202.494283564389,0
298506,65,17970,0.9235712289810181,10203.41785479337,0
298507,65,17971,0.9383319616317749,10204.356186755002,0
298508,65,17972,0.9285875558853149,10205.284774310887,0
298509,65,17973,0.9233328104019165,10206.208107121289,0
298510,65,17974,0.9333028197288513,10207.141409941018,0
298511,65,17975,0.9258312582969666,10208.067241199315,0
298512,65,17976,0.9240605235099792,10208.991301722825,0
298513,65,17977,0.9136555194854736,10209.90495724231,0
298514,65,17978,0.9213529229164124,10210.826310165226,0
298515,65,17979,0.9163426160812378,10211.742652781308,0
298516,65,17980,0.9084707498550415,10212.651123531163,0
298517,65,17981,0.9150601029396057,10213.566183634102,0
298518,65,17982,0.9106834530830383,10214.476867087185,0
298519,65,17983,0.9123792052268982,10215.389246292412,0
298520,65,17984,0.909778892993927,10216.299025185406,0
298521,65,17985,0.9000552296638489,10217.19908041507,0
298522,65,17986,0.9007133841514587,10218.099793799222,0
298523,65,17987,0.9019564390182495,10219.00175023824,0
298524,65,17988,0.8937352299690247,10219.895485468209,0
298525,65,17989,0.8961185216903687,10220.7916039899,0
298526,65,17990,0.8869244456291199,10221.678528435528,0
298527,65,17991,0.8877324461936951,10222.566260881722,0
298528,65,17992,0.8831334114074707,10223.44939429313,0
298529,65,17993,0.8809836506843567,10224.330377943814,0
298530,65,17994,0.8855239748954773,10225.21590191871,0
298531,65,17995,0.8856633305549622,10226.101565249264,0
298532,65,17996,0.8709737062454224,10226.97253895551,0
298533,65,17997,0.8724068403244019,10227.844945795834,0
298534,65,17998,0.872809112071991,10228.717754907906,0
298535,65,17999,0.8631024360656738,10229.580857343972,0
298536,65,18000,0.8668568134307861,10230.447714157403,0
298537,65,18001,0.8585871458053589,10231.306301303208,0
298538,65,18002,0.8650577068328857,10232.17135901004,0
298539,65,18003,0.8579506874084473,10233.02930969745,0
298540,65,18004,0.8565458059310913,10233.88585550338,0
298541,65,18005,0.8615205883979797,10234.747376091778,0
298542,65,18006,0.8498773574829102,10235.597253449261,0
298543,65,18007,0.8545804023742676,10236.451833851635,0
298544,65,18008,0.8451820015907288,10237.297015853226,0
298545,65,18009,0.8363073468208313,10238.133323200047,0
298546,65,18010,0.8328747153282166,10238.966197915375,0
298547,65,18011,0.8410952091217041,10239.807293124497,0
298548,65,18012,0.8398022055625916,10240.64709533006,0
298549,65,18013,0.8312662243843079,10241.478361554444,0
298550,65,18014,0.8382139801979065,10242.316575534642,0
298551,65,18015,0.8342358469963074,10243.150811381638,0
298552,65,18016,0.8352317810058594,10243.986043162644,0
298553,65,18017,0.8285543918609619,10244.814597554505,0
298554,65,18018,0.8180401921272278,10245.632637746632,0
298555,65,18019,0.829372763633728,10246.462010510266,0
298556,65,18020,0.8244388103485107,10247.286449320614,0
298557,65,18021,0.8145009875297546,10248.100950308144,0
298558,65,18022,0.8073346018791199,10248.908284910023,0
298559,65,18023,0.8035457134246826,10249.711830623448,0
298560,65,18024,0.8021084070205688,10250.513939030468,0
298561,65,18025,0.818882167339325,10251.332821197808,0
298562,65,18026,0.8076967000961304,10252.140517897904,0
298563,65,18027,0.8145809173583984,10252.955098815262,0
298564,65,18028,0.8082973957061768,10253.763396210968,0
298565,65,18029,0.8002886772155762,10254.563684888184,0
298566,65,18030,0.8133094310760498,10255.37699431926,0
298567,65,18031,0.8068324327468872,10256.183826752007,0
298568,65,18032,0.8076779842376709,10256.991504736245,0
298569,65,18033,0.7954042553901672,10257.786908991635,0
298570,65,18034,0.7833595275878906,10258.570268519223,0
298571,65,18035,0.7792044281959534,10259.349472947419,0
298572,65,18036,0.7974085211753845,10260.146881468594,0
298573,65,18037,0.7872877717018127,10260.934169240296,0
298574,65,18038,0.7813073396682739,10261.715476579964,0
298575,65,18039,0.7762680053710938,10262.491744585335,0
298576,65,18040,0.7917732000350952,10263.28351778537,0
298577,65,18041,0.7870156168937683,10264.070533402264,0
298578,65,18042,0.7876752614974976,10264.858208663762,0
298579,65,18043,0.7845306992530823,10265.642739363015,0
298580,65,18044,0.7832709550857544,10266.4260103181,0
298581,65,18045,0.7731577157974243,10267.199168033898,0
298582,65,18046,0.7822974324226379,10267.98146546632,0
298583,65,18047,0.7752938866615295,10268.756759352982,0
298584,65,18048,0.7686513662338257,10269.525410719216,0
298585,65,18049,0.7645949125289917,10270.290005631745,0
298586,65,18050,0.7800633311271667,10271.070068962872,0
298587,65,18051,0.7724682092666626,10271.842537172139,0
298588,65,18052,0.7653712034225464,10272.607908375561,0
298589,65,18053,0.7775434255599976,10273.385451801121,0
298590,65,18054,0.77021324634552,10274.155665047467,0
298591,65,18055,0.7625120878219604,10274.918177135289,0
298592,65,18056,0.7541500926017761,10275.67232722789,0
298593,65,18057,0.7499801516532898,10276.422307379544,0
298594,65,18058,0.7479534149169922,10277.17026079446,0
298595,65,18059,0.7475799322128296,10277.917840726674,0
298596,65,18060,0.7462705969810486,10278.664111323655,0
298597,65,18061,0.7449954152107239,10279.409106738865,0
298598,65,18062,0.7585620880126953,10280.167668826878,0
298599,65,18063,0.7464901208877563,10280.914158947766,0
298600,65,18064,0.740277111530304,10281.654436059296,0
298601,65,18065,0.7461846470832825,10282.40062070638,0
298602,65,18066,0.7343760132789612,10283.134996719658,0
298603,65,18067,0.7199079990386963,10283.854904718697,0
298604,65,18068,0.7103822827339172,10284.565287001431,0
298605,65,18069,0.709695041179657,10285.27498204261,0
298606,65,18070,0.7098808288574219,10285.984862871468,0
298607,65,18071,0.7100642323493958,10286.694927103817,0
298608,65,18072,0.7101992964744568,10287.405126400292,0
298609,65,18073,0.7100780010223389,10288.115204401314,0
298610,65,18074,0.7098397612571716,10288.825044162571,0
298611,65,18075,0.7260240912437439,10289.551068253815,0
298612,65,18076,0.7141703367233276,10290.265238590539,0
298613,65,18077,0.716777503490448,10290.982016094029,0
298614,65,18078,0.7134050130844116,10291.695421107113,0
298615,65,18079,0.7062480449676514,10292.401669152081,0
298616,65,18080,0.7169095873832703,10293.118578739464,0
298617,65,18081,0.7090948820114136,10293.827673621476,0
298618,65,18082,0.713478147983551,10294.54115176946,0
298619,65,18083,0.7051311731338501,10295.246282942593,0
298620,65,18084,0.7131669521331787,10295.959449894726,0
298621,65,18085,0.7060987949371338,10296.665548689663,0
298622,65,18086,0.7097733020782471,10297.375321991742,0
298623,65,18087,0.7062008380889893,10298.08152282983,0
298624,65,18088,0.7010356783866882,10298.782558508217,0
298625,65,18089,0.7104830145835876,10299.493041522801,0
298626,65,18090,0.7053173184394836,10300.19835884124,0
298627,65,18091,0.7054492831230164,10300.903808124363,0
298628,65,18092,0.7039336562156677,10301.607741780579,0
298629,65,18093,0.7009318470954895,10302.308673627675,0
298630,65,18094,0.7007762789726257,10303.009449906647,0
298631,65,18095,0.6945807933807373,10303.704030700028,0
298632,65,18096,0.7005341053009033,10304.404564805329,0
298633,65,18097,0.6963305473327637,10305.100895352662,0
298634,65,18098,0.6952729821205139,10305.796168334782,0
298635,65,18099,0.6958233714103699,10306.491991706192,0
298636,65,18100,0.6948387622833252,10307.186830468476,0
298637,65,18101,0.6967516541481018,10307.883582122624,0
298638,65,18102,0.6946092844009399,10308.578191407025,0
298639,65,18103,0.6882849931716919,10309.266476400197,0
298640,65,18104,0.6932328939437866,10309.95970929414,0
298641,65,18105,0.691567063331604,10310.651276357472,0
298642,65,18106,0.6821141839027405,10311.333390541375,0
298643,65,18107,0.6901763677597046,10312.023566909134,0
298644,65,18108,0.6879225969314575,10312.711489506066,0
298645,65,18109,0.686499297618866,10313.397988803685,0
298646,65,18110,0.6866903901100159,10314.084679193795,0
298647,65,18111,0.681679904460907,10314.766359098256,0
298648,65,18112,0.6829947829246521,10315.44935388118,0
298649,65,18113,0.6771268844604492,10316.12648076564,0
298650,65,18114,0.6681011319160461,10316.794581897557,0
298651,65,18115,0.6765645742416382,10317.471146471798,0
298652,65,18116,0.6797857284545898,10318.150932200253,0
298653,65,18117,0.6773051023483276,10318.828237302601,0
298654,65,18118,0.6744859218597412,10319.502723224461,0
298655,65,18119,0.6650260090827942,10320.167749233544,0
298656,65,18120,0.6713907718658447,10320.83914000541,0
298657,65,18121,0.6613200306892395,10321.500460036099,0
298658,65,18122,0.6659145951271057,10322.166374631226,0
298659,65,18123,0.6588283777236938,10322.82520300895,0
298660,65,18124,0.6480799913406372,10323.47328300029,0
298661,65,18125,0.642646849155426,10324.115929849446,0
298662,65,18126,0.6393644213676453,10324.755294270813,0
298663,65,18127,0.6395810842514038,10325.394875355065,0
298664,65,18128,0.640316367149353,10326.035191722214,0
298665,65,18129,0.6572187542915344,10326.692410476506,0
298666,65,18130,0.6537059545516968,10327.346116431057,0
298667,65,18131,0.6488009095191956,10327.994917340577,0
298668,65,18132,0.640424370765686,10328.635341711342,0
298669,65,18133,0.6321268677711487,10329.267468579113,0
298670,65,18134,0.626852810382843,10329.894321389496,0
298671,65,18135,0.6262347102165222,10330.520556099713,0
298672,65,18136,0.6446498036384583,10331.165205903351,0
298673,65,18137,0.6410109400749207,10331.806216843426,0
298674,65,18138,0.6279582381248474,10332.434175081551,0
298675,65,18139,0.6213290691375732,10333.055504150689,0
298676,65,18140,0.6401121020317078,10333.69561625272,0
298677,65,18141,0.6342427730560303,10334.329859025776,0
298678,65,18142,0.6397442817687988,10334.969603307545,0
298679,65,18143,0.629052996635437,10335.59865630418,0
298680,65,18144,0.6406333446502686,10336.23928964883,0
298681,65,18145,0.6348657011985779,10336.87415535003,0
298682,65,18146,0.6413456201553345,10337.515500970185,0
298683,65,18147,0.6387671232223511,10338.154268093407,0
298684,65,18148,0.6327077150344849,10338.786975808442,0
298685,65,18149,0.6309313774108887,10339.417907185853,0
298686,65,18150,0.629555344581604,10340.047462530434,0
298687,65,18151,0.6481056213378906,10340.695568151772,0
298688,65,18152,0.6432095766067505,10341.338777728379,0
298689,65,18153,0.643576443195343,10341.982354171574,0
298690,65,18154,0.6393628120422363,10342.621716983616,0
298691,65,18155,0.645220935344696,10343.266937918961,0
298692,65,18156,0.6419028043746948,10343.908840723336,0
298693,65,18157,0.6330240964889526,10344.541864819825,0
298694,65,18158,0.6262559294700623,10345.168120749295,0
298695,65,18159,0.6238589286804199,10345.791979677975,0
298696,65,18160,0.6446452140808105,10346.436624892056,0
298697,65,18161,0.6389923095703125,10347.075617201626,0
298698,65,18162,0.6330520510673523,10347.708669252694,0
298699,65,18163,0.6289099454879761,10348.337579198182,0
298700,65,18164,0.6283333897590637,10348.96591258794,0
298701,65,18165,0.6288295388221741,10349.594742126763,0
298702,65,18166,0.6304269433021545,10350.225169070065,0
298703,65,18167,0.6321501135826111,10350.857319183648,0
298704,65,18168,0.6508166193962097,10351.508135803044,0
298705,65,18169,0.6494895219802856,10352.157625325024,0
298706,65,18170,0.6377078890800476,10352.795333214104,0
298707,65,18171,0.6502483487129211,10353.445581562817,0
298708,65,18172,0.6509069204330444,10354.09648848325,0
298709,65,18173,0.6420384645462036,10354.738526947796,0
298710,65,18174,0.6361611485481262,10355.374688096344,0
298711,65,18175,0.6351785063743591,10356.009866602719,0
298712,65,18176,0.6576419472694397,10356.667508549988,0
298713,65,18177,0.6515548229217529,10357.31906337291,0
298714,65,18178,0.6603294014930725,10357.979392774403,0
298715,65,18179,0.6560866236686707,10358.635479398072,0
298716,65,18180,0.6496837735176086,10359.28516317159,0
298717,65,18181,0.6468854546546936,10359.932048626244,0
298718,65,18182,0.6468676328659058,10360.57891625911,0
298719,65,18183,0.6667584180831909,10361.245674677193,0
298720,65,18184,0.6602782011032104,10361.905952878296,0
298721,65,18185,0.6660702228546143,10362.572023101151,0
298722,65,18186,0.6590712070465088,10363.231094308197,0
298723,65,18187,0.6523750424385071,10363.883469350636,0
298724,65,18188,0.6474975943565369,10364.530966944993,0
298725,65,18189,0.6650823354721069,10365.196049280465,0
298726,65,18190,0.6599977016448975,10365.85604698211,0
298727,65,18191,0.6467529535293579,10366.502799935639,0
298728,65,18192,0.660209596157074,10367.163009531796,0
298729,65,18193,0.6576178073883057,10367.820627339184,0
298730,65,18194,0.6590307950973511,10368.479658134282,0
298731,65,18195,0.658563494682312,10369.138221628964,0
298732,65,18196,0.6614367365837097,10369.799658365548,0
298733,65,18197,0.6573352217674255,10370.456993587315,0
298734,65,18198,0.6493702530860901,10371.106363840401,0
298735,65,18199,0.6670931577682495,10371.77345699817,0
298736,65,18200,0.6598318815231323,10372.433288879693,0
298737,65,18201,0.6696154475212097,10373.102904327214,0
298738,65,18202,0.6648666262626648,10373.767770953476,0
298739,65,18203,0.6671116352081299,10374.434882588685,0
298740,65,18204,0.6660298109054565,10375.10091239959,0
298741,65,18205,0.6673927903175354,10375.768305189908,0
298742,65,18206,0.6697923541069031,10376.438097544014,0
298743,65,18207,0.660893440246582,10377.098990984261,0
298744,65,18208,0.6713629961013794,10377.770353980362,0
298745,65,18209,0.6702979207038879,10378.440651901066,0
298746,65,18210,0.67521071434021,10379.115862615407,0
298747,65,18211,0.6735303401947021,10379.789392955601,0
298748,65,18212,0.6662466526031494,10380.455639608204,0
298749,65,18213,0.6738414168357849,10381.12948102504,0
298750,65,18214,0.670172929763794,10381.799653954804,0
298751,65,18215,0.6749792695045471,10382.474633224308,0
298752,65,18216,0.6644178032875061,10383.139051027596,0
298753,65,18217,0.6742358803749084,10383.81328690797,0
298754,65,18218,0.6710094809532166,10384.484296388924,0
298755,65,18219,0.6762229204177856,10385.160519309342,0
298756,65,18220,0.667550802230835,10385.828070111573,0
298757,65,18221,0.6764893531799316,10386.504559464753,0
298758,65,18222,0.6707001328468323,10387.1752595976,0
298759,65,18223,0.662924587726593,10387.838184185326,0
298760,65,18224,0.6760562658309937,10388.514240451157,0
298761,65,18225,0.6689438819885254,10389.183184333146,0
298762,65,18226,0.6736898422241211,10389.85687417537,0
298763,65,18227,0.6694581508636475,10390.526332326233,0
298764,65,18228,0.6602590084075928,10391.186591334641,0
298765,65,18229,0.6569164395332336,10391.843507774174,0
298766,65,18230,0.656722366809845,10392.500230140984,0
298767,65,18231,0.6580779552459717,10393.15830809623,0
298768,65,18232,0.6746282577514648,10393.832936353981,0
298769,65,18233,0.6679728627204895,10394.500909216702,0
298770,65,18234,0.6721305251121521,10395.173039741814,0
298771,65,18235,0.6672050952911377,10395.840244837105,0
298772,65,18236,0.6700514554977417,10396.510296292603,0
298773,65,18237,0.6610130667686462,10397.171309359372,0
298774,65,18238,0.6528275609016418,10397.824136920273,0
298775,65,18239,0.6691355109214783,10398.493272431195,0
298776,65,18240,0.6615182757377625,10399.154790706933,0
298777,65,18241,0.6577587127685547,10399.812549419701,0
298778,65,18242,0.6705974340438843,10400.483146853745,0
298779,65,18243,0.6630186438560486,10401.146165497601,0
298780,65,18244,0.6684443950653076,10401.814609892666,0
298781,65,18245,0.6647849678993225,10402.479394860566,0
298782,65,18246,0.6594502925872803,10403.138845153153,0
298783,65,18247,0.6555019021034241,10403.794347055256,0
298784,65,18248,0.6541079878807068,10404.448455043137,0
298785,65,18249,0.6536802649497986,10405.102135308087,0
298786,65,18250,0.6548581123352051,10405.756993420422,0
298787,65,18251,0.6567631363868713,10406.413756556809,0
298788,65,18252,0.6751865744590759,10407.088943131268,0
298789,65,18253,0.6747729182243347,10407.763716049492,0
298790,65,18254,0.6614776253700256,10408.425193674862,0
298791,65,18255,0.6523071527481079,10409.07750082761,0
298792,65,18256,0.6739035844802856,10409.75140441209,0
298793,65,18257,0.669025182723999,10410.420429594815,0
298794,65,18258,0.6748605966567993,10411.095290191472,0
298795,65,18259,0.6761574745178223,10411.77144766599,0
298796,65,18260,0.675823986530304,10412.44727165252,0
298797,65,18261,0.6743118166923523,10413.121583469212,0
298798,65,18262,0.6877289414405823,10413.809312410653,0
298799,65,18263,0.683316171169281,10414.492628581822,0
298800,65,18264,0.6860519647598267,10415.178680546582,0
298801,65,18265,0.6781278848648071,10415.856808431447,0
298802,65,18266,0.6920078992843628,10416.548816330731,0
298803,65,18267,0.69068443775177,10417.239500768483,0
298804,65,18268,0.6873180270195007,10417.926818795502,0
298805,65,18269,0.6862244009971619,10418.6130431965,0
298806,65,18270,0.6852225661277771,10419.298265762627,0
298807,65,18271,0.6880345344543457,10419.986300297081,0
298808,65,18272,0.6909976601600647,10420.677297957242,0
298809,65,18273,0.7017364501953125,10421.379034407437,0
298810,65,18274,0.7027191519737244,10422.08175355941,0
298811,65,18275,0.6968649625778198,10422.778618521988,0
298812,65,18276,0.694965660572052,10423.47358418256,0
298813,65,18277,0.6955540776252747,10424.169138260186,0
298814,65,18278,0.7100309729576111,10424.879169233143,0
298815,65,18279,0.7056900262832642,10425.584859259427,0
298816,65,18280,0.7116771936416626,10426.296536453068,0
298817,65,18281,0.7113737463951111,10427.007910199463,0
298818,65,18282,0.7141767144203186,10427.722086913884,0
298819,65,18283,0.7180679440498352,10428.440154857934,0
298820,65,18284,0.7107857465744019,10429.150940604508,0
298821,65,18285,0.716763973236084,10429.867704577744,0
298822,65,18286,0.718498945236206,10430.58620352298,0
298823,65,18287,0.7175812125205994,10431.3037847355,0
298824,65,18288,0.7147805690765381,10432.018565304577,0
298825,65,18289,0.7219827771186829,10432.740548081696,0
298826,65,18290,0.7195592522621155,10433.460107333958,0
298827,65,18291,0.7241345643997192,10434.184241898358,0
298828,65,18292,0.7217943668365479,10434.906036265194,0
298829,65,18293,0.7252191305160522,10435.63125539571,0
298830,65,18294,0.7180848121643066,10436.349340207875,0
298831,65,18295,0.7140411734580994,10437.063381381333,0
298832,65,18296,0.7152943015098572,10437.778675682843,0
298833,65,18297,0.7160035967826843,10438.494679279625,0
298834,65,18298,0.7175664901733398,10439.212245769799,0
298835,65,18299,0.7322584986686707,10439.944504268467,0
298836,65,18300,0.730746328830719,10440.675250597298,0
298837,65,18301,0.7315353155136108,10441.406785912812,0
298838,65,18302,0.7305327653884888,10442.1373186782,0
298839,65,18303,0.7202415466308594,10442.857560224831,0
298840,65,18304,0.7135557532310486,10443.571115978062,0
298841,65,18305,0.71220862865448,10444.283324606717,0
298842,65,18306,0.7325743436813354,10445.015898950398,0
298843,65,18307,0.7259719371795654,10445.741870887578,0
298844,65,18308,0.7210541367530823,10446.46292502433,0
298845,65,18309,0.7351201772689819,10447.1980452016,0
298846,65,18310,0.7327132225036621,10447.930758424103,0
298847,65,18311,0.7223383784294128,10448.653096802533,0
298848,65,18312,0.7157317996025085,10449.368828602135,0
298849,65,18313,0.7332091331481934,10450.102037735283,0
298850,65,18314,0.7280094623565674,10450.83004719764,0
298851,65,18315,0.7323287725448608,10451.562375970185,0
298852,65,18316,0.7219423055648804,10452.28431827575,0
298853,65,18317,0.7331395149230957,10453.017457790673,0
298854,65,18318,0.7279794216156006,10453.745437212288,0
298855,65,18319,0.7338845133781433,10454.479321725667,0
298856,65,18320,0.7305244207382202,10455.209846146405,0
298857,65,18321,0.7251620888710022,10455.935008235276,0
298858,65,18322,0.7407394647598267,10456.675747700036,0
298859,65,18323,0.7363439798355103,10457.412091679871,0
298860,65,18324,0.7391353249549866,10458.151227004826,0
298861,65,18325,0.7381401062011719,10458.889367111027,0
298862,65,18326,0.738733172416687,10459.628100283444,0
298863,65,18327,0.7420152425765991,10460.37011552602,0
298864,65,18328,0.7411604523658752,10461.111275978386,0
298865,65,18329,0.7437413930892944,10461.855017371476,0
298866,65,18330,0.7398111820220947,10462.594828553498,0
298867,65,18331,0.7473774552345276,10463.342206008732,0
298868,65,18332,0.7397401332855225,10464.081946142018,0
298869,65,18333,0.7470846772193909,10464.829030819237,0
298870,65,18334,0.7465710639953613,10465.575601883233,0
298871,65,18335,0.7518076300621033,10466.327409513295,0
298872,65,18336,0.7488348484039307,10467.076244361699,0
298873,65,18337,0.7536686658859253,10467.829913027585,0
298874,65,18338,0.753792405128479,10468.583705432713,0
298875,65,18339,0.7589218616485596,10469.342627294362,0
298876,65,18340,0.7607924342155457,10470.103419728577,0
298877,65,18341,0.7553136944770813,10470.858733423054,0
298878,65,18342,0.758799135684967,10471.61753255874,0
298879,65,18343,0.7604541778564453,10472.377986736596,0
298880,65,18344,0.7622329592704773,10473.140219695866,0
298881,65,18345,0.7518158555030823,10473.89203555137,0
298882,65,18346,0.7583507299423218,10474.650386281312,0
298883,65,18347,0.7625190019607544,10475.412905283272,0
298884,65,18348,0.757369339466095,10476.170274622738,0
298885,65,18349,0.7556143999099731,10476.925889022648,0
298886,65,18350,0.757041871547699,10477.682930894196,0
298887,65,18351,0.7571666240692139,10478.440097518265,0
298888,65,18352,0.7634742856025696,10479.203571803868,0
298889,65,18353,0.7630736231803894,10479.966645427048,0
298890,65,18354,0.7547865509986877,10480.721431978047,0
298891,65,18355,0.7520331740379333,10481.473465152085,0
298892,65,18356,0.7709059715270996,10482.244371123612,0
298893,65,18357,0.7652159929275513,10483.00958711654,0
298894,65,18358,0.7604113817214966,10483.769998498261,0
298895,65,18359,0.7703726887702942,10484.540371187031,0
298896,65,18360,0.7653933167457581,10485.305764503777,0
298897,65,18361,0.7562042474746704,10486.061968751252,0
298898,65,18362,0.7726752161979675,10486.83464396745,0
298899,65,18363,0.7688922882080078,10487.603536255658,0
298900,65,18364,0.7638302445411682,10488.367366500199,0
298901,65,18365,0.7629128694534302,10489.130279369652,0
298902,65,18366,0.7643017172813416,10489.894581086934,0
298903,65,18367,0.7833376526832581,10490.677918739617,0
298904,65,18368,0.7812029719352722,10491.459121711552,0
298905,65,18369,0.783102810382843,10492.242224521935,0
298906,65,18370,0.7821529507637024,10493.024377472699,0
298907,65,18371,0.785586953163147,10493.809964425862,0
298908,65,18372,0.7861509919166565,10494.596115417778,0
298909,65,18373,0.7801684141159058,10495.376283831894,0
298910,65,18374,0.7896134257316589,10496.165897257626,0
298911,65,18375,0.7819854021072388,10496.947882659733,0
298912,65,18376,0.7925800681114197,10497.740462727845,0
298913,65,18377,0.7906377911567688,10498.531100519001,0
298914,65,18378,0.783405601978302,10499.31450612098,0
298915,65,18379,0.7811645269393921,10500.09567064792,0
298916,65,18380,0.779609203338623,10500.875279851258,0
298917,65,18381,0.7809413075447083,10501.656221158803,0
298918,65,18382,0.7934389114379883,10502.44966007024,0
298919,65,18383,0.7929665446281433,10503.242626614869,0
298920,65,18384,0.7871240973472595,10504.029750712216,0
298921,65,18385,0.7843583822250366,10504.814109094441,0
298922,65,18386,0.8009357452392578,10505.61504483968,0
298923,65,18387,0.7945324182510376,10506.409577257931,0
298924,65,18388,0.8003633618354797,10507.209940619767,0
298925,65,18389,0.7944680452346802,10508.004408665001,0
298926,65,18390,0.7869021892547607,10508.791310854256,0
298927,65,18391,0.803989589214325,10509.59530044347,0
298928,65,18392,0.8035561442375183,10510.398856587708,0
298929,65,18393,0.7930933237075806,10511.191949911416,0
298930,65,18394,0.8083839416503906,10512.000333853066,0
298931,65,18395,0.8031957149505615,10512.803529568017,0
298932,65,18396,0.8006011247634888,10513.60413069278,0
298933,65,18397,0.7974098324775696,10514.401540525258,0
298934,65,18398,0.8170983791351318,10515.218638904393,0
298935,65,18399,0.8158919811248779,10516.034530885518,0
298936,65,18400,0.8109305500984192,10516.845461435616,0
298937,65,18401,0.8243686556816101,10517.669830091298,0
298938,65,18402,0.8236591815948486,10518.493489272892,0
298939,65,18403,0.8183863759040833,10519.311875648797,0
298940,65,18404,0.8154995441436768,10520.12737519294,0
298941,65,18405,0.8155179619789124,10520.94289315492,0
298942,65,18406,0.8185771703720093,10521.761470325291,0
298943,65,18407,0.822891891002655,10522.584362216294,0
298944,65,18408,0.8275773525238037,10523.411939568818,0
298945,65,18409,0.8318421244621277,10524.24378169328,0
298946,65,18410,0.8450689315795898,10525.08885062486,0
298947,65,18411,0.8453574776649475,10525.934208102524,0
298948,65,18412,0.8410642147064209,10526.77527231723,0
298949,65,18413,0.839185357093811,10527.614457674325,0
298950,65,18414,0.839950680732727,10528.454408355057,0
298951,65,18415,0.8435292840003967,10529.297937639058,0
298952,65,18416,0.8478069305419922,10530.1457445696,0
298953,65,18417,0.8691338300704956,10531.01487839967,0
298954,65,18418,0.871759831905365,10531.886638231575,0
298955,65,18419,0.8672538995742798,10532.75389213115,0
298956,65,18420,0.8620454668998718,10533.61593759805,0
298957,65,18421,0.8629476428031921,10534.478885240853,0
298958,65,18422,0.8691198229789734,10535.348005063832,0
298959,65,18423,0.8916443586349487,10536.239649422467,0
298960,65,18424,0.8909779787063599,10537.130627401173,0
298961,65,18425,0.8803392648696899,10538.010966666043,0
298962,65,18426,0.8989571928977966,10538.90992385894,0
298963,65,18427,0.9025194048881531,10539.812443263829,0
298964,65,18428,0.9069779515266418,10540.719421215355,0
298965,65,18429,0.9048002362251282,10541.62422145158,0
298966,65,18430,0.9174075722694397,10542.54162902385,0
298967,65,18431,0.9156426787376404,10543.457271702588,0
298968,65,18432,0.9110709428787231,10544.368342645466,0
298969,65,18433,0.9271350502967834,10545.295477695763,0
298970,65,18434,0.9272924065589905,10546.222770102322,0
298971,65,18435,0.9223268032073975,10547.14509690553,0
298972,65,18436,0.9375993609428406,10548.082696266472,0
298973,65,18437,0.9373178482055664,10549.020014114678,0
298974,65,18438,0.9379088878631592,10549.957923002541,0
298975,65,18439,0.9540585279464722,10550.911981530488,0
298976,65,18440,0.9573162794113159,10551.869297809899,0
298977,65,18441,0.9555266499519348,10552.82482445985,0
298978,65,18442,0.957149863243103,10553.781974323094,0
298979,65,18443,0.9603936076164246,10554.74236793071,0
298980,65,18444,0.9636788964271545,10555.706046827137,0
298981,65,18445,0.9835511445999146,10556.689597971737,0
298982,65,18446,0.9801751375198364,10557.669773109257,0
298983,65,18447,0.9849677681922913,10558.65474087745,0
298984,65,18448,0.9833605289459229,10559.638101406395,0
298985,65,18449,0.9763491749763489,10560.614450581372,0
298986,65,18450,0.9729312658309937,10561.587381847203,0
298987,65,18451,0.9950185418128967,10562.582400389016,0
298988,65,18452,0.9967426061630249,10563.579142995179,0
298989,65,18453,1.0041033029556274,10564.583246298134,0
298990,65,18454,1.007432460784912,10565.59067875892,0
298991,65,18455,1.0115987062454224,10566.602277465165,0
298992,65,18456,1.0064328908920288,10567.608710356057,0
298993,65,18457,1.0055806636810303,10568.614291019738,0
298994,65,18458,1.0074414014816284,10569.62173242122,0
298995,65,18459,1.0116068124771118,10570.633339233696,0
298996,65,18460,1.0350956916809082,10571.668434925377,0
298997,65,18461,1.0371273756027222,10572.70556230098,0
298998,65,18462,1.030251145362854,10573.735813446343,0
298999,65,18463,1.044303297996521,10574.78011674434,0
299000,65,18464,1.0466512441635132,10575.826767988503,0
299001,65,18465,1.0556696653366089,10576.88243765384,0
299002,65,18466,1.0590945482254028,10577.941532202065,0
299003,65,18467,1.0679129362106323,10579.009445138276,0
299004,65,18468,1.0732089281082153,10580.082654066384,0
299005,65,18469,1.0749025344848633,10581.157556600869,0
299006,65,18470,1.073290467262268,10582.230847068131,0
299007,65,18471,1.0746098756790161,10583.30545694381,0
299008,65,18472,1.0767725706100464,10584.38222951442,0
299009,65,18473,1.0944523811340332,10585.476681895554,0
299010,65,18474,1.0873165130615234,10586.563998408616,0
299011,65,18475,1.0879437923431396,10587.651942200959,0
299012,65,18476,1.0785439014434814,10588.730486102402,0
299013,65,18477,1.0672987699508667,10589.797784872353,0
299014,65,18478,1.0583434104919434,10590.856128282845,0
299015,65,18479,1.0525907278060913,10591.908719010651,0
299016,65,18480,1.0492830276489258,10592.9580020383,0
299017,65,18481,1.06394624710083,10594.0219482854,0
299018,65,18482,1.0602760314941406,10595.082224316895,0
299019,65,18483,1.0451964139938354,10596.127420730889,0
299020,65,18484,1.0589569807052612,10597.186377711594,0
299021,65,18485,1.054541826248169,10598.240919537842,0
299022,65,18486,1.0538573265075684,10599.29477686435,0
299023,65,18487,1.046697735786438,10600.341474600136,0
299024,65,18488,1.0537704229354858,10601.395245023072,0
299025,65,18489,1.0495222806930542,10602.444767303765,0
299026,65,18490,1.044189214706421,10603.488956518471,0
299027,65,18491,1.0560660362243652,10604.545022554696,0
299028,65,18492,1.0486445426940918,10605.59366709739,0
299029,65,18493,1.0503777265548706,10606.644044823945,0
299030,65,18494,1.0481650829315186,10607.692209906876,0
299031,65,18495,1.049040675163269,10608.74125058204,0
299032,65,18496,1.0472718477249146,10609.788522429764,0
299033,65,18497,1.0461488962173462,10610.834671325982,0
299034,65,18498,1.0359407663345337,10611.870612092316,0
299035,65,18499,1.0416502952575684,10612.912262387574,0
299036,65,18500,1.0340535640716553,10613.946315951645,0
299037,65,18501,1.0265651941299438,10614.972881145775,0
299038,65,18502,1.0398677587509155,10616.012748904526,0
299039,65,18503,1.0332783460617065,10617.046027250588,0
299040,65,18504,1.035955786705017,10618.081983037293,0
299041,65,18505,1.033486008644104,10619.115469045937,0
299042,65,18506,1.0325911045074463,10620.148060150445,0
299043,65,18507,1.0265494585037231,10621.174609608948,0
299044,65,18508,1.038291573524475,10622.212901182473,0
299045,65,18509,1.0304826498031616,10623.243383832276,0
299046,65,18510,1.0347316265106201,10624.278115458786,0
299047,65,18511,1.033379077911377,10625.311494536698,0
299048,65,18512,1.0332095623016357,10626.344704099,0
299049,65,18513,1.027996301651001,10627.37270040065,0
299050,65,18514,1.0193578004837036,10628.392058201134,0
299051,65,18515,1.0144025087356567,10629.40646070987,0
299052,65,18516,1.0303938388824463,10630.436854548752,0
299053,65,18517,1.0259499549865723,10631.462804503739,0
299054,65,18518,1.0149705410003662,10632.47777504474,0
299055,65,18519,1.020108938217163,10633.497883982956,0
299056,65,18520,1.021368145942688,10634.5192521289,0
299057,65,18521,1.016087532043457,10635.535339660943,0
299058,65,18522,1.012035846710205,10636.547375507653,0
299059,65,18523,1.0122672319412231,10637.559642739594,0
299060,65,18524,1.0150967836380005,10638.574739523232,0
299061,65,18525,1.0048415660858154,10639.579581089318,0
299062,65,18526,1.0071429014205933,10640.586723990738,0
299063,65,18527,1.0077308416366577,10641.594454832375,0
299064,65,18528,1.0024335384368896,10642.596888370812,0
299065,65,18529,0.9971721768379211,10643.59406054765,0
299066,65,18530,0.9962654113769531,10644.590325959027,0
299067,65,18531,0.9952443242073059,10645.585570283234,0
299068,65,18532,0.9938759207725525,10646.579446204007,0
299069,65,18533,1.0000860691070557,10647.579532273114,0
299070,65,18534,0.992413341999054,10648.571945615113,0
299071,65,18535,0.9868986010551453,10649.558844216168,0
299072,65,18536,1.0022226572036743,10650.561066873372,0
299073,65,18537,1.002421259880066,10651.563488133252,0
299074,65,18538,0.9933366775512695,10652.556824810803,0
299075,65,18539,0.9998811483383179,10653.556705959141,0
299076,65,18540,0.9985344409942627,10654.555240400136,0
299077,65,18541,0.9918736815452576,10655.54711408168,0
299078,65,18542,0.9998937249183655,10656.5470078066,0
299079,65,18543,0.9999725818634033,10657.546980388463,0
299080,65,18544,0.9996511936187744,10658.546631582081,0
299081,65,18545,0.9984867572784424,10659.54511833936,0
299082,65,18546,0.990992546081543,10660.536110885441,0
299083,65,18547,1.000479817390442,10661.536590702832,0
299084,65,18548,1.0025547742843628,10662.539145477116,0
299085,65,18549,1.0004204511642456,10663.53956592828,0
299086,65,18550,1.0030769109725952,10664.542642839253,0
299087,65,18551,1.0004805326461792,10665.5431233719,0
299088,65,18552,1.0038244724273682,10666.546947844326,0
299089,65,18553,1.0012903213500977,10667.548238165677,0
299090,65,18554,0.9999129176139832,10668.54815108329,0
299091,65,18555,1.0065761804580688,10669.554727263749,0
299092,65,18556,1.0036307573318481,10670.55835802108,0
299093,65,18557,0.9992589354515076,10671.557616956532,0
299094,65,18558,0.9993934631347656,10672.557010419667,0
299095,65,18559,1.0007933378219604,10673.557803757489,0
299096,65,18560,1.0088194608688354,10674.566623218358,0
299097,65,18561,1.004058599472046,10675.57068181783,0
299098,65,18562,1.0028820037841797,10676.573563821614,0
299099,65,18563,1.0008342266082764,10677.574398048222,0
299100,65,18564,0.9998684525489807,10678.574266500771,0
299101,65,18565,1.0028326511383057,10679.57709915191,0
299102,65,18566,1.0060900449752808,10680.583189196885,0
299103,65,18567,1.0048205852508545,10681.588009782135,0
299104,65,18568,0.999137818813324,10682.587147600949,0
299105,65,18569,1.004441261291504,10683.59158886224,0
299106,65,18570,1.0007530450820923,10684.592341907322,0
299107,65,18571,1.0053980350494385,10685.597739942372,0
299108,65,18572,0.9993524551391602,10686.597092397511,0
299109,65,18573,1.000182867050171,10687.597275264561,0
299110,65,18574,0.9976109266281128,10688.59488619119,0
299111,65,18575,1.0014805793762207,10689.596366770566,0
299112,65,18576,0.9914332628250122,10690.58780003339,0
299113,65,18577,0.9954488277435303,10691.583248861134,0
299114,65,18578,0.9986706972122192,10692.581919558346,0
299115,65,18579,0.9907466173171997,10693.572666175663,0
299116,65,18580,0.9903848171234131,10694.563050992787,0
299117,65,18581,0.9883328080177307,10695.551383800805,0
299118,65,18582,0.9959940910339355,10696.547377891839,0
299119,65,18583,0.997073233127594,10697.544451124966,0
299120,65,18584,0.9851874113082886,10698.529638536274,0
299121,65,18585,0.9922275543212891,10699.521866090596,0
299122,65,18586,0.9861648678779602,10700.508030958474,0
299123,65,18587,0.9862493276596069,10701.494280286133,0
299124,65,18588,0.9943620562553406,10702.488642342389,0
299125,65,18589,0.9837771654129028,10703.472419507802,0
299126,65,18590,0.9864315986633301,10704.458851106465,0
299127,65,18591,0.9941612482070923,10705.453012354672,0
299128,65,18592,0.9919440746307373,10706.444956429303,0
299129,65,18593,0.9888988137245178,10707.433855243027,0
299130,65,18594,0.9894300699234009,10708.42328531295,0
299131,65,18595,0.9907100200653076,10709.413995333016,0
299132,65,18596,0.9895347356796265,10710.403530068696,0
299133,65,18597,0.9993470311164856,10711.402877099812,0
299134,65,18598,0.9975608587265015,10712.400437958539,0
299135,65,18599,0.9978721737861633,10713.398310132325,0
299136,65,18600,1.0013561248779297,10714.399666257203,0
299137,65,18601,0.9995760917663574,10715.399242348969,0
299138,65,18602,0.9959288239479065,10716.395171172917,0
299139,65,18603,0.9954969882965088,10717.390668161213,0
299140,65,18604,1.0038598775863647,10718.3945280388,0
299141,65,18605,0.9992164373397827,10719.39374447614,0
299142,65,18606,1.0042518377304077,10720.39799631387,0
299143,65,18607,0.998289942741394,10721.396286256611,0
299144,65,18608,1.0016404390335083,10722.397926695645,0
299145,65,18609,0.9985748529434204,10723.396501548588,0
299146,65,18610,1.0027393102645874,10724.399240858853,0
299147,65,18611,0.9980396032333374,10725.397280462086,0
299148,65,18612,1.0054045915603638,10726.402685053647,0
299149,65,18613,1.0006953477859497,10727.403380401433,0
299150,65,18614,1.0055543184280396,10728.40893471986,0
299151,65,18615,0.9961830973625183,10729.405117817223,0
299152,65,18616,1.0018612146377563,10730.40697903186,0
299153,65,18617,0.9952502250671387,10731.402229256928,0
299154,65,18618,0.9954546689987183,10732.397683925927,0
299155,65,18619,0.9984784722328186,10733.39616239816,0
299156,65,18620,1.0023876428604126,10734.39855004102,0
299157,65,18621,1.0066133737564087,10735.405163414776,0
299158,65,18622,1.0089462995529175,10736.41410971433,0
299159,65,18623,0.9947702884674072,10737.408880002797,0
299160,65,18624,1.0039300918579102,10738.412810094655,0
299161,65,18625,1.0101149082183838,10739.422925002873,0
299162,65,18626,1.0163058042526245,10740.439230807126,0
299163,65,18627,1.0051594972610474,10741.444390304387,0
299164,65,18628,1.0136147737503052,10742.458005078137,0
299165,65,18629,1.0077115297317505,10743.465716607869,0
299166,65,18630,1.0097204446792603,10744.475437052548,0
299167,65,18631,1.0180736780166626,10745.493510730565,0
299168,65,18632,1.0060348510742188,10746.499545581639,0
299169,65,18633,1.0162980556488037,10747.515843637288,0
299170,65,18634,1.0092052221298218,10748.525048859417,0
299171,65,18635,1.0118266344070435,10749.536875493824,0
299172,65,18636,1.0107675790786743,10750.547643072903,0
299173,65,18637,1.008960485458374,10751.556603558362,0
299174,65,18638,1.008652925491333,10752.565256483853,0
299175,65,18639,1.0056815147399902,10753.570937998593,0
299176,65,18640,1.0098077058792114,10754.580745704472,0
299177,65,18641,1.0164848566055298,10755.597230561078,0
299178,65,18642,1.0226448774337769,10756.619875438511,0
299179,65,18643,1.0086899995803833,10757.628565438092,0
299180,65,18644,1.0149515867233276,10758.643517024815,0
299181,65,18645,1.0154790878295898,10759.658996112645,0
299182,65,18646,1.02945876121521,10760.68845487386,0
299183,65,18647,1.0220533609390259,10761.710508234799,0
299184,65,18648,1.0270307064056396,10762.737538941205,0
299185,65,18649,1.0362800359725952,10763.773818977177,0
299186,65,18650,1.0419697761535645,10764.81578875333,0
299187,65,18651,1.0267926454544067,10765.842581398785,0
299188,65,18652,1.0337234735488892,10766.876304872334,0
299189,65,18653,1.039262294769287,10767.915567167103,0
299190,65,18654,1.0453368425369263,10768.96090400964,0
299191,65,18655,1.0321948528289795,10769.99309886247,0
299192,65,18656,1.0393484830856323,10771.032447345555,0
299193,65,18657,1.0463677644729614,10772.078815110028,0
299194,65,18658,1.0380948781967163,10773.116909988225,0
299195,65,18659,1.0495632886886597,10774.166473276913,0
299196,65,18660,1.0418857336044312,10775.208359010518,0
299197,65,18661,1.047467827796936,10776.255826838315,0
299198,65,18662,1.0400848388671875,10777.295911677182,0
299199,65,18663,1.045530915260315,10778.341442592442,0
299200,65,18664,1.0541987419128418,10779.395641334355,0
299201,65,18665,1.061883568763733,10780.457524903119,0
299202,65,18666,1.0643693208694458,10781.521894223988,0
299203,65,18667,1.0645140409469604,10782.586408264935,0
299204,65,18668,1.0630087852478027,10783.649417050183,0
299205,65,18669,1.0608093738555908,10784.710226424038,0
299206,65,18670,1.042920708656311,10785.753147132695,0
299207,65,18671,1.052940011024475,10786.80608714372,0
299208,65,18672,1.0454336404800415,10787.8515207842,0
299209,65,18673,1.0510767698287964,10788.902597554028,0
299210,65,18674,1.0560483932495117,10789.958645947278,0
299211,65,18675,1.0625693798065186,10791.021215327084,0
299212,65,18676,1.0631781816482544,10792.084393508732,0
299213,65,18677,1.0634756088256836,10793.147869117558,0
299214,65,18678,1.0618762969970703,10794.209745414555,0
299215,65,18679,1.043016791343689,10795.252762205899,0
299216,65,18680,1.0508723258972168,10796.303634531796,0
299217,65,18681,1.0428270101547241,10797.34646154195,0
299218,65,18682,1.044521689414978,10798.390983231366,0
299219,65,18683,1.040758490562439,10799.431741721928,0
299220,65,18684,1.0423061847686768,10800.474047906697,0
299221,65,18685,1.0409997701644897,10801.515047676861,0
299222,65,18686,1.0473737716674805,10802.562421448529,0
299223,65,18687,1.0535084009170532,10803.615929849446,0
299224,65,18688,1.0543513298034668,10804.67028117925,0
299225,65,18689,1.0532097816467285,10805.723490960896,0
299226,65,18690,1.0541927814483643,10806.777683742344,0
299227,65,18691,1.0563569068908691,10807.834040649235,0
299228,65,18692,1.0592349767684937,10808.893275626004,0
299229,65,18693,1.0466609001159668,10809.93993652612,0
299230,65,18694,1.0534868240356445,10810.993423350155,0
299231,65,18695,1.0664702653884888,10812.059893615544,0
299232,65,18696,1.0640661716461182,10813.12395978719,0
299233,65,18697,1.066563606262207,10814.190523393452,0
299234,65,18698,1.0699187517166138,10815.260442145169,0
299235,65,18699,1.0677913427352905,10816.328233487904,0
299236,65,18700,1.0780057907104492,10817.406239278615,0
299237,65,18701,1.0850824117660522,10818.49132169038,0
299238,65,18702,1.0759564638137817,10819.567278154194,0
299239,65,18703,1.0837026834487915,10820.650980837643,0
299240,65,18704,1.0812633037567139,10821.7322441414,0
299241,65,18705,1.0865319967269897,10822.818776138127,0
299242,65,18706,1.082031488418579,10823.900807626545,0
299243,65,18707,1.0894876718521118,10824.990295298398,0
299244,65,18708,1.0868864059448242,10826.077181704342,0
299245,65,18709,1.0926657915115356,10827.169847495854,0
299246,65,18710,1.091252326965332,10828.26109982282,0
299247,65,18711,1.07755708694458,10829.338656909764,0
299248,65,18712,1.0806821584701538,10830.419339068234,0
299249,65,18713,1.0766186714172363,10831.495957739651,0
299250,65,18714,1.080019235610962,10832.575976975262,0
299251,65,18715,1.0799834728240967,10833.655960448086,0
299252,65,18716,1.0605641603469849,10834.716524608433,0
299253,65,18717,1.0599709749221802,10835.776495583355,0
299254,65,18718,1.0509731769561768,10836.827468760312,0
299255,65,18719,1.0506844520568848,10837.878153212368,0
299256,65,18720,1.0454000234603882,10838.923553235829,0
299257,65,18721,1.0432363748550415,10839.966789610684,0
299258,65,18722,1.0393129587173462,10841.006102569401,0
299259,65,18723,1.0364577770233154,10842.042560346425,0
299260,65,18724,1.0391422510147095,10843.08170259744,0
299261,65,18725,1.0414456129074097,10844.123148210347,0
299262,65,18726,1.0262027978897095,10845.149351008236,0
299263,65,18727,1.0293422937393188,10846.178693301976,0
299264,65,18728,1.0314812660217285,10847.210174567997,0
299265,65,18729,1.0199393033981323,10848.230113871396,0
299266,65,18730,1.0243916511535645,10849.25450552255,0
299267,65,18731,1.0319554805755615,10850.286461003125,0
299268,65,18732,1.0141870975494385,10851.300648100674,0
299269,65,18733,1.0178202390670776,10852.318468339741,0
299270,65,18734,1.0096262693405151,10853.328094609082,0
299271,65,18735,1.0158607959747314,10854.343955405056,0
299272,65,18736,1.0091289281845093,10855.353084333241,0
299273,65,18737,1.0089209079742432,10856.362005241215,0
299274,65,18738,1.0054396390914917,10857.367444880307,0
299275,65,18739,0.9999451637268066,10858.367390044034,0
299276,65,18740,0.9984915256500244,10859.365881569684,0
299277,65,18741,0.9931341409683228,10860.359015710652,0
299278,65,18742,0.9944828748703003,10861.353498585522,0
299279,65,18743,0.9991983771324158,10862.352696962655,0
299280,65,18744,1.0020219087600708,10863.354718871415,0
299281,65,18745,0.9991510510444641,10864.35386992246,0
299282,65,18746,0.9945663213729858,10865.348436243832,0
299283,65,18747,0.9789379239082336,10866.32737416774,0
299284,65,18748,0.9797099232673645,10867.307084091008,0
299285,65,18749,0.9750309586524963,10868.28211504966,0
299286,65,18750,0.969038188457489,10869.251153238118,0
299287,65,18751,0.9715035557746887,10870.222656793892,0
299288,65,18752,0.959321916103363,10871.181978709996,0
299289,65,18753,0.9568303823471069,10872.138809092343,0
299290,65,18754,0.9578200578689575,10873.096629150212,0
299291,65,18755,0.9434680342674255,10874.04009718448,0
299292,65,18756,0.9434522390365601,10874.983549423516,0
299293,65,18757,0.9368178248405457,10875.920367248356,0
299294,65,18758,0.9327027797698975,10876.853070028126,0
299295,65,18759,0.9285013675689697,10877.781571395695,0
299296,65,18760,0.9253755807876587,10878.706946976483,0
299297,65,18761,0.9223379492759705,10879.629284925759,0
299298,65,18762,0.9175216555595398,10880.546806581318,0
299299,65,18763,0.9116653800010681,10881.45847196132,0
299300,65,18764,0.9158731698989868,10882.374345131218,0
299301,65,18765,0.8997741341590881,10883.274119265378,0
299302,65,18766,0.9005919098854065,10884.174711175263,0
299303,65,18767,0.8889337182044983,10885.063644893467,0
299304,65,18768,0.8886568546295166,10885.952301748097,0
299305,65,18769,0.8807774186134338,10886.83307916671,0
299306,65,18770,0.8858419060707092,10887.718921072781,0
299307,65,18771,0.8753484487533569,10888.594269521534,0
299308,65,18772,0.8756646513938904,10889.469934172928,0
299309,65,18773,0.8660767078399658,10890.336010880768,0
299310,65,18774,0.8656304478645325,10891.201641328633,0
299311,65,18775,0.8581349849700928,10892.059776313603,0
299312,65,18776,0.8598760366439819,10892.919652350247,0
299313,65,18777,0.8488893508911133,10893.768541701138,0
299314,65,18778,0.845492959022522,10894.61403466016,0
299315,65,18779,0.848854124546051,10895.462888784707,0
299316,65,18780,0.8512826561927795,10896.3141714409,0
299317,65,18781,0.8497536182403564,10897.16392505914,0
299318,65,18782,0.8291157484054565,10897.993040807545,0
299319,65,18783,0.8303359746932983,10898.823376782238,0
299320,65,18784,0.8241291642189026,10899.647505946457,0
299321,65,18785,0.8305391073226929,10900.47804505378,0
299322,65,18786,0.8331079483032227,10901.311153002083,0
299323,65,18787,0.8107448220252991,10902.121897824109,0
299324,65,18788,0.8140289187431335,10902.935926742852,0
299325,65,18789,0.8031021952629089,10903.739028938115,0
299326,65,18790,0.8045239448547363,10904.54355288297,0
299327,65,18791,0.7965410947799683,10905.34009397775,0
299328,65,18792,0.7957078218460083,10906.135801799595,0
299329,65,18793,0.7909196019172668,10906.926721401513,0
299330,65,18794,0.7886769771575928,10907.71539837867,0
299331,65,18795,0.7930309772491455,10908.50842935592,0
299332,65,18796,0.7825718522071838,10909.291001208127,0
299333,65,18797,0.782865047454834,10910.073866255581,0
299334,65,18798,0.7888072729110718,10910.862673528492,0
299335,65,18799,0.7884306907653809,10911.651104219258,0
299336,65,18800,0.7859635949134827,10912.437067814171,0
299337,65,18801,0.782492458820343,10913.219560272992,0
299338,65,18802,0.762067973613739,10913.981628246605,0
299339,65,18803,0.7619104981422424,10914.743538744748,0
299340,65,18804,0.7622158527374268,10915.505754597485,0
299341,65,18805,0.7656476497650146,10916.27140224725,0
299342,65,18806,0.766993522644043,10917.038395769894,0
299343,65,18807,0.7495317459106445,10917.787927515805,0
299344,65,18808,0.7503468990325928,10918.538274414837,0
299345,65,18809,0.7538255453109741,10919.292099960148,0
299346,65,18810,0.7546289563179016,10920.046728916466,0
299347,65,18811,0.7540233135223389,10920.800752229989,0
299348,65,18812,0.734683632850647,10921.53543586284,0
299349,65,18813,0.7409721612930298,10922.276408024132,0
299350,65,18814,0.7338298559188843,10923.010237880051,0
299351,65,18815,0.7324230670928955,10923.742660947144,0
299352,65,18816,0.7289080619812012,10924.471569009125,0
299353,65,18817,0.7279794216156006,10925.19954843074,0
299354,65,18818,0.7235245108604431,10925.923072941601,0
299355,65,18819,0.7258504629135132,10926.648923404515,0
299356,65,18820,0.7160688042640686,10927.364992208779,0
299357,65,18821,0.7191566228866577,10928.084148831666,0
299358,65,18822,0.7225536108016968,10928.806702442467,0
299359,65,18823,0.7048945426940918,10929.511596985161,0
299360,65,18824,0.7064885497093201,10930.21808553487,0
299361,65,18825,0.7030385136604309,10930.921124048531,0
299362,65,18826,0.7024245858192444,10931.62354863435,0
299363,65,18827,0.707287073135376,10932.330835707486,0
299364,65,18828,0.707459568977356,10933.038295276463,0
299365,65,18829,0.7063394784927368,10933.744634754956,0
299366,65,18830,0.685454785823822,10934.43008954078,0
299367,65,18831,0.6922074556350708,10935.122296996415,0
299368,65,18832,0.6857279539108276,10935.808024950325,0
299369,65,18833,0.6863062977790833,10936.494331248105,0
299370,65,18834,0.6808744668960571,10937.175205715,0
299371,65,18835,0.6805331707000732,10937.8557388857,0
299372,65,18836,0.6778838634490967,10938.53362274915,0
299373,65,18837,0.6841323971748352,10939.217755146325,0
299374,65,18838,0.6711936593055725,10939.88894880563,0
299375,65,18839,0.6726285219192505,10940.56157732755,0
299376,65,18840,0.6736218929290771,10941.235199220479,0
299377,65,18841,0.6606457233428955,10941.895844943821,0
299378,65,18842,0.6607051491737366,10942.556550092995,0
299379,65,18843,0.6546103358268738,10943.211160428822,0
299380,65,18844,0.6525855660438538,10943.863745994866,0
299381,65,18845,0.6578683257102966,10944.521614320576,0
299382,65,18846,0.6596606373786926,10945.181274957955,0
299383,65,18847,0.6462252140045166,10945.82750017196,0
299384,65,18848,0.6468279361724854,10946.474328108132,0
299385,65,18849,0.6561858654022217,10947.130513973534,0
299386,65,18850,0.6363844871520996,10947.766898460686,0
299387,65,18851,0.6386531591415405,10948.405551619828,0
299388,65,18852,0.633240282535553,10949.038791902363,0
299389,65,18853,0.63764888048172,10949.676440782845,0
299390,65,18854,0.6280377507209778,10950.304478533566,0
299391,65,18855,0.6329091191291809,10950.937387652695,0
299392,65,18856,0.6242958307266235,10951.561683483422,0
299393,65,18857,0.6274993419647217,10952.189182825387,0
299394,65,18858,0.6148685812950134,10952.804051406682,0
299395,65,18859,0.6173932552337646,10953.421444661915,0
299396,65,18860,0.6218373775482178,10954.043282039464,0
299397,65,18861,0.6246389150619507,10954.667920954525,0
299398,65,18862,0.6236550211906433,10955.291575975716,0
299399,65,18863,0.6048182845115662,10955.896394260228,0
299400,65,18864,0.6077926158905029,10956.504186876118,0
299401,65,18865,0.6090378165245056,10957.113224692643,0
299402,65,18866,0.6100972890853882,10957.723321981728,0
299403,65,18867,0.6077780723571777,10958.331100054085,0
299404,65,18868,0.607105553150177,10958.938205607235,0
299405,65,18869,0.6127884984016418,10959.550994105637,0
299406,65,18870,0.6027705669403076,10960.153764672577,0
299407,65,18871,0.6010528802871704,10960.754817552865,0
299408,65,18872,0.6041511297225952,10961.358968682587,0
299409,65,18873,0.5913537740707397,10961.950322456658,0
299410,65,18874,0.5943944454193115,10962.544716902077,0
299411,65,18875,0.6003922820091248,10963.145109184086,0
299412,65,18876,0.5918602347373962,10963.736969418824,0
299413,65,18877,0.594887375831604,10964.331856794655,0
299414,65,18878,0.5989830493927002,10964.930839844048,0
299415,65,18879,0.5905864834785461,10965.521426327527,0
299416,65,18880,0.5925453901290894,10966.113971717656,0
299417,65,18881,0.5954950451850891,10966.70946676284,0
299418,65,18882,0.5863157510757446,10967.295782513916,0
299419,65,18883,0.5916538238525391,10967.887436337769,0
299420,65,18884,0.6007769703865051,10968.488213308156,0
299421,65,18885,0.581134021282196,10969.069347329438,0
299422,65,18886,0.5864232182502747,10969.655770547688,0
299423,65,18887,0.5881049036979675,10970.243875451386,0
299424,65,18888,0.5746115446090698,10970.818486995995,0
299425,65,18889,0.5774828195571899,10971.395969815552,0
299426,65,18890,0.5797886252403259,10971.975758440793,0
299427,65,18891,0.5833601355552673,10972.559118576348,0
299428,65,18892,0.5667696595191956,10973.125888235867,0
299429,65,18893,0.5714051723480225,10973.697293408215,0
299430,65,18894,0.5707833170890808,10974.268076725304,0
299431,65,18895,0.5714823603630066,10974.839559085667,0
299432,65,18896,0.570022463798523,10975.409581549466,0
299433,65,18897,0.5667048096656799,10975.976286359131,0
299434,65,18898,0.5663664937019348,10976.542652852833,0
299435,65,18899,0.5635529160499573,10977.106205768883,0
299436,65,18900,0.565453827381134,10977.671659596264,0
299437,65,18901,0.5721948146820068,10978.243854410946,0
299438,65,18902,0.5729175806045532,10978.816771991551,0
299439,65,18903,0.5718593001365662,10979.388631291687,0
299440,65,18904,0.5704464912414551,10979.959077782929,0
299441,65,18905,0.5532597899436951,10980.512337572873,0
299442,65,18906,0.5577911734580994,10981.07012874633,0
299443,65,18907,0.5627562403678894,10981.632884986699,0
299444,65,18908,0.5659542083740234,10982.198839195073,0
299445,65,18909,0.567187488079071,10982.766026683152,0
299446,65,18910,0.5651785135269165,10983.331205196679,0
299447,65,18911,0.5486893057823181,10983.879894502461,0
299448,65,18912,0.5538202524185181,10984.43371475488,0
299449,65,18913,0.549145519733429,10984.982860274613,0
299450,65,18914,0.5577311515808105,10985.540591426194,0
299451,65,18915,0.5622419714927673,10986.102833397686,0
299452,65,18916,0.5437996983528137,10986.64663309604,0
299453,65,18917,0.5430422425270081,10987.189675338566,0
299454,65,18918,0.5402480363845825,10987.72992337495,0
299455,65,18919,0.5450795888900757,10988.275002963841,0
299456,65,18920,0.5320485830307007,10988.807051546872,0
299457,65,18921,0.5370538830757141,10989.344105429947,0
299458,65,18922,0.5403376221656799,10989.884443052113,0
299459,65,18923,0.5448903441429138,10990.429333396256,0
299460,65,18924,0.5247521996498108,10990.954085595906,0
299461,65,18925,0.5264537930488586,10991.480539388955,0
299462,65,18926,0.5199788212776184,10992.000518210232,0
299463,65,18927,0.5187576413154602,10992.519275851548,0
299464,65,18928,0.512411892414093,10993.031687743962,0
299465,65,18929,0.5117867588996887,10993.543474502861,0
299466,65,18930,0.5067311525344849,10994.050205655396,0
299467,65,18931,0.5071839690208435,10994.557389624417,0
299468,65,18932,0.5108980536460876,10995.068287678063,0
299469,65,18933,0.498853862285614,10995.567141540349,0
299470,65,18934,0.49978017807006836,10996.066921718419,0
299471,65,18935,0.4911503493785858,10996.558072067797,0
299472,65,18936,0.4980192184448242,10997.056091286242,0
299473,65,18937,0.48836034536361694,10997.544451631606,0
299474,65,18938,0.49346473813056946,10998.037916369736,0
299475,65,18939,0.4860977232456207,10998.524014092982,0
299476,65,18940,0.4878818392753601,10999.011895932257,0
299477,65,18941,0.4829896092414856,10999.494885541499,0
299478,65,18942,0.48886242508888245,10999.983747966588,0
299479,65,18943,0.47887900471687317,11000.462626971304,0
299480,65,18944,0.4778778851032257,11000.940504856408,0
299481,65,18945,0.47327888011932373,11001.413783736527,0
299482,65,18946,0.4733823239803314,11001.887166060507,0
299483,65,18947,0.4667324721813202,11002.353898532689,0
299484,65,18948,0.4696168601512909,11002.82351539284,0
299485,65,18949,0.476942241191864,11003.300457634032,0
299486,65,18950,0.47794610261917114,11003.778403736651,0
299487,65,18951,0.46172598004341125,11004.240129716694,0
299488,65,18952,0.4647423028945923,11004.704872019589,0
299489,65,18953,0.4575117230415344,11005.16238374263,0
299490,65,18954,0.45674365758895874,11005.61912740022,0
299491,65,18955,0.46471062302589417,11006.083838023245,0
299492,65,18956,0.4514431059360504,11006.535281129181,0
299493,65,18957,0.45363351702690125,11006.988914646208,0
299494,65,18958,0.4597657322883606,11007.448680378497,0
299495,65,18959,0.4635484218597412,11007.912228800356,0
299496,65,18960,0.4625023603439331,11008.3747311607,0
299497,65,18961,0.4607856571674347,11008.835516817868,0
299498,65,18962,0.45868584513664246,11009.294202663004,0
299499,65,18963,0.441193163394928,11009.7353958264,0
299500,65,18964,0.45095840096473694,11010.186354227364,0
299501,65,18965,0.4462370276451111,11010.63259125501,0
299502,65,18966,0.453701913356781,11011.086293168366,0
299503,65,18967,0.44898056983947754,11011.535273738205,0
299504,65,18968,0.4546058475971222,11011.989879585803,0
299505,65,18969,0.45938265323638916,11012.449262239039,0
299506,65,18970,0.461859792470932,11012.91112203151,0
299507,65,18971,0.46280786395072937,11013.37392989546,0
299508,65,18972,0.46177059412002563,11013.83570048958,0
299509,65,18973,0.46051374077796936,11014.296214230359,0
299510,65,18974,0.4593750238418579,11014.7555892542,0
299511,65,18975,0.4428805410861969,11015.198469795287,0
299512,65,18976,0.44618362188339233,11015.64465341717,0
299513,65,18977,0.4492916166782379,11016.093945033848,0
299514,65,18978,0.4558565616607666,11016.549801595509,0
299515,65,18979,0.46152904629707336,11017.011330641806,0
299516,65,18980,0.44875356554985046,11017.460084207356,0
299517,65,18981,0.45301955938339233,11017.91310376674,0
299518,65,18982,0.4507681429386139,11018.363871909678,0
299519,65,18983,0.45428112149238586,11018.81815303117,0
299520,65,18984,0.44327762722969055,11019.2614306584,0
299521,65,18985,0.44799181818962097,11019.70942247659,0
299522,65,18986,0.451092392206192,11020.160514868796,0
299523,65,18987,0.4532449245452881,11020.613759793341,0
299524,65,18988,0.45551857352256775,11021.069278366864,0
299525,65,18989,0.43683165311813354,11021.506110019982,0
299526,65,18990,0.444856733083725,11021.950966753066,0
299527,65,18991,0.4510968029499054,11022.402063556015,0
299528,65,18992,0.45284485816955566,11022.854908414185,0
299529,65,18993,0.43710336089134216,11023.292011775076,0
299530,65,18994,0.44126585125923157,11023.733277626336,0
299531,65,18995,0.4515697658061981,11024.184847392142,0
299532,65,18996,0.44111233949661255,11024.625959731638,0
299533,65,18997,0.4458213746547699,11025.071781106293,0
299534,65,18998,0.45328569412231445,11025.525066800416,0
299535,65,18999,0.4591711759567261,11025.984237976372,0
299536,65,19000,0.44024458527565,11026.424482561648,0
299537,65,19001,0.44070494174957275,11026.865187503397,0
299538,65,19002,0.452352374792099,11027.31753987819,0
299539,65,19003,0.45899367332458496,11027.776533551514,0
299540,65,19004,0.4436585009098053,11028.220192052424,0
299541,65,19005,0.4478202760219574,11028.668012328446,0
299542,65,19006,0.4401712119579315,11029.108183540404,0
299543,65,19007,0.4381716251373291,11029.546355165541,0
299544,65,19008,0.4351021349430084,11029.981457300484,0
299545,65,19009,0.4439908564090729,11030.425448156893,0
299546,65,19010,0.45127934217453003,11030.876727499068,0
299547,65,19011,0.4525786340236664,11031.329306133091,0
299548,65,19012,0.4340720772743225,11031.763378210366,0
299549,65,19013,0.437604159116745,11032.200982369483,0
299550,65,19014,0.43742966651916504,11032.638412036002,0
299551,65,19015,0.43548280000686646,11033.073894836009,0
299552,65,19016,0.4333900213241577,11033.507284857333,0
299553,65,19017,0.4406103491783142,11033.947895206511,0
299554,65,19018,0.43216755986213684,11034.380062766373,0
299555,65,19019,0.43829306960105896,11034.818355835974,0
299556,65,19020,0.44785523414611816,11035.26621107012,0
299557,65,19021,0.43301329016685486,11035.699224360287,0
299558,65,19022,0.437907338142395,11036.13713169843,0
299559,65,19023,0.4421504735946655,11036.579282172024,0
299560,65,19024,0.4298631548881531,11037.009145326912,0
299561,65,19025,0.43369588255882263,11037.442841209471,0
299562,65,19026,0.4284508526325226,11037.871292062104,0
299563,65,19027,0.42975738644599915,11038.30104944855,0
299564,65,19028,0.4283420741558075,11038.729391522706,0
299565,65,19029,0.43733200430870056,11039.166723527014,0
299566,65,19030,0.4273723363876343,11039.594095863402,0
299567,65,19031,0.43321946263313293,11040.027315326035,0
299568,65,19032,0.4399532079696655,11040.467268534005,0
299569,65,19033,0.44203248620033264,11040.909301020205,0
299570,65,19034,0.44449639320373535,11041.353797413409,0
299571,65,19035,0.4279298484325409,11041.781727261841,0
299572,65,19036,0.43616196513175964,11042.217889226973,0
299573,65,19037,0.4317479133605957,11042.649637140334,0
299574,65,19038,0.44218409061431885,11043.091821230948,0
299575,65,19039,0.4380524754524231,11043.5298737064,0
299576,65,19040,0.4438633620738983,11043.973737068474,0
299577,65,19041,0.44907158613204956,11044.422808654606,0
299578,65,19042,0.4532688558101654,11044.876077510417,0
299579,65,19043,0.45526090264320374,11045.33133841306,0
299580,65,19044,0.45444661378860474,11045.785785026848,0
299581,65,19045,0.4377219080924988,11046.22350693494,0
299582,65,19046,0.4424871504306793,11046.665994085371,0
299583,65,19047,0.44653525948524475,11047.112529344857,0
299584,65,19048,0.4456445872783661,11047.558173932135,0
299585,65,19049,0.45289894938468933,11048.01107288152,0
299586,65,19050,0.4426698684692383,11048.453742749989,0
299587,65,19051,0.44525018334388733,11048.898992933333,0
299588,65,19052,0.4445047080516815,11049.343497641385,0
299589,65,19053,0.4536778926849365,11049.79717553407,0
299590,65,19054,0.44570064544677734,11050.242876179516,0
299591,65,19055,0.45178866386413574,11050.69466484338,0
299592,65,19056,0.45597776770591736,11051.150642611086,0
299593,65,19057,0.44158250093460083,11051.592225112021,0
299594,65,19058,0.4486425518989563,11052.04086766392,0
299595,65,19059,0.45626765489578247,11052.497135318816,0
299596,65,19060,0.4423898160457611,11052.939525134861,0
299597,65,19061,0.4486749470233917,11053.388200081885,0
299598,65,19062,0.4606156647205353,11053.848815746605,0
299599,65,19063,0.45026475191116333,11054.299080498517,0
299600,65,19064,0.45572710037231445,11054.754807598889,0
299601,65,19065,0.4610806703567505,11055.215888269246,0
299602,65,19066,0.46678122878074646,11055.682669498026,0
299603,65,19067,0.45459356904029846,11056.137263067067,0
299604,65,19068,0.4614325761795044,11056.598695643246,0
299605,65,19069,0.4737257659435272,11057.07242140919,0
299606,65,19070,0.47747665643692017,11057.549898065627,0
299607,65,19071,0.4797113835811615,11058.029609449208,0
299608,65,19072,0.4611649215221405,11058.49077437073,0
299609,65,19073,0.4673030376434326,11058.958077408373,0
299610,65,19074,0.4713437259197235,11059.429421134293,0
299611,65,19075,0.45992985367774963,11059.88935098797,0
299612,65,19076,0.4640539288520813,11060.353404916823,0
299613,65,19077,0.4709986746311188,11060.824403591454,0
299614,65,19078,0.47516241669654846,11061.29956600815,0
299615,65,19079,0.4778684377670288,11061.777434445918,0
299616,65,19080,0.4620521664619446,11062.23948661238,0
299617,65,19081,0.46899256110191345,11062.708479173481,0
299618,65,19082,0.4739556908607483,11063.182434864342,0
299619,65,19083,0.4762646555900574,11063.658699519932,0
299620,65,19084,0.47851860523223877,11064.137218125165,0
299621,65,19085,0.4629349112510681,11064.600153036416,0
299622,65,19086,0.47220057249069214,11065.072353608906,0
299623,65,19087,0.46887293457984924,11065.541226543486,0
299624,65,19088,0.47507569193840027,11066.016302235425,0
299625,65,19089,0.47015148401260376,11066.486453719437,0
299626,65,19090,0.47418490052223206,11066.96063861996,0
299627,65,19091,0.47988075017929077,11067.440519370139,0
299628,65,19092,0.48647651076316833,11067.926995880902,0
299629,65,19093,0.4893878698348999,11068.416383750737,0
299630,65,19094,0.4738777279853821,11068.890261478722,0
299631,65,19095,0.48112133145332336,11069.371382810175,0
299632,65,19096,0.47803837060928345,11069.849421180785,0
299633,65,19097,0.4779793918132782,11070.327400572598,0
299634,65,19098,0.47710806131362915,11070.804508633912,0
299635,65,19099,0.4832639992237091,11071.287772633135,0
299636,65,19100,0.4892842471599579,11071.777056880295,0
299637,65,19101,0.4916955530643463,11072.26875243336,0
299638,65,19102,0.4899962544441223,11072.758748687804,0
299639,65,19103,0.4885891079902649,11073.247337795794,0
299640,65,19104,0.4716031551361084,11073.71894095093,0
299641,65,19105,0.4813341200351715,11074.200275070965,0
299642,65,19106,0.48726269602775574,11074.687537766993,0
299643,65,19107,0.49162760376930237,11075.179165370762,0
299644,65,19108,0.47635430097579956,11075.655519671738,0
299645,65,19109,0.4821932315826416,11076.13771290332,0
299646,65,19110,0.4858531355857849,11076.623566038907,0
299647,65,19111,0.4903051555156708,11077.113871194422,0
299648,65,19112,0.47644469141960144,11077.590315885842,0
299649,65,19113,0.4841938018798828,11078.074509687722,0
299650,65,19114,0.48982003331184387,11078.564329721034,0
299651,65,19115,0.4790560305118561,11079.043385751545,0
299652,65,19116,0.48306071758270264,11079.526446469128,0
299653,65,19117,0.4781070351600647,11080.004553504288,0
299654,65,19118,0.484206885099411,11080.488760389388,0
299655,65,19119,0.477690190076828,11080.966450579464,0
299656,65,19120,0.4845559000968933,11081.451006479561,0
299657,65,19121,0.4805218577384949,11081.9315283373,0
299658,65,19122,0.4833502173423767,11082.414878554642,0
299659,65,19123,0.4909748136997223,11082.905853368342,0
299660,65,19124,0.4969331622123718,11083.402786530554,0
299661,65,19125,0.4984058737754822,11083.90119240433,0
299662,65,19126,0.49894875288009644,11084.40014115721,0
299663,65,19127,0.4830271303653717,11084.883168287575,0
299664,65,19128,0.484778493642807,11085.367946781218,0
299665,65,19129,0.49442341923713684,11085.862370200455,0
299666,65,19130,0.503254771232605,11086.365624971688,0
299667,65,19131,0.50251704454422,11086.868142016232,0
299668,65,19132,0.4827480912208557,11087.350890107453,0
299669,65,19133,0.4838283658027649,11087.834718473256,0
299670,65,19134,0.49433982372283936,11088.329058296978,0
299671,65,19135,0.48549267649650574,11088.814550973475,0
299672,65,19136,0.489975243806839,11089.304526217282,0
299673,65,19137,0.4847939908504486,11089.789320208132,0
299674,65,19138,0.4823950529098511,11090.271715261042,0
299675,65,19139,0.48005545139312744,11090.751770712435,0
299676,65,19140,0.4798595607280731,11091.231630273163,0
299677,65,19141,0.4869377911090851,11091.718568064272,0
299678,65,19142,0.4917652904987335,11092.210333354771,0
299679,65,19143,0.4774949252605438,11092.687828280032,0
299680,65,19144,0.48264119029045105,11093.170469470322,0
299681,65,19145,0.4889136850833893,11093.659383155406,0
299682,65,19146,0.4957175552845001,11094.15510071069,0
299683,65,19147,0.4976636469364166,11094.652764357626,0
299684,65,19148,0.4959805905818939,11095.148744948208,0
299685,65,19149,0.47835469245910645,11095.627099640667,0
299686,65,19150,0.4822916090488434,11096.109391249716,0
299687,65,19151,0.48169031739234924,11096.591081567109,0
299688,65,19152,0.4846988022327423,11097.075780369341,0
299689,65,19153,0.4914078414440155,11097.567188210785,0
299690,65,19154,0.4956554174423218,11098.062843628228,0
299691,65,19155,0.5000513792037964,11098.562895007432,0
299692,65,19156,0.5008025169372559,11099.063697524369,0
299693,65,19157,0.5009393095970154,11099.564636833966,0
299694,65,19158,0.48533308506011963,11100.049969919026,0
299695,65,19159,0.48789510130882263,11100.537865020335,0
299696,65,19160,0.4879947900772095,11101.025859810412,0
299697,65,19161,0.4931809604167938,11101.519040770829,0
299698,65,19162,0.4960172176361084,11102.015057988465,0
299699,65,19163,0.4863382875919342,11102.501396276057,0
299700,65,19164,0.4907175302505493,11102.992113806307,0
299701,65,19165,0.493834525346756,11103.485948331654,0
299702,65,19166,0.48601192235946655,11103.971960254014,0
299703,65,19167,0.49273043870925903,11104.464690692723,0
299704,65,19168,0.4993037283420563,11104.963994421065,0
299705,65,19169,0.4830939769744873,11105.44708839804,0
299706,65,19170,0.48891961574554443,11105.936008013785,0
299707,65,19171,0.49217721819877625,11106.428185231984,0
299708,65,19172,0.47950246930122375,11106.907687701285,0
299709,65,19173,0.48488691449165344,11107.392574615777,0
299710,65,19174,0.4781741499900818,11107.870748765767,0
299711,65,19175,0.4813920259475708,11108.352140791714,0
299712,65,19176,0.4764416813850403,11108.8285824731,0
299713,65,19177,0.48151126503944397,11109.310093738139,0
299714,65,19178,0.4749167263507843,11109.78501046449,0
299715,65,19179,0.47803035378456116,11110.263040818274,0
299716,65,19180,0.4806422293186188,11110.743683047593,0
299717,65,19181,0.46866992115974426,11111.212352968752,0
299718,65,19182,0.4725441038608551,11111.684897072613,0
299719,65,19183,0.4701125919818878,11112.155009664595,0
299720,65,19184,0.47644850611686707,11112.631458170712,0
299721,65,19185,0.48460519313812256,11113.11606336385,0
299722,65,19186,0.48527026176452637,11113.601333625615,0
299723,65,19187,0.4650154709815979,11114.066349096596,0
299724,65,19188,0.4669487178325653,11114.533297814429,0
299725,65,19189,0.47531822323799133,11115.008616037667,0
299726,65,19190,0.4847712516784668,11115.493387289345,0
299727,65,19191,0.48596489429473877,11115.97935218364,0
299728,65,19192,0.46926361322402954,11116.448615796864,0
299729,65,19193,0.4750697910785675,11116.923685587943,0
299730,65,19194,0.47975537180900574,11117.403440959752,0
299731,65,19195,0.4816668629646301,11117.885107822716,0
299732,65,19196,0.4691295921802521,11118.354237414896,0
299733,65,19197,0.47328731417655945,11118.827524729073,0
299734,65,19198,0.4790261685848236,11119.306550897658,0
299735,65,19199,0.4708746075630188,11119.77742550522,0
299736,65,19200,0.47375017404556274,11120.251175679266,0
299737,65,19201,0.4799762964248657,11120.731151975691,0
299738,65,19202,0.48544952273368835,11121.216601498425,0
299739,65,19203,0.4732356667518616,11121.689837165177,0
299740,65,19204,0.47766515612602234,11122.167502321303,0
299741,65,19205,0.4741060435771942,11122.64160836488,0
299742,65,19206,0.47547438740730286,11123.117082752287,0
299743,65,19207,0.474519819021225,11123.591602571309,0
299744,65,19208,0.47008615732192993,11124.06168872863,0
299745,65,19209,0.4711916744709015,11124.532880403101,0
299746,65,19210,0.4695693254470825,11125.002449728549,0
299747,65,19211,0.4705854654312134,11125.47303519398,0
299748,65,19212,0.46803340315818787,11125.941068597138,0
299749,65,19213,0.47090500593185425,11126.41197360307,0
299750,65,19214,0.4644485414028168,11126.876422144473,0
299751,65,19215,0.46740370988845825,11127.343825854361,0
299752,65,19216,0.4645301103591919,11127.80835596472,0
299753,65,19217,0.4724440574645996,11128.280800022185,0
299754,65,19218,0.47997692227363586,11128.760776944458,0
299755,65,19219,0.46063533425331116,11129.221412278712,0
299756,65,19220,0.46183672547340393,11129.683249004185,0
299757,65,19221,0.46111467480659485,11130.144363678992,0
299758,65,19222,0.46242985129356384,11130.606793530285,0
299759,65,19223,0.457562655210495,11131.064356185496,0
299760,65,19224,0.4575081765651703,11131.521864362061,0
299761,65,19225,0.45422646403312683,11131.976090826094,0
299762,65,19226,0.4615110158920288,11132.437601841986,0
299763,65,19227,0.46800538897514343,11132.905607230961,0
299764,65,19228,0.46891114115715027,11133.374518372118,0
299765,65,19229,0.4689945876598358,11133.843512959778,0
299766,65,19230,0.46730077266693115,11134.310813732445,0
299767,65,19231,0.44993728399276733,11134.760751016438,0
299768,65,19232,0.45775631070137024,11135.21850732714,0
299769,65,19233,0.4637286067008972,11135.68223593384,0
299770,65,19234,0.4509306252002716,11136.13316655904,0
299771,65,19235,0.4560580253601074,11136.5892245844,0
299772,65,19236,0.45880821347236633,11137.048032797873,0
299773,65,19237,0.46342551708221436,11137.511458314955,0
299774,65,19238,0.44897696375846863,11137.960435278714,0
299775,65,19239,0.45419061183929443,11138.414625890553,0
299776,65,19240,0.44727209210395813,11138.861897982657,0
299777,65,19241,0.45075079798698425,11139.312648780644,0
299778,65,19242,0.4478718936443329,11139.760520674288,0
299779,65,19243,0.44912436604499817,11140.209645040333,0
299780,65,19244,0.4457314610481262,11140.655376501381,0
299781,65,19245,0.4492657780647278,11141.104642279446,0
299782,65,19246,0.44204163551330566,11141.54668391496,0
299783,65,19247,0.4418385922908783,11141.98852250725,0
299784,65,19248,0.43898600339889526,11142.42750851065,0
299785,65,19249,0.4389213025569916,11142.866429813206,0
299786,65,19250,0.4414534270763397,11143.307883240283,0
299787,65,19251,0.44722089171409607,11143.755104131997,0
299788,65,19252,0.45104581117630005,11144.206149943173,0
299789,65,19253,0.45220327377319336,11144.658353216946,0
299790,65,19254,0.4360896646976471,11145.094442881644,0
299791,65,19255,0.4401741921901703,11145.534617073834,0
299792,65,19256,0.4487033188343048,11145.983320392668,0
299793,65,19257,0.45622116327285767,11146.439541555941,0
299794,65,19258,0.45775938034057617,11146.897300936282,0
299795,65,19259,0.43590033054351807,11147.333201266825,0
299796,65,19260,0.4426337778568268,11147.775835044682,0
299797,65,19261,0.44768890738487244,11148.223523952067,0
299798,65,19262,0.45065537095069885,11148.674179323018,0
299799,65,19263,0.4353187382221222,11149.10949806124,0
299800,65,19264,0.4421559274196625,11149.55165398866,0
299801,65,19265,0.4471403956413269,11149.9987943843,0
299802,65,19266,0.436244398355484,11150.435038782656,0
299803,65,19267,0.4420068562030792,11150.87704563886,0
299804,65,19268,0.4479849934577942,11151.325030632317,0
299805,65,19269,0.4342133700847626,11151.759244002402,0
299806,65,19270,0.4358157813549042,11152.195059783757,0
299807,65,19271,0.4399222731590271,11152.634982056916,0
299808,65,19272,0.4257083237171173,11153.060690380633,0
299809,65,19273,0.4266088306903839,11153.487299211323,0
299810,65,19274,0.4216768145561218,11153.90897602588,0
299811,65,19275,0.42645788192749023,11154.335433907807,0
299812,65,19276,0.43479713797569275,11154.770231045783,0
299813,65,19277,0.4190387427806854,11155.189269788563,0
299814,65,19278,0.423261433839798,11155.612531222403,0
299815,65,19279,0.428297221660614,11156.040828444064,0
299816,65,19280,0.41847193241119385,11156.459300376475,0
299817,65,19281,0.42475175857543945,11156.88405213505,0
299818,65,19282,0.4341943860054016,11157.318246521056,0
299819,65,19283,0.43290141224861145,11157.751147933304,0
299820,65,19284,0.43063101172447205,11158.181778945029,0
299821,65,19285,0.4315221309661865,11158.613301075995,0
299822,65,19286,0.4180047810077667,11159.031305857003,0
299823,65,19287,0.42462411522865295,11159.455929972231,0
299824,65,19288,0.41933995485305786,11159.875269927084,0
299825,65,19289,0.423779159784317,11160.299049086869,0
299826,65,19290,0.42251938581466675,11160.721568472683,0
299827,65,19291,0.42774835228919983,11161.149316824973,0
299828,65,19292,0.4215199947357178,11161.570836819708,0
299829,65,19293,0.4185558557510376,11161.98939267546,0
299830,65,19294,0.42005327343940735,11162.409445948899,0
299831,65,19295,0.4162617325782776,11162.825707681477,0
299832,65,19296,0.420922189950943,11163.246629871428,0
299833,65,19297,0.4201555848121643,11163.66678545624,0
299834,65,19298,0.4103555977344513,11164.077141053975,0
299835,65,19299,0.4132933020591736,11164.490434356034,0
299836,65,19300,0.41915878653526306,11164.909593142569,0
299837,65,19301,0.409012109041214,11165.31860525161,0
299838,65,19302,0.4125716984272003,11165.731176950037,0
299839,65,19303,0.4057803750038147,11166.136957325041,0
299840,65,19304,0.413138210773468,11166.550095535815,0
299841,65,19305,0.4170099198818207,11166.967105455697,0
299842,65,19306,0.397871196269989,11167.364976651967,0
299843,65,19307,0.3995075225830078,11167.76448417455,0
299844,65,19308,0.3972720205783844,11168.161756195128,0
299845,65,19309,0.40203598141670227,11168.563792176545,0
299846,65,19310,0.40824028849601746,11168.97203246504,0
299847,65,19311,0.39291682839393616,11169.364949293435,0
299848,65,19312,0.39709237217903137,11169.762041665614,0
299849,65,19313,0.3929979205131531,11170.155039586127,0
299850,65,19314,0.3921359181404114,11170.547175504267,0
299851,65,19315,0.3874460756778717,11170.934621579945,0
299852,65,19316,0.3932388126850128,11171.32786039263,0
299853,65,19317,0.39971455931663513,11171.727574951947,0
299854,65,19318,0.3840765655040741,11172.11165151745,0
299855,65,19319,0.3843761384487152,11172.4960276559,0
299856,65,19320,0.3937431275844574,11172.889770783484,0
299857,65,19321,0.3812745213508606,11173.271045304835,0
299858,65,19322,0.3821943998336792,11173.653239704669,0
299859,65,19323,0.38460755348205566,11174.03784725815,0
299860,65,19324,0.37204334139823914,11174.409890599549,0
299861,65,19325,0.3748888671398163,11174.784779466689,0
299862,65,19326,0.3838333487510681,11175.16861281544,0
299863,65,19327,0.3883843421936035,11175.556997157633,0
299864,65,19328,0.3892384469509125,11175.946235604584,0
299865,65,19329,0.3880416750907898,11176.334277279675,0
299866,65,19330,0.37016770243644714,11176.704444982111,0
299867,65,19331,0.37925389409065247,11177.083698876202,0
299868,65,19332,0.37455832958221436,11177.458257205784,0
299869,65,19333,0.3799301087856293,11177.83818731457,0
299870,65,19334,0.3829062581062317,11178.221093572676,0
299871,65,19335,0.3740899860858917,11178.595183558762,0
299872,65,19336,0.37728947401046753,11178.972473032773,0
299873,65,19337,0.3737543225288391,11179.346227355301,0
299874,65,19338,0.37418678402900696,11179.72041413933,0
299875,65,19339,0.37748339772224426,11180.097897537053,0
299876,65,19340,0.3839583098888397,11180.481855846941,0
299877,65,19341,0.37108734250068665,11180.852943189442,0
299878,65,19342,0.3746558427810669,11181.227599032223,0
299879,65,19343,0.3781656324863434,11181.60576466471,0
299880,65,19344,0.36838090419769287,11181.974145568907,0
299881,65,19345,0.3726954758167267,11182.346841044724,0
299882,65,19346,0.3709630072116852,11182.717804051936,0
299883,65,19347,0.3801763355731964,11183.097980387509,0
299884,65,19348,0.3690149784088135,11183.466995365918,0
299885,65,19349,0.37350696325302124,11183.84050232917,0
299886,65,19350,0.3784427344799042,11184.21894506365,0
299887,65,19351,0.3649243116378784,11184.583869375288,0
299888,65,19352,0.37101826071739197,11184.954887636006,0
299889,65,19353,0.3767392635345459,11185.33162689954,0
299890,65,19354,0.36103448271751404,11185.692661382258,0
299891,65,19355,0.3630714416503906,11186.055732823908,0
299892,65,19356,0.3577181100845337,11186.413450933993,0
299893,65,19357,0.3613673448562622,11186.77481827885,0
299894,65,19358,0.36713871359825134,11187.141956992447,0
299895,65,19359,0.3726900517940521,11187.514647044241,0
299896,65,19360,0.3741959035396576,11187.888842947781,0
299897,65,19361,0.3739597201347351,11188.262802667916,0
299898,65,19362,0.3725619912147522,11188.63536465913,0
299899,65,19363,0.35613951086997986,11188.99150417,0
299900,65,19364,0.3659698963165283,11189.357474066317,0
299901,65,19365,0.3615107834339142,11189.718984849751,0
299902,65,19366,0.37055903673171997,11190.089543886483,0
299903,65,19367,0.3660166263580322,11190.45556051284,0
299904,65,19368,0.3696661591529846,11190.825226671994,0
299905,65,19369,0.3759579360485077,11191.201184608042,0
299906,65,19370,0.3812013566493988,11191.582385964692,0
299907,65,19371,0.36826127767562866,11191.950647242367,0
299908,65,19372,0.37401247024536133,11192.324659712613,0
299909,65,19373,0.3786923587322235,11192.703352071345,0
299910,65,19374,0.3703145980834961,11193.073666669428,0
299911,65,19375,0.3748132586479187,11193.448479928076,0
299912,65,19376,0.3739490509033203,11193.82242897898,0
299913,65,19377,0.3822062611579895,11194.204635240138,0
299914,65,19378,0.37120717763900757,11194.575842417777,0
299915,65,19379,0.3761136531829834,11194.95195607096,0
299916,65,19380,0.36991193890571594,11195.321868009865,0
299917,65,19381,0.3686288595199585,11195.690496869385,0
299918,65,19382,0.3734548091888428,11196.063951678574,0
299919,65,19383,0.3779747784137726,11196.441926456988,0
299920,65,19384,0.3629499673843384,11196.804876424372,0
299921,65,19385,0.36653128266334534,11197.171407707036,0
299922,65,19386,0.3689535856246948,11197.54036129266,0
299923,65,19387,0.35788872838020325,11197.89825002104,0
299924,65,19388,0.36060860753059387,11198.258858628571,0
299925,65,19389,0.357352077960968,11198.616210706532,0
299926,65,19390,0.36572858691215515,11198.981939293444,0
299927,65,19391,0.35873475670814514,11199.340674050152,0
299928,65,19392,0.3633221387863159,11199.703996188939,0
299929,65,19393,0.3575165271759033,11200.061512716115,0
299930,65,19394,0.36258262395858765,11200.424095340073,0
299931,65,19395,0.36765557527542114,11200.791750915349,0
299932,65,19396,0.3528851568698883,11201.144636072218,0
299933,65,19397,0.3573665916919708,11201.50200266391,0
299934,65,19398,0.3634510338306427,11201.865453697741,0
299935,65,19399,0.36712971329689026,11202.232583411038,0
299936,65,19400,0.3669019937515259,11202.59948540479,0
299937,65,19401,0.3514115810394287,11202.950896985829,0
299938,65,19402,0.35539424419403076,11203.306291230023,0
299939,65,19403,0.36736294627189636,11203.673654176295,0
299940,65,19404,0.37193307280540466,11204.0455872491,0
299941,65,19405,0.37285974621772766,11204.418446995318,0
299942,65,19406,0.3535737991333008,11204.772020794451,0
299943,65,19407,0.36103352904319763,11205.133054323494,0
299944,65,19408,0.35388779640197754,11205.486942119896,0
299945,65,19409,0.3575471043586731,11205.844489224255,0
299946,65,19410,0.3525571823120117,11206.197046406567,0
299947,65,19411,0.3578757643699646,11206.554922170937,0
299948,65,19412,0.3658340275287628,11206.920756198466,0
299949,65,19413,0.35233697295188904,11207.273093171418,0
299950,65,19414,0.35521069169044495,11207.628303863108,0
299951,65,19415,0.3517812490463257,11207.980085112154,0
299952,65,19416,0.3516407310962677,11208.33172584325,0
299953,65,19417,0.3512062132358551,11208.682932056487,0
299954,65,19418,0.3464067578315735,11209.029338814318,0
299955,65,19419,0.34769296646118164,11209.37703178078,0
299956,65,19420,0.355291485786438,11209.732323266566,0
299957,65,19421,0.34383875131607056,11210.076162017882,0
299958,65,19422,0.3485350012779236,11210.42469701916,0
299959,65,19423,0.35153037309646606,11210.776227392256,0
299960,65,19424,0.35424259305000305,11211.130469985306,0
299961,65,19425,0.353432297706604,11211.483902283013,0
299962,65,19426,0.3366171717643738,11211.820519454777,0
299963,65,19427,0.3397759199142456,11212.160295374691,0
299964,65,19428,0.3411676585674286,11212.501463033259,0
299965,65,19429,0.33921653032302856,11212.840679563582,0
299966,65,19430,0.34450653195381165,11213.185186095536,0
299967,65,19431,0.34771060943603516,11213.532896704972,0
299968,65,19432,0.33218368887901306,11213.86508039385,0
299969,65,19433,0.3364015221595764,11214.20148191601,0
299970,65,19434,0.3463609218597412,11214.54784283787,0
299971,65,19435,0.3490091860294342,11214.8968520239,0
299972,65,19436,0.350414514541626,11215.247266538441,0
299973,65,19437,0.34836116433143616,11215.595627702773,0
299974,65,19438,0.3460153639316559,11215.941643066704,0
299975,65,19439,0.3445480465888977,11216.286191113293,0
299976,65,19440,0.3435491919517517,11216.629740305245,0
299977,65,19441,0.327812135219574,11216.957552440464,0
299978,65,19442,0.33665695786476135,11217.29420939833,0
299979,65,19443,0.3333701491355896,11217.627579547465,0
299980,65,19444,0.34404686093330383,11217.971626408398,0
299981,65,19445,0.35525205731391907,11218.326878465712,0
299982,65,19446,0.357519268989563,11218.684397734702,0
299983,65,19447,0.34202811121940613,11219.026425845921,0
299984,65,19448,0.34540316462516785,11219.371829010546,0
299985,65,19449,0.34439852833747864,11219.716227538884,0
299986,65,19450,0.3483109772205353,11220.064538516104,0
299987,65,19451,0.35720106959342957,11220.421739585698,0
299988,65,19452,0.359586626291275,11220.781326211989,0
299989,65,19453,0.35740044713020325,11221.13872665912,0
299990,65,19454,0.3587788939476013,11221.497505553067,0
299991,65,19455,0.36055776476860046,11221.858063317835,0
299992,65,19456,0.36219802498817444,11222.220261342824,0
299993,65,19457,0.3472774028778076,11222.567538745701,0
299994,65,19458,0.35796087980270386,11222.925499625504,0
299995,65,19459,0.36369645595550537,11223.28919608146,0
299996,65,19460,0.35522565245628357,11223.644421733916,0
299997,65,19461,0.36233949661254883,11224.006761230528,0
299998,65,19462,0.35835230350494385,11224.365113534033,0
299999,65,19463,0.3639938533306122,11224.729107387364,0
300000,65,19464,0.3654135763645172,11225.094520963728,0
300001,65,19465,0.362739622592926,11225.457260586321,0
300002,65,19466,0.36454111337661743,11225.821801699698,0
300003,65,19467,0.3582444489002228,11226.180046148598,0
300004,65,19468,0.36357101798057556,11226.543617166579,0
300005,65,19469,0.3698509931564331,11226.913468159735,0
300006,65,19470,0.3611564636230469,11227.274624623358,0
300007,65,19471,0.3631449043750763,11227.637769527733,0
300008,65,19472,0.36137455701828003,11227.999144084752,0
300009,65,19473,0.3692423403263092,11228.368386425078,0
300010,65,19474,0.36945974826812744,11228.737846173346,0
300011,65,19475,0.3688250184059143,11229.106671191752,0
300012,65,19476,0.3608025014400482,11229.467473693192,0
300013,65,19477,0.3646714389324188,11229.832145132124,0
300014,65,19478,0.3666374981403351,11230.198782630265,0
300015,65,19479,0.3686532974243164,11230.567435927689,0
300016,65,19480,0.36902403831481934,11230.936459966004,0
300017,65,19481,0.37406033277511597,11231.310520298779,0
300018,65,19482,0.3664512038230896,11231.676971502602,0
300019,65,19483,0.37279626727104187,11232.049767769873,0
300020,65,19484,0.36813780665397644,11232.417905576527,0
300021,65,19485,0.375110000371933,11232.793015576899,0
300022,65,19486,0.37637412548065186,11233.16938970238,0
300023,65,19487,0.3726843297481537,11233.542074032128,0
300024,65,19488,0.37179529666900635,11233.913869328797,0
300025,65,19489,0.37297794222831726,11234.286847271025,0
300026,65,19490,0.3821035325527191,11234.668950803578,0
300027,65,19491,0.3754752576351166,11235.044426061213,0
300028,65,19492,0.37763848900794983,11235.422064550221,0
300029,65,19493,0.38487184047698975,11235.806936390698,0
300030,65,19494,0.37383151054382324,11236.180767901242,0
300031,65,19495,0.3754323720932007,11236.556200273335,0
300032,65,19496,0.38042178750038147,11236.936622060835,0
300033,65,19497,0.3724726140499115,11237.309094674885,0
300034,65,19498,0.37613344192504883,11237.68522811681,0
300035,65,19499,0.38680705428123474,11238.072035171092,0
300036,65,19500,0.37345781922340393,11238.445492990315,0
300037,65,19501,0.37394851446151733,11238.819441504776,0
300038,65,19502,0.3842821419239044,11239.2037236467,0
300039,65,19503,0.3758923411369324,11239.579615987837,0
300040,65,19504,0.37957510352134705,11239.959191091359,0
300041,65,19505,0.38691601157188416,11240.34610710293,0
300042,65,19506,0.3907029628753662,11240.736810065806,0
300043,65,19507,0.37623128294944763,11241.113041348755,0
300044,65,19508,0.38288384675979614,11241.495925195515,0
300045,65,19509,0.37862956523895264,11241.874554760754,0
300046,65,19510,0.3814094066619873,11242.255964167416,0
300047,65,19511,0.383144348859787,11242.639108516276,0
300048,65,19512,0.3906248211860657,11243.029733337462,0
300049,65,19513,0.39875149726867676,11243.42848483473,0
300050,65,19514,0.4000368118286133,11243.82852164656,0
300051,65,19515,0.4010850787162781,11244.229606725276,0
300052,65,19516,0.4004437327384949,11244.630050458014,0
300053,65,19517,0.38451123237609863,11245.01456169039,0
300054,65,19518,0.3925286829471588,11245.407090373337,0
300055,65,19519,0.3871179521083832,11245.794208325446,0
300056,65,19520,0.39546483755111694,11246.189673162997,0
300057,65,19521,0.3915785849094391,11246.581251747906,0
300058,65,19522,0.39304083585739136,11246.974292583764,0
300059,65,19523,0.38907143473625183,11247.3633640185,0
300060,65,19524,0.3894088864326477,11247.752772904932,0
300061,65,19525,0.39103007316589355,11248.143802978098,0
300062,65,19526,0.39148059487342834,11248.535283572972,0
300063,65,19527,0.3901408612728119,11248.925424434245,0
300064,65,19528,0.3989156484603882,11249.324340082705,0
300065,65,19529,0.3865385949611664,11249.710878677666,0
300066,65,19530,0.39042896032333374,11250.10130763799,0
300067,65,19531,0.3874308168888092,11250.488738454878,0
300068,65,19532,0.39006567001342773,11250.878804124892,0
300069,65,19533,0.397735059261322,11251.276539184153,0
300070,65,19534,0.3852808475494385,11251.661820031703,0
300071,65,19535,0.38971033692359924,11252.051530368626,0
300072,65,19536,0.3972824513912201,11252.448812820017,0
300073,65,19537,0.4029925465583801,11252.851805366576,0
300074,65,19538,0.386646032333374,11253.23845139891,0
300075,65,19539,0.38922637701034546,11253.62767777592,0
300076,65,19540,0.3883581757545471,11254.016035951674,0
300077,65,19541,0.3913516104221344,11254.407387562096,0
300078,65,19542,0.3853241205215454,11254.792711682618,0
300079,65,19543,0.39042457938194275,11255.183136262,0
300080,65,19544,0.38638177514076233,11255.56951803714,0
300081,65,19545,0.3937695026397705,11255.96328753978,0
300082,65,19546,0.3980715870857239,11256.361359126866,0
300083,65,19547,0.4031178057193756,11256.764476932585,0
300084,65,19548,0.4045380651950836,11257.16901499778,0
300085,65,19549,0.3883092403411865,11257.557324238122,0
300086,65,19550,0.39618194103240967,11257.953506179154,0
300087,65,19551,0.3905860185623169,11258.344092197716,0
300088,65,19552,0.39294642210006714,11258.737038619816,0
300089,65,19553,0.39243727922439575,11259.12947589904,0
300090,65,19554,0.3939993679523468,11259.523475266993,0
300091,65,19555,0.4002455472946167,11259.923720814288,0
300092,65,19556,0.3919418156147003,11260.315662629902,0
300093,65,19557,0.3957185745239258,11260.711381204426,0
300094,65,19558,0.40317633748054504,11261.114557541907,0
300095,65,19559,0.40779775381088257,11261.522355295718,0
300096,65,19560,0.4091796278953552,11261.931534923613,0
300097,65,19561,0.3934478759765625,11262.32498279959,0
300098,65,19562,0.40249398350715637,11262.727476783097,0
300099,65,19563,0.39880135655403137,11263.12627813965,0
300100,65,19564,0.40761107206344604,11263.533889211714,0
300101,65,19565,0.4188569486141205,11263.952746160328,0
300102,65,19566,0.4042302668094635,11264.356976427138,0
300103,65,19567,0.40868836641311646,11264.765664793551,0
300104,65,19568,0.4059462249279022,11265.171611018479,0
300105,65,19569,0.4123270809650421,11265.583938099444,0
300106,65,19570,0.40496259927749634,11265.988900698721,0
300107,65,19571,0.4091479480266571,11266.398048646748,0
300108,65,19572,0.4181326925754547,11266.816181339324,0
300109,65,19573,0.40279072523117065,11267.218972064555,0
300110,65,19574,0.40714243054389954,11267.626114495099,0
300111,65,19575,0.40237703919410706,11268.028491534293,0
300112,65,19576,0.40710166096687317,11268.43559319526,0
300113,65,19577,0.4062565565109253,11268.84184975177,0
300114,65,19578,0.41496142745018005,11269.25681117922,0
300115,65,19579,0.40961551666259766,11269.666426695883,0
300116,65,19580,0.4162161350250244,11270.082642830908,0
300117,65,19581,0.42511579394340515,11270.507758624852,0
300118,65,19582,0.4273469150066376,11270.935105539858,0
300119,65,19583,0.40939027070999146,11271.344495810568,0
300120,65,19584,0.4135783612728119,11271.758074171841,0
300121,65,19585,0.41442906856536865,11272.172503240407,0
300122,65,19586,0.4209454357624054,11272.593448676169,0
300123,65,19587,0.41201943159103394,11273.00546810776,0
300124,65,19588,0.41661399602890015,11273.422082103789,0
300125,65,19589,0.4145031273365021,11273.836585231125,0
300126,65,19590,0.41736161708831787,11274.253946848214,0
300127,65,19591,0.4210883677005768,11274.675035215914,0
300128,65,19592,0.427336722612381,11275.102371938527,0
300129,65,19593,0.43051770329475403,11275.532889641821,0
300130,65,19594,0.4314621090888977,11275.96435175091,0
300131,65,19595,0.4156001806259155,11276.379951931536,0
300132,65,19596,0.42197972536087036,11276.801931656897,0
300133,65,19597,0.4185287356376648,11277.220460392535,0
300134,65,19598,0.4261312484741211,11277.646591641009,0
300135,65,19599,0.4216015338897705,11278.068193174899,0
300136,65,19600,0.42563921213150024,11278.49383238703,0
300137,65,19601,0.4226662814617157,11278.916498668492,0
300138,65,19602,0.42763054370880127,11279.3441292122,0
300139,65,19603,0.41740235686302185,11279.761531569064,0
300140,65,19604,0.42223578691482544,11280.183767355978,0
300141,65,19605,0.4159768521785736,11280.599744208157,0
300142,65,19606,0.42258384823799133,11281.022328056395,0
300143,65,19607,0.4166724979877472,11281.439000554383,0
300144,65,19608,0.4157039225101471,11281.854704476893,0
300145,65,19609,0.41497305035591125,11282.269677527249,0
300146,65,19610,0.420989066362381,11282.690666593611,0
300147,65,19611,0.4289267957210541,11283.119593389332,0
300148,65,19612,0.41173046827316284,11283.531323857605,0
300149,65,19613,0.413888156414032,11283.94521201402,0
300150,65,19614,0.4246937036514282,11284.369905717671,0
300151,65,19615,0.42980363965034485,11284.799709357321,0
300152,65,19616,0.4134901165962219,11285.213199473917,0
300153,65,19617,0.4164637625217438,11285.62966323644,0
300154,65,19618,0.4230281114578247,11286.052691347897,0
300155,65,19619,0.42816030979156494,11286.480851657689,0
300156,65,19620,0.43122774362564087,11286.912079401314,0
300157,65,19621,0.41715219616889954,11287.329231597483,0
300158,65,19622,0.4199390411376953,11287.74917063862,0
300159,65,19623,0.4325683116912842,11288.181738950312,0
300160,65,19624,0.43859773874282837,11288.620336689055,0
300161,65,19625,0.4184826612472534,11289.038819350302,0
300162,65,19626,0.41865256428718567,11289.45747191459,0
300163,65,19627,0.4279651939868927,11289.885437108576,0
300164,65,19628,0.420169472694397,11290.30560658127,0
300165,65,19629,0.42390671372413635,11290.729513294995,0
300166,65,19630,0.43003857135772705,11291.159551866353,0
300167,65,19631,0.42116880416870117,11291.580720670521,0
300168,65,19632,0.4255133271217346,11292.006233997643,0
300169,65,19633,0.429475337266922,11292.43570933491,0
300170,65,19634,0.42225027084350586,11292.857959605753,0
300171,65,19635,0.424484521150589,11293.282444126904,0
300172,65,19636,0.43101218342781067,11293.713456310332,0
300173,65,19637,0.42414987087249756,11294.137606181204,0
300174,65,19638,0.42816632986068726,11294.565772511065,0
300175,65,19639,0.42285165190696716,11294.988624162972,0
300176,65,19640,0.42748212814331055,11295.416106291115,0
300177,65,19641,0.4217882752418518,11295.837894566357,0
300178,65,19642,0.42386722564697266,11296.261761792004,0
300179,65,19643,0.4221867322921753,11296.683948524296,0
300180,65,19644,0.42896878719329834,11297.11291731149,0
300181,65,19645,0.4356728494167328,11297.548590160906,0
300182,65,19646,0.4408857226371765,11297.989475883543,0
300183,65,19647,0.42620837688446045,11298.415684260428,0
300184,65,19648,0.43131017684936523,11298.846994437277,0
300185,65,19649,0.42551371455192566,11299.27250815183,0
300186,65,19650,0.4308398962020874,11299.703348048031,0
300187,65,19651,0.4381321966648102,11300.141480244696,0
300188,65,19652,0.44348758459091187,11300.584967829287,0
300189,65,19653,0.4289303123950958,11301.013898141682,0
300190,65,19654,0.4323078691959381,11301.446206010878,0
300191,65,19655,0.4427623152732849,11301.888968326151,0
300192,65,19656,0.449218213558197,11302.33818653971,0
300193,65,19657,0.43173909187316895,11302.769925631583,0
300194,65,19658,0.43628761172294617,11303.206213243306,0
300195,65,19659,0.42918598651885986,11303.635399229825,0
300196,65,19660,0.43267497420310974,11304.068074204028,0
300197,65,19661,0.43915483355522156,11304.507229037583,0
300198,65,19662,0.44354313611984253,11304.950772173703,0
300199,65,19663,0.4460976719856262,11305.396869845688,0
300200,65,19664,0.4287681579589844,11305.825638003647,0
300201,65,19665,0.43110352754592896,11306.256741531193,0
300202,65,19666,0.4295155704021454,11306.686257101595,0
300203,65,19667,0.4325166344642639,11307.11877373606,0
300204,65,19668,0.4388597011566162,11307.557633437216,0
300205,65,19669,0.4414293169975281,11307.999062754214,0
300206,65,19670,0.42380857467651367,11308.42287132889,0
300207,65,19671,0.43095627427101135,11308.853827603161,0
300208,65,19672,0.43660295009613037,11309.290430553257,0
300209,65,19673,0.4379570782184601,11309.728387631476,0
300210,65,19674,0.42404288053512573,11310.152430512011,0
300211,65,19675,0.42947301268577576,11310.581903524697,0
300212,65,19676,0.42598918080329895,11311.0078927055,0
300213,65,19677,0.4259917736053467,11311.433884479105,0
300214,65,19678,0.4246041178703308,11311.858488596976,0
300215,65,19679,0.43049168586730957,11312.288980282843,0
300216,65,19680,0.4352894723415375,11312.724269755185,0
300217,65,19681,0.43601369857788086,11313.160283453763,0
300218,65,19682,0.4193562865257263,11313.579639740288,0
300219,65,19683,0.4229791760444641,11314.002618916333,0
300220,65,19684,0.42385077476501465,11314.426469691098,0
300221,65,19685,0.42566680908203125,11314.85213650018,0
300222,65,19686,0.4336744546890259,11315.285810954869,0
300223,65,19687,0.42465218901634216,11315.710463143885,0
300224,65,19688,0.42647767066955566,11316.136940814555,0
300225,65,19689,0.4327501952648163,11316.56969100982,0
300226,65,19690,0.4378122091293335,11317.007503218949,0
300227,65,19691,0.42517828941345215,11317.432681508362,0
300228,65,19692,0.42993104457855225,11317.86261255294,0
300229,65,19693,0.4256702959537506,11318.288282848895,0
300230,65,19694,0.4241778254508972,11318.712460674345,0
300231,65,19695,0.4206055700778961,11319.133066244423,0
300232,65,19696,0.4286558926105499,11319.561722137034,0
300233,65,19697,0.43196901679039,11319.993691153824,0
300234,65,19698,0.4346677362918854,11320.428358890116,0
300235,65,19699,0.43283066153526306,11320.861189551651,0
300236,65,19700,0.4158516526222229,11321.277041204274,0
300237,65,19701,0.4237052798271179,11321.7007464841,0
300238,65,19702,0.4294293224811554,11322.130175806582,0
300239,65,19703,0.43082621693611145,11322.561002023518,0
300240,65,19704,0.43265682458877563,11322.993658848107,0
300241,65,19705,0.43334513902664185,11323.427003987134,0
300242,65,19706,0.41760116815567017,11323.84460515529,0
300243,65,19707,0.4254388213157654,11324.270043976605,0
300244,65,19708,0.4205576777458191,11324.69060165435,0
300245,65,19709,0.42496973276138306,11325.115571387112,0
300246,65,19710,0.4312531352043152,11325.546824522316,0
300247,65,19711,0.42322519421577454,11325.970049716532,0
300248,65,19712,0.42533397674560547,11326.395383693278,0
300249,65,19713,0.4317448139190674,11326.827128507197,0
300250,65,19714,0.4209430515766144,11327.248071558774,0
300251,65,19715,0.42579707503318787,11327.673868633807,0
300252,65,19716,0.4358583688735962,11328.10972700268,0
300253,65,19717,0.4390062391757965,11328.548733241856,0
300254,65,19718,0.42363661527633667,11328.972369857132,0
300255,65,19719,0.4260939359664917,11329.398463793099,0
300256,65,19720,0.43154603242874146,11329.830009825528,0
300257,65,19721,0.4200313985347748,11330.250041224062,0
300258,65,19722,0.42404893040657043,11330.674090154469,0
300259,65,19723,0.430366575717926,11331.104456730187,0
300260,65,19724,0.43583494424819946,11331.540291674435,0
300261,65,19725,0.4246765971183777,11331.964968271554,0
300262,65,19726,0.42853739857673645,11332.39350567013,0
300263,65,19727,0.43902310729026794,11332.83252877742,0
300264,65,19728,0.44158056378364563,11333.274109341204,0
300265,65,19729,0.42399099469184875,11333.698100335896,0
300266,65,19730,0.42486023902893066,11334.122960574925,0
300267,65,19731,0.42603784799575806,11334.54899842292,0
300268,65,19732,0.4247056245803833,11334.973704047501,0
300269,65,19733,0.4304272532463074,11335.404131300747,0
300270,65,19734,0.42303207516670227,11335.827163375914,0
300271,65,19735,0.42661792039871216,11336.253781296313,0
300272,65,19736,0.42353129386901855,11336.677312590182,0
300273,65,19737,0.42994073033332825,11337.107253320515,0
300274,65,19738,0.43710967898368835,11337.544362999499,0
300275,65,19739,0.4391978085041046,11337.983560808003,0
300276,65,19740,0.42165032029151917,11338.405211128294,0
300277,65,19741,0.4290951192378998,11338.834306247532,0
300278,65,19742,0.43487948179244995,11339.269185729325,0
300279,65,19743,0.4243449866771698,11339.693530716002,0
300280,65,19744,0.4291403591632843,11340.122671075165,0
300281,65,19745,0.427866131067276,11340.550537206233,0
300282,65,19746,0.4297963082790375,11340.980333514512,0
300283,65,19747,0.4282161593437195,11341.408549673855,0
300284,65,19748,0.4289398193359375,11341.837489493191,0
300285,65,19749,0.4297715127468109,11342.267261005938,0
300286,65,19750,0.42940303683280945,11342.69666404277,0
300287,65,19751,0.43627431988716125,11343.132938362658,0
300288,65,19752,0.4403440058231354,11343.573282368481,0
300289,65,19753,0.42659124732017517,11343.999873615801,0
300290,65,19754,0.4311125576496124,11344.430986173451,0
300291,65,19755,0.4288087785243988,11344.859794951975,0
300292,65,19756,0.427089661359787,11345.286884613335,0
300293,65,19757,0.42718368768692017,11345.714068301022,0
300294,65,19758,0.43558764457702637,11346.149655945599,0
300295,65,19759,0.4395199120044708,11346.589175857604,0
300296,65,19760,0.43957388401031494,11347.028749741614,0
300297,65,19761,0.42323431372642517,11347.45198405534,0
300298,65,19762,0.42467913031578064,11347.876663185656,0
300299,65,19763,0.42651575803756714,11348.303178943694,0
300300,65,19764,0.4284345209598541,11348.731613464653,0
300301,65,19765,0.4284837245941162,11349.160097189248,0
300302,65,19766,0.43297284841537476,11349.593070037663,0
300303,65,19767,0.43778038024902344,11350.030850417912,0
300304,65,19768,0.43780508637428284,11350.468655504286,0
300305,65,19769,0.43782109022140503,11350.906476594508,0
300306,65,19770,0.43887031078338623,11351.345346905291,0
300307,65,19771,0.4402742385864258,11351.785621143878,0
300308,65,19772,0.4403564929962158,11352.225977636874,0
300309,65,19773,0.4404074549674988,11352.666385091841,0
300310,65,19774,0.4408034682273865,11353.107188560069,0
300311,65,19775,0.4268103539943695,11353.533998914063,0
300312,65,19776,0.43274080753326416,11353.966739721596,0
300313,65,19777,0.4447263479232788,11354.41146606952,0
300314,65,19778,0.4448697865009308,11354.85633585602,0
300315,65,19779,0.44414329528808594,11355.300479151309,0
300316,65,19780,0.44689175486564636,11355.747370906174,0
300317,65,19781,0.43940243124961853,11356.186773337424,0
300318,65,19782,0.445729523897171,11356.632502861321,0
300319,65,19783,0.45192596316337585,11357.084428824484,0
300320,65,19784,0.4445453882217407,11357.528974212706,0
300321,65,19785,0.44985538721084595,11357.978829599917,0
300322,65,19786,0.45652344822883606,11358.435353048146,0
300323,65,19787,0.44981101155281067,11358.885164059699,0
300324,65,19788,0.4567277133464813,11359.341891773045,0
300325,65,19789,0.45066648721694946,11359.792558260262,0
300326,65,19790,0.45447102189064026,11360.247029282153,0
300327,65,19791,0.4582812786102295,11360.705310560763,0
300328,65,19792,0.4516366124153137,11361.156947173178,0
300329,65,19793,0.45622339844703674,11361.613170571625,0
300330,65,19794,0.46303409337997437,11362.076204665005,0
300331,65,19795,0.46072086691856384,11362.536925531924,0
300332,65,19796,0.4613383412361145,11362.99826387316,0
300333,65,19797,0.46305105090141296,11363.461314924061,0
300334,65,19798,0.4532088339328766,11363.914523757994,0
300335,65,19799,0.4571693241596222,11364.371693082154,0
300336,65,19800,0.45996832847595215,11364.83166141063,0
300337,65,19801,0.4635392725467682,11365.295200683177,0
300338,65,19802,0.47019273042678833,11365.765393413603,0
300339,65,19803,0.4577353894710541,11366.223128803074,0
300340,65,19804,0.4609033465385437,11366.684032149613,0
300341,65,19805,0.4689617455005646,11367.152993895113,0
300342,65,19806,0.47367194294929504,11367.626665838063,0
300343,65,19807,0.4635680615901947,11368.090233899653,0
300344,65,19808,0.4683518707752228,11368.558585770428,0
300345,65,19809,0.47372281551361084,11369.032308585942,0
300346,65,19810,0.4686771333217621,11369.500985719264,0
300347,65,19811,0.46936705708503723,11369.970352776349,0
300348,65,19812,0.4676630198955536,11370.438015796244,0
300349,65,19813,0.4703671336174011,11370.908382929862,0
300350,65,19814,0.47838786244392395,11371.386770792305,0
300351,65,19815,0.47075194120407104,11371.85752273351,0
300352,65,19816,0.4782261550426483,11372.335748888552,0
300353,65,19817,0.4799782633781433,11372.81572715193,0
300354,65,19818,0.4781705141067505,11373.293897666037,0
300355,65,19819,0.4838156998157501,11373.777713365853,0
300356,65,19820,0.4814493954181671,11374.259162761271,0
300357,65,19821,0.477690190076828,11374.736852951348,0
300358,65,19822,0.477146714925766,11375.213999666274,0
300359,65,19823,0.4831244647502899,11375.697124131024,0
300360,65,19824,0.48788896203041077,11376.185013093054,0
300361,65,19825,0.4836653470993042,11376.668678440154,0
300362,65,19826,0.48954546451568604,11377.15822390467,0
300363,65,19827,0.48571762442588806,11377.643941529095,0
300364,65,19828,0.4881424307823181,11378.132083959877,0
300365,65,19829,0.4918382167816162,11378.62392217666,0
300366,65,19830,0.4912565052509308,11379.11517868191,0
300367,65,19831,0.4894779920578003,11379.604656673968,0
300368,65,19832,0.4896857738494873,11380.094342447817,0
300369,65,19833,0.4901912808418274,11380.58453372866,0
300370,65,19834,0.49575075507164,11381.08028448373,0
300371,65,19835,0.49393704533576965,11381.574221529067,0
300372,65,19836,0.4908617436885834,11382.065083272755,0
300373,65,19837,0.49221062660217285,11382.557293899357,0
300374,65,19838,0.4918479025363922,11383.049141801894,0
300375,65,19839,0.499361127614975,11383.548502929509,0
300376,65,19840,0.4962838888168335,11384.044786818326,0
300377,65,19841,0.4965129494667053,11384.541299767792,0
300378,65,19842,0.49971285462379456,11385.041012622416,0
300379,65,19843,0.5024628639221191,11385.543475486338,0
300380,65,19844,0.5011847615242004,11386.044660247862,0
300381,65,19845,0.5035348534584045,11386.54819510132,0
300382,65,19846,0.5035306811332703,11387.051725782454,0
300383,65,19847,0.5016173720359802,11387.55334315449,0
300384,65,19848,0.5030551552772522,11388.056398309767,0
300385,65,19849,0.5031703114509583,11388.559568621218,0
300386,65,19850,0.49955472350120544,11389.05912334472,0
300387,65,19851,0.4995734989643097,11389.558696843684,0
300388,65,19852,0.5063358545303345,11390.065032698214,0
300389,65,19853,0.4996585249900818,11390.564691223204,0
300390,65,19854,0.5049471855163574,11391.06963840872,0
300391,65,19855,0.501234769821167,11391.570873178542,0
300392,65,19856,0.5032796263694763,11392.074152804911,0
300393,65,19857,0.49428215622901917,11392.56843496114,0
300394,65,19858,0.49488526582717896,11393.063320226967,0
300395,65,19859,0.4987220764160156,11393.562042303383,0
300396,65,19860,0.502498209476471,11394.06454051286,0
300397,65,19861,0.4859926998615265,11394.550533212721,0
300398,65,19862,0.49322834610939026,11395.04376155883,0
300399,65,19863,0.49951547384262085,11395.543277032673,0
300400,65,19864,0.487841933965683,11396.031118966639,0
300401,65,19865,0.4944899082183838,11396.525608874857,0
300402,65,19866,0.49051254987716675,11397.016121424735,0
300403,65,19867,0.49921977519989014,11397.515341199934,0
300404,65,19868,0.49479126930236816,11398.010132469237,0
300405,65,19869,0.49951738119125366,11398.509649850428,0
300406,65,19870,0.49316585063934326,11399.002815701067,0
300407,65,19871,0.49746376276016235,11399.500279463828,0
300408,65,19872,0.5041777491569519,11400.004457212985,0
300409,65,19873,0.506518542766571,11400.510975755751,0
300410,65,19874,0.5090476274490356,11401.0200233832,0
300411,65,19875,0.4926151931285858,11401.512638576329,0
300412,65,19876,0.5002992153167725,11402.012937791646,0
300413,65,19877,0.49495556950569153,11402.507893361151,0
300414,65,19878,0.497709184885025,11403.005602546036,0
300415,65,19879,0.4937164783477783,11403.499319024384,0
300416,65,19880,0.4979574680328369,11403.997276492417,0
300417,65,19881,0.5050628781318665,11404.502339370549,0
300418,65,19882,0.5064961910247803,11405.008835561574,0
300419,65,19883,0.4910113215446472,11405.499846883118,0
300420,65,19884,0.4957062304019928,11405.99555311352,0
300421,65,19885,0.4944639801979065,11406.490017093718,0
300422,65,19886,0.4982547163963318,11406.988271810114,0
300423,65,19887,0.504644513130188,11407.492916323245,0
300424,65,19888,0.4921278655529022,11407.985044188797,0
300425,65,19889,0.49778124690055847,11408.482825435698,0
300426,65,19890,0.5031009316444397,11408.985926367342,0
300427,65,19891,0.5043771266937256,11409.490303494036,0
300428,65,19892,0.49035799503326416,11409.98066148907,0
300429,65,19893,0.4936167299747467,11410.474278219044,0
300430,65,19894,0.49248796701431274,11410.966766186059,0
300431,65,19895,0.4962489604949951,11411.463015146554,0
300432,65,19896,0.5005039572715759,11411.963519103825,0
300433,65,19897,0.5043190121650696,11412.46783811599,0
300434,65,19898,0.48932555317878723,11412.957163669169,0
300435,65,19899,0.4936859607696533,11413.450849629939,0
300436,65,19900,0.4933004379272461,11413.944150067866,0
300437,65,19901,0.49924546480178833,11414.443395532668,0
300438,65,19902,0.493026465177536,11414.936421997845,0
300439,65,19903,0.4987299144268036,11415.435151912272,0
300440,65,19904,0.4939330220222473,11415.929084934294,0
300441,65,19905,0.49650949239730835,11416.425594426692,0
300442,65,19906,0.5012801289558411,11416.926874555647,0
300443,65,19907,0.5057420134544373,11417.432616569102,0
300444,65,19908,0.4930832087993622,11417.925699777901,0
300445,65,19909,0.49824753403663635,11418.423947311938,0
300446,65,19910,0.5082735419273376,11418.932220853865,0
300447,65,19911,0.49612122774124146,11419.428342081606,0
300448,65,19912,0.4986465275287628,11419.926988609135,0
300449,65,19913,0.49277830123901367,11420.419766910374,0
300450,65,19914,0.49489519000053406,11420.914662100375,0
300451,65,19915,0.4899488687515259,11421.404610969126,0
300452,65,19916,0.4940970540046692,11421.89870802313,0
300453,65,19917,0.4882168173789978,11422.38692484051,0
300454,65,19918,0.49117252230644226,11422.878097362816,0
300455,65,19919,0.4886605441570282,11423.366757906973,0
300456,65,19920,0.49234792590141296,11423.859105832875,0
300457,65,19921,0.49906042218208313,11424.358166255057,0
300458,65,19922,0.4992048144340515,11424.857371069491,0
300459,65,19923,0.49931880831718445,11425.356689877808,0
300460,65,19924,0.4983610510826111,11425.85505092889,0
300461,65,19925,0.497089147567749,11426.352140076458,0
300462,65,19926,0.4820694029331207,11426.834209479392,0
300463,65,19927,0.4855475425720215,11427.319757021964,0
300464,65,19928,0.4874889552593231,11427.807245977223,0
300465,65,19929,0.4913344979286194,11428.298580475152,0
300466,65,19930,0.4946623742580414,11428.79324284941,0
300467,65,19931,0.4834557771682739,11429.276698626578,0
300468,65,19932,0.48532044887542725,11429.762019075453,0
300469,65,19933,0.4841388761997223,11430.246157951653,0
300470,65,19934,0.4899340271949768,11430.736091978848,0
300471,65,19935,0.49673670530319214,11431.232828684151,0
300472,65,19936,0.5007990002632141,11431.733627684414,0
300473,65,19937,0.48480334877967834,11432.218431033194,0
300474,65,19938,0.48820748925209045,11432.706638522446,0
300475,65,19939,0.4888806641101837,11433.195519186556,0
300476,65,19940,0.48725229501724243,11433.682771481574,0
300477,65,19941,0.48618119955062866,11434.168952681124,0
300478,65,19942,0.49288704991340637,11434.661839731038,0
300479,65,19943,0.49956050515174866,11435.16140023619,0
300480,65,19944,0.5030823945999146,11435.66448263079,0
300481,65,19945,0.4876590371131897,11436.152141667902,0
300482,65,19946,0.4899541735649109,11436.642095841467,0
300483,65,19947,0.4992436468601227,11437.141339488328,0
300484,65,19948,0.4897073209285736,11437.631046809256,0
300485,65,19949,0.49202293157577515,11438.123069740832,0
300486,65,19950,0.48873311281204224,11438.611802853644,0
300487,65,19951,0.4879963994026184,11439.099799253047,0
300488,65,19952,0.48370760679244995,11439.583506859839,0
300489,65,19953,0.4864647388458252,11440.069971598685,0
300490,65,19954,0.4899621903896332,11440.559933789074,0
300491,65,19955,0.48119914531707764,11441.041132934391,0
300492,65,19956,0.4836351275444031,11441.524768061936,0
300493,65,19957,0.49044910073280334,11442.015217162669,0
300494,65,19958,0.4813464283943176,11442.496563591063,0
300495,65,19959,0.4854942262172699,11442.98205781728,0
300496,65,19960,0.4895646870136261,11443.471622504294,0
300497,65,19961,0.4950363039970398,11443.966658808291,0
300498,65,19962,0.48386573791503906,11444.450524546206,0
300499,65,19963,0.48690053820610046,11444.937425084412,0
300500,65,19964,0.48460277915000916,11445.422027863562,0
300501,65,19965,0.48875588178634644,11445.910783745348,0
300502,65,19966,0.49680501222610474,11446.407588757575,0
300503,65,19967,0.499792218208313,11446.907380975783,0
300504,65,19968,0.48514971137046814,11447.392530687153,0
300505,65,19969,0.4893316328525543,11447.881862320006,0
300506,65,19970,0.48884549736976624,11448.370707817376,0
300507,65,19971,0.4901732802391052,11448.860881097615,0
300508,65,19972,0.49745336174964905,11449.358334459364,0
300509,65,19973,0.49089404940605164,11449.84922850877,0
300510,65,19974,0.4971362352371216,11450.346364744008,0
300511,65,19975,0.504902720451355,11450.851267464459,0
300512,65,19976,0.492611825466156,11451.343879289925,0
300513,65,19977,0.4987458288669586,11451.842625118792,0
300514,65,19978,0.4936126470565796,11452.336237765849,0
300515,65,19979,0.49397334456443787,11452.830211110413,0
300516,65,19980,0.4903831481933594,11453.320594258606,0
300517,65,19981,0.4928799867630005,11453.81347424537,0
300518,65,19982,0.49233680963516235,11454.305811055005,0
300519,65,19983,0.49427124857902527,11454.800082303584,0
300520,65,19984,0.5013378262519836,11455.301420129836,0
300521,65,19985,0.492886483669281,11455.794306613505,0
300522,65,19986,0.4954856336116791,11456.289792247117,0
300523,65,19987,0.4923931062221527,11456.782185353339,0
300524,65,19988,0.4964246451854706,11457.278609998524,0
300525,65,19989,0.490450918674469,11457.769060917199,0
300526,65,19990,0.49343061447143555,11458.26249153167,0
300527,65,19991,0.5003591775894165,11458.76285070926,0
300528,65,19992,0.5056347846984863,11459.268485493958,0
300529,65,19993,0.4942282438278198,11459.762713737786,0
300530,65,19994,0.4994543492794037,11460.262168087065,0
300531,65,19995,0.5053292512893677,11460.767497338355,0
300532,65,19996,0.5077191591262817,11461.27521649748,0
300533,65,19997,0.5092278718948364,11461.784444369376,0
300534,65,19998,0.4907490611076355,11462.275193430483,0
300535,65,19999,0.4907214343547821,11462.765914864838,0
300536,65,20000,0.5004976391792297,11463.266412504017,0
300537,65,20001,0.5076146125793457,11463.774027116597,0
300538,65,20002,0.4938168525695801,11464.267843969166,0
300539,65,20003,0.4946327209472656,11464.762476690114,0
300540,65,20004,0.5019006133079529,11465.264377303421,0
300541,65,20005,0.5042893290519714,11465.768666632473,0
300542,65,20006,0.5033911466598511,11466.272057779133,0
300543,65,20007,0.4857136607170105,11466.75777143985,0
300544,65,20008,0.48852312564849854,11467.246294565499,0
300545,65,20009,0.49015480279922485,11467.736449368298,0
300546,65,20010,0.4928146302700043,11468.229263998568,0
300547,65,20011,0.48370882868766785,11468.712972827256,0
300548,65,20012,0.48401737213134766,11469.196990199387,0
300549,65,20013,0.481433242559433,11469.678423441947,0
300550,65,20014,0.4847114086151123,11470.163134850562,0
300551,65,20015,0.4884593188762665,11470.651594169438,0
300552,65,20016,0.48951488733291626,11471.14110905677,0
300553,65,20017,0.48867589235305786,11471.629784949124,0
300554,65,20018,0.48832544684410095,11472.118110395968,0
300555,65,20019,0.48713502287864685,11472.605245418847,0
300556,65,20020,0.48555734753608704,11473.090802766383,0
300557,65,20021,0.4707452952861786,11473.561548061669,0
300558,65,20022,0.47317036986351013,11474.034718431532,0
300559,65,20023,0.4813302457332611,11474.516048677266,0
300560,65,20024,0.4888441562652588,11475.00489283353,0
300561,65,20025,0.4882037341594696,11475.49309656769,0
300562,65,20026,0.4682401716709137,11475.961336739361,0
300563,65,20027,0.474069744348526,11476.43540648371,0
300564,65,20028,0.4780563414096832,11476.91346282512,0
300565,65,20029,0.4799876809120178,11477.393450506032,0
300566,65,20030,0.4796655774116516,11477.873116083443,0
300567,65,20031,0.4633660316467285,11478.33648211509,0
300568,65,20032,0.4649970233440399,11478.801479138434,0
300569,65,20033,0.46373677253723145,11479.265215910971,0
300570,65,20034,0.46790632605552673,11479.733122237027,0
300571,65,20035,0.4710654020309448,11480.204187639058,0
300572,65,20036,0.45650020241737366,11480.660687841475,0
300573,65,20037,0.46101486682891846,11481.121702708304,0
300574,65,20038,0.45521262288093567,11481.576915331185,0
300575,65,20039,0.4573187232017517,11482.034234054387,0
300576,65,20040,0.45960479974746704,11482.493838854134,0
300577,65,20041,0.46296706795692444,11482.956805922091,0
300578,65,20042,0.46425285935401917,11483.421058781445,0
300579,65,20043,0.448261022567749,11483.869319804013,0
300580,65,20044,0.45113566517829895,11484.320455469191,0
300581,65,20045,0.4594932794570923,11484.779948748648,0
300582,65,20046,0.4501156508922577,11485.23006439954,0
300583,65,20047,0.4522424638271332,11485.682306863368,0
300584,65,20048,0.4478300213813782,11486.130136884749,0
300585,65,20049,0.45002076029777527,11486.580157645047,0
300586,65,20050,0.4469219744205475,11487.027079619467,0
300587,65,20051,0.4526612162590027,11487.479740835726,0
300588,65,20052,0.45930540561676025,11487.939046241343,0
300589,65,20053,0.46307528018951416,11488.402121521533,0
300590,65,20054,0.4476383328437805,11488.849759854376,0
300591,65,20055,0.4511113464832306,11489.30087120086,0
300592,65,20056,0.45970866084098816,11489.7605798617,0
300593,65,20057,0.462546169757843,11490.223126031458,0
300594,65,20058,0.4600314795970917,11490.683157511055,0
300595,65,20059,0.4599914252758026,11491.143148936331,0
300596,65,20060,0.44504258036613464,11491.588191516697,0
300597,65,20061,0.4523545801639557,11492.040546096861,0
300598,65,20062,0.4474671483039856,11492.488013245165,0
300599,65,20063,0.4530603885650635,11492.94107363373,0
300600,65,20064,0.4455994665622711,11493.386673100293,0
300601,65,20065,0.44972559809684753,11493.83639869839,0
300602,65,20066,0.45502597093582153,11494.291424669325,0
300603,65,20067,0.4496000409126282,11494.741024710238,0
300604,65,20068,0.4425017833709717,11495.183526493609,0
300605,65,20069,0.4460902214050293,11495.629616715014,0
300606,65,20070,0.43906331062316895,11496.068680025637,0
300607,65,20071,0.4417412281036377,11496.51042125374,0
300608,65,20072,0.4439476430416107,11496.954368896782,0
300609,65,20073,0.44791513681411743,11497.402284033597,0
300610,65,20074,0.4461623430252075,11497.848446376622,0
300611,65,20075,0.4343327581882477,11498.28277913481,0
300612,65,20076,0.4374094605445862,11498.720188595355,0
300613,65,20077,0.4458537697792053,11499.166042365134,0
300614,65,20078,0.4388534128665924,11499.604895778,0
300615,65,20079,0.4399345815181732,11500.044830359519,0
300616,65,20080,0.4364764988422394,11500.48130685836,0
300617,65,20081,0.4374685287475586,11500.918775387108,0
300618,65,20082,0.43377384543418884,11501.352549232543,0
300619,65,20083,0.43887531757354736,11501.791424550116,0
300620,65,20084,0.42645129561424255,11502.21787584573,0
300621,65,20085,0.43023681640625,11502.648112662137,0
300622,65,20086,0.4358205795288086,11503.083933241665,0
300623,65,20087,0.43936219811439514,11503.52329543978,0
300624,65,20088,0.4381411075592041,11503.961436547339,0
300625,65,20089,0.43895426392555237,11504.400390811265,0
300626,65,20090,0.4383147358894348,11504.838705547154,0
300627,65,20091,0.43769344687461853,11505.276398994029,0
300628,65,20092,0.42319461703300476,11505.699593611062,0
300629,65,20093,0.43146416544914246,11506.13105777651,0
300630,65,20094,0.4260733723640442,11506.557131148875,0
300631,65,20095,0.4329315423965454,11506.990062691271,0
300632,65,20096,0.42784953117370605,11507.417912222445,0
300633,65,20097,0.4306009113788605,11507.848513133824,0
300634,65,20098,0.4346201717853546,11508.28313330561,0
300635,65,20099,0.4219862222671509,11508.705119527876,0
300636,65,20100,0.4254089593887329,11509.130528487265,0
300637,65,20101,0.4218256175518036,11509.552354104817,0
300638,65,20102,0.4210391640663147,11509.973393268883,0
300639,65,20103,0.4250248372554779,11510.398418106139,0
300640,65,20104,0.4147619307041168,11510.813180036843,0
300641,65,20105,0.41726675629615784,11511.230446793139,0
300642,65,20106,0.4255792796611786,11511.6560260728,0
300643,65,20107,0.41321054100990295,11512.06923661381,0
300644,65,20108,0.41385045647621155,11512.483087070286,0
300645,65,20109,0.42274123430252075,11512.905828304589,0
300646,65,20110,0.4295806884765625,11513.335408993065,0
300647,65,20111,0.43272724747657776,11513.768136240542,0
300648,65,20112,0.4333038926124573,11514.201440133154,0
300649,65,20113,0.4327618181705475,11514.634201951325,0
300650,65,20114,0.4184151291847229,11515.05261708051,0
300651,65,20115,0.4216274917125702,11515.474244572222,0
300652,65,20116,0.433077335357666,11515.90732190758,0
300653,65,20117,0.41840851306915283,11516.325730420649,0
300654,65,20118,0.42104238271713257,11516.746772803366,0
300655,65,20119,0.4266014099121094,11517.173374213278,0
300656,65,20120,0.4295669198036194,11517.602941133082,0
300657,65,20121,0.4294925034046173,11518.032433636487,0
300658,65,20122,0.4293273985385895,11518.461761035025,0
300659,65,20123,0.4145795404911041,11518.876340575516,0
300660,65,20124,0.4204553961753845,11519.296795971692,0
300661,65,20125,0.41528841853141785,11519.712084390223,0
300662,65,20126,0.41675567626953125,11520.128840066493,0
300663,65,20127,0.42226603627204895,11520.551106102765,0
300664,65,20128,0.4241274297237396,11520.975233532488,0
300665,65,20129,0.42432382702827454,11521.399557359517,0
300666,65,20130,0.424411416053772,11521.82396877557,0
300667,65,20131,0.4090675115585327,11522.233036287129,0
300668,65,20132,0.41654667258262634,11522.649582959712,0
300669,65,20133,0.41238999366760254,11523.06197295338,0
300670,65,20134,0.4164063036441803,11523.478379257023,0
300671,65,20135,0.4133499264717102,11523.891729183495,0
300672,65,20136,0.41935300827026367,11524.311082191765,0
300673,65,20137,0.4095838963985443,11524.720666088164,0
300674,65,20138,0.41439884901046753,11525.135064937174,0
300675,65,20139,0.4090684950351715,11525.54413343221,0
300676,65,20140,0.4095727205276489,11525.953706152737,0
300677,65,20141,0.4157516062259674,11526.369457758963,0
300678,65,20142,0.4054194390773773,11526.77487719804,0
300679,65,20143,0.40980830788612366,11527.184685505927,0
300680,65,20144,0.41481420397758484,11527.599499709904,0
300681,65,20145,0.41220080852508545,11528.01170051843,0
300682,65,20146,0.40990257263183594,11528.421603091061,0
300683,65,20147,0.4028787910938263,11528.824481882155,0
300684,65,20148,0.40652766823768616,11529.231009550393,0
300685,65,20149,0.40760812163352966,11529.638617672026,0
300686,65,20150,0.4106752574443817,11530.04929292947,0
300687,65,20151,0.4092465341091156,11530.45853946358,0
300688,65,20152,0.4059533476829529,11530.864492811263,0
300689,65,20153,0.4019313454627991,11531.266424156725,0
300690,65,20154,0.4054053723812103,11531.671829529107,0
300691,65,20155,0.4010549783706665,11532.072884507477,0
300692,65,20156,0.40446433424949646,11532.477348841727,0
300693,65,20157,0.40804001688957214,11532.885388858616,0
300694,65,20158,0.39845168590545654,11533.283840544522,0
300695,65,20159,0.4009556770324707,11533.684796221554,0
300696,65,20160,0.39694300293922424,11534.081739224494,0
300697,65,20161,0.3983535170555115,11534.480092741549,0
300698,65,20162,0.39558979868888855,11534.875682540238,0
300699,65,20163,0.39792123436927795,11535.273603774607,0
300700,65,20164,0.40416043996810913,11535.677764214575,0
300701,65,20165,0.40434378385543823,11536.08210799843,0
300702,65,20166,0.39106738567352295,11536.473175384104,0
300703,65,20167,0.3943972885608673,11536.867572672665,0
300704,65,20168,0.390023410320282,11537.257596082985,0
300705,65,20169,0.3940698504447937,11537.65166593343,0
300706,65,20170,0.39591407775878906,11538.047580011189,0
300707,65,20171,0.38361817598342896,11538.431198187172,0
300708,65,20172,0.38806581497192383,11538.819264002144,0
300709,65,20173,0.3965258002281189,11539.215789802372,0
300710,65,20174,0.3839283287525177,11539.599718131125,0
300711,65,20175,0.3835388123989105,11539.983256943524,0
300712,65,20176,0.38211962580680847,11540.36537656933,0
300713,65,20177,0.37930458784103394,11540.744681157172,0
300714,65,20178,0.3787010610103607,11541.123382218182,0
300715,65,20179,0.3847449719905853,11541.508127190173,0
300716,65,20180,0.37488484382629395,11541.883012033999,0
300717,65,20181,0.37725555896759033,11542.260267592967,0
300718,65,20182,0.37348705530166626,11542.633754648268,0
300719,65,20183,0.37965911626815796,11543.013413764536,0
300720,65,20184,0.3868464529514313,11543.400260217488,0
300721,65,20185,0.37321820855140686,11543.77347842604,0
300722,65,20186,0.3756738603115082,11544.14915228635,0
300723,65,20187,0.3713843822479248,11544.520536668599,0
300724,65,20188,0.37267637252807617,11544.893213041127,0
300725,65,20189,0.3767068386077881,11545.269919879735,0
300726,65,20190,0.36566218733787537,11545.635582067072,0
300727,65,20191,0.3674175441265106,11546.002999611199,0
300728,65,20192,0.3633168339729309,11546.366316445172,0
300729,65,20193,0.36600562930107117,11546.732322074473,0
300730,65,20194,0.37180113792419434,11547.104123212397,0
300731,65,20195,0.36283043026924133,11547.466953642666,0
300732,65,20196,0.36613917350769043,11547.833092816174,0
300733,65,20197,0.36377307772636414,11548.1968658939,0
300734,65,20198,0.3691231608390808,11548.56598905474,0
300735,65,20199,0.37543967366218567,11548.941428728402,0
300736,65,20200,0.37600043416023254,11549.317429162562,0
300737,65,20201,0.3755561411380768,11549.6929853037,0
300738,65,20202,0.3744587302207947,11550.06744403392,0
300739,65,20203,0.373343288898468,11550.44078732282,0
300740,65,20204,0.3724179267883301,11550.813205249608,0
300741,65,20205,0.3718191981315613,11551.18502444774,0
300742,65,20206,0.3580414652824402,11551.543065913022,0
300743,65,20207,0.36649587750434875,11551.909561790526,0
300744,65,20208,0.3725135326385498,11552.282075323164,0
300745,65,20209,0.37571248412132263,11552.657787807286,0
300746,65,20210,0.37798553705215454,11553.035773344338,0
300747,65,20211,0.3779344856739044,11553.413707830012,0
300748,65,20212,0.36445578932762146,11553.77816361934,0
300749,65,20213,0.37291908264160156,11554.151082701981,0
300750,65,20214,0.36762019991874695,11554.5187029019,0
300751,65,20215,0.37673884630203247,11554.895441748202,0
300752,65,20216,0.3769695460796356,11555.272411294281,0
300753,65,20217,0.37424513697624207,11555.646656431258,0
300754,65,20218,0.37549737095832825,11556.022153802216,0
300755,65,20219,0.373067170381546,11556.395220972598,0
300756,65,20220,0.3804704248905182,11556.775691397488,0
300757,65,20221,0.3724590837955475,11557.148150481284,0
300758,65,20222,0.3750636875629425,11557.523214168847,0
300759,65,20223,0.38116347789764404,11557.904377646744,0
300760,65,20224,0.379685640335083,11558.28406328708,0
300761,65,20225,0.36944475769996643,11558.65350804478,0
300762,65,20226,0.376058429479599,11559.029566474259,0
300763,65,20227,0.3811994194984436,11559.410765893757,0
300764,65,20228,0.3715318441390991,11559.782297737896,0
300765,65,20229,0.37779510021209717,11560.160092838109,0
300766,65,20230,0.3789006471633911,11560.538993485272,0
300767,65,20231,0.373106449842453,11560.912099935114,0
300768,65,20232,0.38066616654396057,11561.292766101658,0
300769,65,20233,0.38342365622520447,11561.676189757884,0
300770,65,20234,0.38292941451072693,11562.059119172394,0
300771,65,20235,0.38138940930366516,11562.440508581698,0
300772,65,20236,0.3839673399925232,11562.82447592169,0
300773,65,20237,0.38369864225387573,11563.208174563944,0
300774,65,20238,0.3785187304019928,11563.586693294346,0
300775,65,20239,0.3851368725299835,11563.971830166876,0
300776,65,20240,0.3824266791343689,11564.35425684601,0
300777,65,20241,0.3809617757797241,11564.73521862179,0
300778,65,20242,0.37670421600341797,11565.111922837794,0
300779,65,20243,0.3751676380634308,11565.487090475857,0
300780,65,20244,0.37551209330558777,11565.862602569163,0
300781,65,20245,0.3759622871875763,11566.23856485635,0
300782,65,20246,0.3765694200992584,11566.61513427645,0
300783,65,20247,0.3846622109413147,11566.999796487391,0
300784,65,20248,0.38558632135391235,11567.385382808745,0
300785,65,20249,0.3844229280948639,11567.76980573684,0
300786,65,20250,0.381965309381485,11568.151771046221,0
300787,65,20251,0.37598171830177307,11568.527752764523,0
300788,65,20252,0.3704890012741089,11568.898241765797,0
300789,65,20253,0.3838900029659271,11569.282131768763,0
300790,65,20254,0.3819493055343628,11569.664081074297,0
300791,65,20255,0.3801177740097046,11570.044198848307,0
300792,65,20256,0.38192713260650635,11570.426125980914,0
300793,65,20257,0.3768749237060547,11570.80300090462,0
300794,65,20258,0.373835951089859,11571.17683685571,0
300795,65,20259,0.37335845828056335,11571.55019531399,0
300796,65,20260,0.3801811933517456,11571.930376507342,0
300797,65,20261,0.381124883890152,11572.311501391232,0
300798,65,20262,0.3740905523300171,11572.685591943562,0
300799,65,20263,0.3789096474647522,11573.064501591027,0
300800,65,20264,0.37991365790367126,11573.44441524893,0
300801,65,20265,0.3783261477947235,11573.822741396725,0
300802,65,20266,0.3766781687736511,11574.199419565499,0
300803,65,20267,0.37631911039352417,11574.575738675892,0
300804,65,20268,0.3801270127296448,11574.955865688622,0
300805,65,20269,0.3741573989391327,11575.330023087561,0
300806,65,20270,0.3726597726345062,11575.702682860196,0
300807,65,20271,0.371959388256073,11576.074642248452,0
300808,65,20272,0.37512528896331787,11576.449767537415,0
300809,65,20273,0.37495937943458557,11576.82472691685,0
300810,65,20274,0.3757985830307007,11577.20052549988,0
300811,65,20275,0.37697485089302063,11577.577500350773,0
300812,65,20276,0.37107035517692566,11577.94857070595,0
300813,65,20277,0.37321779131889343,11578.32178849727,0
300814,65,20278,0.37803253531455994,11578.699821032584,0
300815,65,20279,0.37434399127960205,11579.074165023863,0
300816,65,20280,0.37343937158584595,11579.44760439545,0
300817,65,20281,0.373791366815567,11579.821395762265,0
300818,65,20282,0.3747333884239197,11580.196129150689,0
300819,65,20283,0.3760722875595093,11580.572201438248,0
300820,65,20284,0.3772403299808502,11580.949441768229,0
300821,65,20285,0.37813976407051086,11581.3275815323,0
300822,65,20286,0.3790598213672638,11581.706641353667,0
300823,65,20287,0.37996944785118103,11582.086610801518,0
300824,65,20288,0.380916953086853,11582.467527754605,0
300825,65,20289,0.3817020356655121,11582.84922979027,0
300826,65,20290,0.3827017545700073,11583.23193154484,0
300827,65,20291,0.3837446868419647,11583.615676231682,0
300828,65,20292,0.37492257356643677,11583.990598805249,0
300829,65,20293,0.3797546625137329,11584.370353467762,0
300830,65,20294,0.38346830010414124,11584.753821767867,0
300831,65,20295,0.3870046138763428,11585.140826381743,0
300832,65,20296,0.3895203769207001,11585.530346758664,0
300833,65,20297,0.38805466890335083,11585.918401427567,0
300834,65,20298,0.38791027665138245,11586.306311704218,0
300835,65,20299,0.3894442617893219,11586.695755966008,0
300836,65,20300,0.391708105802536,11587.08746407181,0
300837,65,20301,0.3901653289794922,11587.47762940079,0
300838,65,20302,0.39959174394607544,11587.877221144736,0
300839,65,20303,0.39690613746643066,11588.274127282202,0
300840,65,20304,0.3987756669521332,11588.672902949154,0
300841,65,20305,0.4037092626094818,11589.076612211764,0
300842,65,20306,0.39900895953178406,11589.475621171296,0
300843,65,20307,0.3982059359550476,11589.87382710725,0
300844,65,20308,0.40644755959510803,11590.280274666846,0
300845,65,20309,0.41056913137435913,11590.69084379822,0
300846,65,20310,0.4046301543712616,11591.095473952591,0
300847,65,20311,0.4026506245136261,11591.498124577105,0
300848,65,20312,0.4011024832725525,11591.899227060378,0
300849,65,20313,0.4016932547092438,11592.300920315087,0
300850,65,20314,0.4040652811527252,11592.70498559624,0
300851,65,20315,0.4183139204978943,11593.123299516737,0
300852,65,20316,0.41616132855415344,11593.539460845292,0
300853,65,20317,0.41880735754966736,11593.958268202841,0
300854,65,20318,0.4166102111339569,11594.374878413975,0
300855,65,20319,0.42338791489601135,11594.798266328871,0
300856,65,20320,0.423207551240921,11595.221473880112,0
300857,65,20321,0.42218345403671265,11595.643657334149,0
300858,65,20322,0.4290219843387604,11596.072679318488,0
300859,65,20323,0.42353925108909607,11596.496218569577,0
300860,65,20324,0.416821151971817,11596.913039721549,0
300861,65,20325,0.43050819635391235,11597.343547917902,0
300862,65,20326,0.4291585087776184,11597.77270642668,0
300863,65,20327,0.42461106181144714,11598.197317488492,0
300864,65,20328,0.4361996054649353,11598.633517093956,0
300865,65,20329,0.4354623258113861,11599.068979419768,0
300866,65,20330,0.4396555423736572,11599.508634962142,0
300867,65,20331,0.43673738837242126,11599.945372350514,0
300868,65,20332,0.4312562942504883,11600.376628644764,0
300869,65,20333,0.42879271507263184,11600.805421359837,0
300870,65,20334,0.43036937713623047,11601.235790736973,0
300871,65,20335,0.4328966438770294,11601.66868738085,0
300872,65,20336,0.4465896189212799,11602.115276999772,0
300873,65,20337,0.44289177656173706,11602.558168776333,0
300874,65,20338,0.45030081272125244,11603.008469589055,0
300875,65,20339,0.44806188344955444,11603.456531472504,0
300876,65,20340,0.44331467151641846,11603.89984614402,0
300877,65,20341,0.44196635484695435,11604.341812498868,0
300878,65,20342,0.4406416118144989,11604.782454110682,0
300879,65,20343,0.4565555453300476,11605.239009656012,0
300880,65,20344,0.45295611023902893,11605.691965766251,0
300881,65,20345,0.4513339400291443,11606.14329970628,0
300882,65,20346,0.4488506615161896,11606.592150367796,0
300883,65,20347,0.4594506621360779,11607.051601029932,0
300884,65,20348,0.46175840497016907,11607.513359434903,0
300885,65,20349,0.4534637928009033,11607.966823227704,0
300886,65,20350,0.4509831666946411,11608.417806394398,0
300887,65,20351,0.45101070404052734,11608.868817098439,0
300888,65,20352,0.45184341073036194,11609.32066050917,0
300889,65,20353,0.4543053209781647,11609.774965830147,0
300890,65,20354,0.46860840916633606,11610.243574239314,0
300891,65,20355,0.46642157435417175,11610.709995813668,0
300892,65,20356,0.45450881123542786,11611.164504624903,0
300893,65,20357,0.4653327167034149,11611.629837341607,0
300894,65,20358,0.46729350090026855,11612.097130842507,0
300895,65,20359,0.46875473856925964,11612.565885581076,0
300896,65,20360,0.46564576029777527,11613.031531341374,0
300897,65,20361,0.4616624712944031,11613.493193812668,0
300898,65,20362,0.47347182035446167,11613.966665633023,0
300899,65,20363,0.4733524024486542,11614.440018035471,0
300900,65,20364,0.46837154030799866,11614.90838957578,0
300901,65,20365,0.47208794951438904,11615.380477525294,0
300902,65,20366,0.4761207699775696,11615.856598295271,0
300903,65,20367,0.4707716703414917,11616.327369965613,0
300904,65,20368,0.46845927834510803,11616.795829243958,0
300905,65,20369,0.47411900758743286,11617.269948251545,0
300906,65,20370,0.47655874490737915,11617.746506996453,0
300907,65,20371,0.4728544354438782,11618.219361431897,0
300908,65,20372,0.47186288237571716,11618.691224314272,0
300909,65,20373,0.472307413816452,11619.163531728089,0
300910,65,20374,0.47256186604499817,11619.636093594134,0
300911,65,20375,0.4740156829357147,11620.11010927707,0
300912,65,20376,0.47499310970306396,11620.585102386773,0
300913,65,20377,0.4810822010040283,11621.066184587777,0
300914,65,20378,0.4766986668109894,11621.542883254588,0
300915,65,20379,0.4802117943763733,11622.023095048964,0
300916,65,20380,0.4824705719947815,11622.505565620959,0
300917,65,20381,0.4833754897117615,11622.98894111067,0
300918,65,20382,0.48311537504196167,11623.472056485713,0
300919,65,20383,0.48262518644332886,11623.954681672156,0
300920,65,20384,0.48609602451324463,11624.44077769667,0
300921,65,20385,0.47877010703086853,11624.9195478037,0
300922,65,20386,0.4853380620479584,11625.404885865748,0
300923,65,20387,0.48569566011428833,11625.890581525862,0
300924,65,20388,0.4834299087524414,11626.374011434615,0
300925,65,20389,0.48431089520454407,11626.85832232982,0
300926,65,20390,0.4873112738132477,11627.345633603632,0
300927,65,20391,0.4839628338813782,11627.829596437514,0
300928,65,20392,0.48673731088638306,11628.3163337484,0
300929,65,20393,0.4883989989757538,11628.804732747376,0
300930,65,20394,0.48672428727149963,11629.291457034647,0
300931,65,20395,0.4806188941001892,11629.772075928748,0
300932,65,20396,0.48768123984336853,11630.259757168591,0
300933,65,20397,0.4821609854698181,11630.74191815406,0
300934,65,20398,0.4866921603679657,11631.228610314429,0
300935,65,20399,0.4916450083255768,11631.720255322754,0
300936,65,20400,0.48438629508018494,11632.204641617835,0
300937,65,20401,0.49055051803588867,11632.69519213587,0
300938,65,20402,0.48842015862464905,11633.183612294495,0
300939,65,20403,0.49093639850616455,11633.674548693001,0
300940,65,20404,0.4915183484554291,11634.166067041457,0
300941,65,20405,0.4886123538017273,11634.654679395258,0
300942,65,20406,0.49024805426597595,11635.144927449524,0
300943,65,20407,0.4946616590023041,11635.639589108527,0
300944,65,20408,0.4931352734565735,11636.132724381983,0
300945,65,20409,0.49476194381713867,11636.6274863258,0
300946,65,20410,0.4927934408187866,11637.12027976662,0
300947,65,20411,0.49558356404304504,11637.615863330662,0
300948,65,20412,0.4941907227039337,11638.110054053366,0
300949,65,20413,0.4890073835849762,11638.599061436951,0
300950,65,20414,0.49022790789604187,11639.089289344847,0
300951,65,20415,0.48600831627845764,11639.575297661126,0
300952,65,20416,0.4920450448989868,11640.067342706025,0
300953,65,20417,0.4967476725578308,11640.564090378582,0
300954,65,20418,0.48472410440444946,11641.048814482987,0
300955,65,20419,0.4885145425796509,11641.537329025567,0
300956,65,20420,0.48941850662231445,11642.026747532189,0
300957,65,20421,0.4956355690956116,11642.522383101285,0
300958,65,20422,0.4879327416419983,11643.010315842927,0
300959,65,20423,0.4909335970878601,11643.501249440014,0
300960,65,20424,0.4948441982269287,11643.996093638241,0
300961,65,20425,0.4863150119781494,11644.48240865022,0
300962,65,20426,0.4888562560081482,11644.971264906228,0
300963,65,20427,0.48785677552223206,11645.45912168175,0
300964,65,20428,0.4869542419910431,11645.94607592374,0
300965,65,20429,0.4847845435142517,11646.430860467255,0
300966,65,20430,0.4826112985610962,11646.913471765816,0
300967,65,20431,0.48052749037742615,11647.393999256194,0
300968,65,20432,0.48542603850364685,11647.879425294697,0
300969,65,20433,0.4769519865512848,11648.356377281249,0
300970,65,20434,0.4799184203147888,11648.836295701563,0
300971,65,20435,0.47583842277526855,11649.312134124339,0
300972,65,20436,0.48286503553390503,11649.794999159873,0
300973,65,20437,0.4763834774494171,11650.271382637322,0
300974,65,20438,0.48218902945518494,11650.753571666777,0
300975,65,20439,0.4766297936439514,11651.230201460421,0
300976,65,20440,0.48013266921043396,11651.710334129632,0
300977,65,20441,0.47651171684265137,11652.186845846474,0
300978,65,20442,0.4826989769935608,11652.669544823468,0
300979,65,20443,0.49047303199768066,11653.160017855465,0
300980,65,20444,0.47989341616630554,11653.639911271632,0
300981,65,20445,0.4827830195426941,11654.122694291174,0
300982,65,20446,0.4806133806705475,11654.603307671845,0
300983,65,20447,0.4867841601371765,11655.090091831982,0
300984,65,20448,0.4766158163547516,11655.566707648337,0
300985,65,20449,0.4812140166759491,11656.047921665013,0
300986,65,20450,0.4858815670013428,11656.533803232014,0
300987,65,20451,0.4918777346611023,11657.025680966675,0
300988,65,20452,0.4806276261806488,11657.506308592856,0
300989,65,20453,0.4852268397808075,11657.991535432637,0
300990,65,20454,0.4947388470172882,11658.486274279654,0
300991,65,20455,0.5009221434593201,11658.987196423113,0
300992,65,20456,0.48454612493515015,11659.471742548048,0
300993,65,20457,0.48590877652168274,11659.95765132457,0
300994,65,20458,0.4930717349052429,11660.450723059475,0
300995,65,20459,0.4998011887073517,11660.950524248183,0
300996,65,20460,0.5016037821769714,11661.45212803036,0
300997,65,20461,0.48828253149986267,11661.94041056186,0
300998,65,20462,0.491642028093338,11662.432052589953,0
300999,65,20463,0.49100732803344727,11662.923059917986,0
301000,65,20464,0.4929035007953644,11663.415963418782,0
301001,65,20465,0.4895302355289459,11663.90549365431,0
301002,65,20466,0.4945451021194458,11664.40003875643,0
301003,65,20467,0.4861627519130707,11664.886201508343,0
301004,65,20468,0.4908132255077362,11665.377014733851,0
301005,65,20469,0.4882044494152069,11665.865219183266,0
301006,65,20470,0.4938070476055145,11666.359026230872,0
301007,65,20471,0.49905604124069214,11666.858082272112,0
301008,65,20472,0.5003425478935242,11667.358424820006,0
301009,65,20473,0.49928998947143555,11667.857714809477,0
301010,65,20474,0.49791398644447327,11668.355628795922,0
301011,65,20475,0.48332467675209045,11668.838953472674,0
301012,65,20476,0.49056440591812134,11669.329517878592,0
301013,65,20477,0.49564462900161743,11669.825162507594,0
301014,65,20478,0.4858645498752594,11670.311027057469,0
301015,65,20479,0.49259430170059204,11670.80362135917,0
301016,65,20480,0.5025855302810669,11671.30620688945,0
301017,65,20481,0.4909905791282654,11671.797197468579,0
301018,65,20482,0.4945584833621979,11672.291755951941,0
301019,65,20483,0.49997013807296753,11672.791726090014,0
301020,65,20484,0.4872223138809204,11673.278948403895,0
301021,65,20485,0.48939546942710876,11673.768343873322,0
301022,65,20486,0.4874706268310547,11674.255814500153,0
301023,65,20487,0.4892396926879883,11674.745054192841,0
301024,65,20488,0.4920395314693451,11675.23709372431,0
301025,65,20489,0.47975632548332214,11675.716850049794,0
301026,65,20490,0.48138806223869324,11676.198238112032,0
301027,65,20491,0.4768805503845215,11676.675118662417,0
301028,65,20492,0.4796239137649536,11677.154742576182,0
301029,65,20493,0.4784431755542755,11677.633185751736,0
301030,65,20494,0.4760377109050751,11678.109223462641,0
301031,65,20495,0.4787154793739319,11678.587938942015,0
301032,65,20496,0.46895256638526917,11679.0568915084,0
301033,65,20497,0.47180095314979553,11679.52869246155,0
301034,65,20498,0.47739169001579285,11680.006084151566,0
301035,65,20499,0.4649621546268463,11680.471046306193,0
301036,65,20500,0.4684976041316986,11680.939543910325,0
301037,65,20501,0.4650898277759552,11681.4046337381,0
301038,65,20502,0.46676281094551086,11681.871396549046,0
301039,65,20503,0.4706328809261322,11682.342029429972,0
301040,65,20504,0.459756076335907,11682.801785506308,0
301041,65,20505,0.4637173116207123,11683.265502817929,0
301042,65,20506,0.46700170636177063,11683.73250452429,0
301043,65,20507,0.47146597504615784,11684.203970499337,0
301044,65,20508,0.45903027057647705,11684.663000769913,0
301045,65,20509,0.46405065059661865,11685.12705142051,0
301046,65,20510,0.46929001808166504,11685.596341438591,0
301047,65,20511,0.462756872177124,11686.059098310769,0
301048,65,20512,0.4678550362586975,11686.526953347027,0
301049,65,20513,0.4633398652076721,11686.990293212235,0
301050,65,20514,0.4669884741306305,11687.457281686366,0
301051,65,20515,0.47027939558029175,11687.927561081946,0
301052,65,20516,0.4753693640232086,11688.40293044597,0
301053,65,20517,0.4621279239654541,11688.865058369935,0
301054,65,20518,0.4672166705131531,11689.332275040448,0
301055,65,20519,0.4623357951641083,11689.794610835612,0
301056,65,20520,0.46842119097709656,11690.263032026589,0
301057,65,20521,0.4755612015724182,11690.738593228161,0
301058,65,20522,0.47916343808174133,11691.217756666243,0
301059,65,20523,0.4642081558704376,11691.681964822114,0
301060,65,20524,0.46890968084335327,11692.150874502957,0
301061,65,20525,0.4740012288093567,11692.624875731766,0
301062,65,20526,0.4774453938007355,11693.102321125567,0
301063,65,20527,0.47852063179016113,11693.580841757357,0
301064,65,20528,0.4652067720890045,11694.046048529446,0
301065,65,20529,0.4696798324584961,11694.515728361905,0
301066,65,20530,0.48000824451446533,11694.995736606419,0
301067,65,20531,0.48672279715538025,11695.482459403574,0
301068,65,20532,0.4748017191886902,11695.957261122763,0
301069,65,20533,0.4770318269729614,11696.434292949736,0
301070,65,20534,0.48290419578552246,11696.917197145522,0
301071,65,20535,0.47510766983032227,11697.392304815352,0
301072,65,20536,0.4789181649684906,11697.87122298032,0
301073,65,20537,0.48545584082603455,11698.356678821146,0
301074,65,20538,0.47417372465133667,11698.830852545798,0
301075,65,20539,0.47990548610687256,11699.310758031905,0
301076,65,20540,0.4756383001804352,11699.786396332085,0
301077,65,20541,0.4797948896884918,11700.266191221774,0
301078,65,20542,0.4860965609550476,11700.752287782729,0
301079,65,20543,0.4908715784549713,11701.243159361184,0
301080,65,20544,0.47847720980644226,11701.72163657099,0
301081,65,20545,0.48308324813842773,11702.204719819129,0
301082,65,20546,0.4838145971298218,11702.688534416258,0
301083,65,20547,0.48388805985450745,11703.172422476113,0
301084,65,20548,0.491413950920105,11703.663836427033,0
301085,65,20549,0.4979461133480072,11704.161782540381,0
301086,65,20550,0.5015489459037781,11704.663331486285,0
301087,65,20551,0.48937860131263733,11705.152710087597,0
301088,65,20552,0.49273326992988586,11705.645443357527,0
301089,65,20553,0.48870009183883667,11706.134143449366,0
301090,65,20554,0.48960188031196594,11706.623745329678,0
301091,65,20555,0.4869847893714905,11707.11073011905,0
301092,65,20556,0.4906962215900421,11707.60142634064,0
301093,65,20557,0.4956100285053253,11708.097036369145,0
301094,65,20558,0.4865410327911377,11708.583577401936,0
301095,65,20559,0.4910488426685333,11709.074626244605,0
301096,65,20560,0.4966721832752228,11709.57129842788,0
301097,65,20561,0.4896969199180603,11710.060995347798,0
301098,65,20562,0.49295574426651,11710.553951092064,0
301099,65,20563,0.4960591495037079,11711.050010241568,0
301100,65,20564,0.48978251218795776,11711.539792753756,0
301101,65,20565,0.4918992221355438,11712.031691975892,0
301102,65,20566,0.49756085872650146,11712.529252834618,0
301103,65,20567,0.49035847187042236,11713.019611306489,0
301104,65,20568,0.49538734555244446,11713.514998652041,0
301105,65,20569,0.503572940826416,11714.018571592867,0
301106,65,20570,0.4905225932598114,11714.509094186127,0
301107,65,20571,0.49048757553100586,11714.999581761658,0
301108,65,20572,0.49762529134750366,11715.497207053006,0
301109,65,20573,0.48988911509513855,11715.9870961681,0
301110,65,20574,0.49420198798179626,11716.481298156083,0
301111,65,20575,0.5013140439987183,11716.982612200081,0
301112,65,20576,0.5060710906982422,11717.48868329078,0
301113,65,20577,0.49108871817588806,11717.979772008955,0
301114,65,20578,0.4944540858268738,11718.474226094782,0
301115,65,20579,0.5027008056640625,11718.976926900446,0
301116,65,20580,0.5068452954292297,11719.483772195876,0
301117,65,20581,0.5077418088912964,11719.991514004767,0
301118,65,20582,0.5078051686286926,11720.499319173396,0
301119,65,20583,0.49439993500709534,11720.993719108403,0
301120,65,20584,0.5008662343025208,11721.494585342705,0
301121,65,20585,0.4963543117046356,11721.99093965441,0
301122,65,20586,0.5009873509407043,11722.49192700535,0
301123,65,20587,0.5056505799293518,11722.99757758528,0
301124,65,20588,0.5095093250274658,11723.507086910307,0
301125,65,20589,0.4935430586338043,11724.000629968941,0
301126,65,20590,0.49713510274887085,11724.49776507169,0
301127,65,20591,0.4995891749858856,11724.997354246676,0
301128,65,20592,0.48832589387893677,11725.485680140555,0
301129,65,20593,0.4930274486541748,11725.978707589209,0
301130,65,20594,0.5004128217697144,11726.479120410979,0
301131,65,20595,0.49122685194015503,11726.970347262919,0
301132,65,20596,0.4948396682739258,11727.465186931193,0
301133,65,20597,0.5022099614143372,11727.967396892607,0
301134,65,20598,0.4909138083457947,11728.458310700953,0
301135,65,20599,0.49477073550224304,11728.953081436455,0
301136,65,20600,0.4908779561519623,11729.443959392607,0
301137,65,20601,0.49379315972328186,11729.93775255233,0
301138,65,20602,0.4924447238445282,11730.430197276175,0
301139,65,20603,0.4990878105163574,11730.929285086691,0
301140,65,20604,0.5059774518013,11731.435262538493,0
301141,65,20605,0.4928480088710785,11731.928110547364,0
301142,65,20606,0.49672776460647583,11732.42483831197,0
301143,65,20607,0.501559317111969,11732.926397629082,0
301144,65,20608,0.5057324171066284,11733.432130046189,0
301145,65,20609,0.4954051375389099,11733.927535183728,0
301146,65,20610,0.49827250838279724,11734.42580769211,0
301147,65,20611,0.5033372044563293,11734.929144896567,0
301148,65,20612,0.496618390083313,11735.42576328665,0
301149,65,20613,0.5003098845481873,11735.926073171198,0
301150,65,20614,0.49886196851730347,11736.424935139716,0
301151,65,20615,0.5061600804328918,11736.931095220149,0
301152,65,20616,0.5073503255844116,11737.438445545733,0
301153,65,20617,0.505920946598053,11737.944366492331,0
301154,65,20618,0.4980170428752899,11738.442383535206,0
301155,65,20619,0.5006809830665588,11738.943064518273,0
301156,65,20620,0.5078259110450745,11739.450890429318,0
301157,65,20621,0.5093637704849243,11739.960254199803,0
301158,65,20622,0.49967172741889954,11740.459925927222,0
301159,65,20623,0.5025264620780945,11740.9624523893,0
301160,65,20624,0.5008366703987122,11741.463289059699,0
301161,65,20625,0.5010585188865662,11741.964347578585,0
301162,65,20626,0.49904611706733704,11742.463393695652,0
301163,65,20627,0.5013098120689392,11742.964703507721,0
301164,65,20628,0.5051755309104919,11743.469879038632,0
301165,65,20629,0.5084518194198608,11743.978330858052,0
301166,65,20630,0.5080579519271851,11744.486388809979,0
301167,65,20631,0.5089805722236633,11744.995369382203,0
301168,65,20632,0.5082714557647705,11745.503640837967,0
301169,65,20633,0.4948604106903076,11745.998501248658,0
301170,65,20634,0.497342050075531,11746.495843298733,0
301171,65,20635,0.5087140798568726,11747.00455737859,0
301172,65,20636,0.4988931119441986,11747.503450490534,0
301173,65,20637,0.500149130821228,11748.003599621356,0
301174,65,20638,0.49594664573669434,11748.499546267092,0
301175,65,20639,0.4960705637931824,11748.995616830885,0
301176,65,20640,0.49667036533355713,11749.492287196219,0
301177,65,20641,0.5036941170692444,11749.995981313288,0
301178,65,20642,0.5099378824234009,11750.505919195712,0
301179,65,20643,0.4977976381778717,11751.00371683389,0
301180,65,20644,0.49872252345085144,11751.50243935734,0
301181,65,20645,0.4991706609725952,11752.001610018313,0
301182,65,20646,0.5046858191490173,11752.506295837462,0
301183,65,20647,0.5106388926506042,11753.016934730113,0
301184,65,20648,0.5000208020210266,11753.516955532134,0
301185,65,20649,0.5057013630867004,11754.02265689522,0
301186,65,20650,0.511260449886322,11754.533917345107,0
301187,65,20651,0.5010446906089783,11755.034962035716,0
301188,65,20652,0.5069503784179688,11755.541912414134,0
301189,65,20653,0.5162596702575684,11756.058172084391,0
301190,65,20654,0.5156798362731934,11756.573851920664,0
301191,65,20655,0.5075350403785706,11757.081386961043,0
301192,65,20656,0.5114195346832275,11757.592806495726,0
301193,65,20657,0.5151759386062622,11758.107982434332,0
301194,65,20658,0.5086540579795837,11758.616636492312,0
301195,65,20659,0.5123029947280884,11759.12893948704,0
301196,65,20660,0.5195796489715576,11759.648519136012,0
301197,65,20661,0.5107147097587585,11760.15923384577,0
301198,65,20662,0.5125096440315247,11760.671743489802,0
301199,65,20663,0.5196306705474854,11761.19137416035,0
301200,65,20664,0.5154761672019958,11761.706850327551,0
301201,65,20665,0.5148109793663025,11762.221661306918,0
301202,65,20666,0.517277717590332,11762.738939024508,0
301203,65,20667,0.5122665166854858,11763.251205541193,0
301204,65,20668,0.5192347168922424,11763.770440258086,0
301205,65,20669,0.521440327167511,11764.291880585253,0
301206,65,20670,0.5188372135162354,11764.81071779877,0
301207,65,20671,0.5178289413452148,11765.328546740115,0
301208,65,20672,0.523669958114624,11765.85221669823,0
301209,65,20673,0.5204464197158813,11766.372663117945,0
301210,65,20674,0.5168489217758179,11766.889512039721,0
301211,65,20675,0.5272799134254456,11767.416791953146,0
301212,65,20676,0.5295616388320923,11767.946353591979,0
301213,65,20677,0.5287220478057861,11768.475075639784,0
301214,65,20678,0.5283713340759277,11769.00344697386,0
301215,65,20679,0.5333088636398315,11769.5367558375,0
301216,65,20680,0.5333037972450256,11770.070059634745,0
301217,65,20681,0.5332658886909485,11770.603325523436,0
301218,65,20682,0.5319771766662598,11771.135302700102,0
301219,65,20683,0.5367304086685181,11771.67203310877,0
301220,65,20684,0.5379465222358704,11772.209979631007,0
301221,65,20685,0.5357723236083984,11772.745751954615,0
301222,65,20686,0.5374194979667664,11773.283171452582,0
301223,65,20687,0.5409129858016968,11773.824084438384,0
301224,65,20688,0.5352296233177185,11774.359314061701,0
301225,65,20689,0.5417549014091492,11774.90106896311,0
301226,65,20690,0.5455296039581299,11775.446598567069,0
301227,65,20691,0.5418421626091003,11775.988440729678,0
301228,65,20692,0.541926920413971,11776.530367650092,0
301229,65,20693,0.5460049510002136,11777.076372601092,0
301230,65,20694,0.5455300807952881,11777.621902681887,0
301231,65,20695,0.5512779355049133,11778.173180617392,0
301232,65,20696,0.5538201928138733,11778.727000810206,0
301233,65,20697,0.5445846915245056,11779.27158550173,0
301234,65,20698,0.5506981015205383,11779.822283603251,0
301235,65,20699,0.5564079880714417,11780.378691591322,0
301236,65,20700,0.5487289428710938,11780.927420534194,0
301237,65,20701,0.552544891834259,11781.479965426028,0
301238,65,20702,0.5519794821739197,11782.031944908202,0
301239,65,20703,0.5519872307777405,11782.58393213898,0
301240,65,20704,0.5522706508636475,11783.136202789843,0
301241,65,20705,0.557751476764679,11783.693954266608,0
301242,65,20706,0.5520877838134766,11784.246042050421,0
301243,65,20707,0.554530918598175,11784.80057296902,0
301244,65,20708,0.5618658065795898,11785.362438775599,0
301245,65,20709,0.5520793795585632,11785.914518155158,0
301246,65,20710,0.5572233200073242,11786.471741475165,0
301247,65,20711,0.5637410283088684,11787.035482503474,0
301248,65,20712,0.5684556365013123,11787.603938139975,0
301249,65,20713,0.5557575225830078,11788.159695662558,0
301250,65,20714,0.5592491626739502,11788.718944825232,0
301251,65,20715,0.5613141059875488,11789.28025893122,0
301252,65,20716,0.5610666275024414,11789.841325558722,0
301253,65,20717,0.5662840008735657,11790.407609559596,0
301254,65,20718,0.558194637298584,11790.965804196894,0
301255,65,20719,0.5590122938156128,11791.52481649071,0
301256,65,20720,0.5590937733650208,11792.083910264075,0
301257,65,20721,0.5610828995704651,11792.644993163645,0
301258,65,20722,0.5630888938903809,11793.208082057536,0
301259,65,20723,0.5613765120506287,11793.769458569586,0
301260,65,20724,0.56192946434021,11794.331388033926,0
301261,65,20725,0.5691699981689453,11794.900558032095,0
301262,65,20726,0.5756800174713135,11795.476238049567,0
301263,65,20727,0.5634713768959045,11796.039709426463,0
301264,65,20728,0.56881183385849,11796.608521260321,0
301265,65,20729,0.5749944448471069,11797.183515705168,0
301266,65,20730,0.577444314956665,11797.760960020125,0
301267,65,20731,0.5656582713127136,11798.326618291438,0
301268,65,20732,0.5712730288505554,11798.897891320288,0
301269,65,20733,0.5814955830574036,11799.479386903346,0
301270,65,20734,0.5732312202453613,11800.052618123591,0
301271,65,20735,0.5781282782554626,11800.630746401846,0
301272,65,20736,0.5845265984535217,11801.2152730003,0
301273,65,20737,0.5727847218513489,11801.788057722151,0
301274,65,20738,0.5759938359260559,11802.364051558077,0
301275,65,20739,0.5733371376991272,11802.937388695776,0
301276,65,20740,0.5777204632759094,11803.515109159052,0
301277,65,20741,0.5840620398521423,11804.099171198905,0
301278,65,20742,0.5884218215942383,11804.687593020499,0
301279,65,20743,0.589704155921936,11805.27729717642,0
301280,65,20744,0.5912044644355774,11805.868501640856,0
301281,65,20745,0.5789154171943665,11806.44741705805,0
301282,65,20746,0.587476909160614,11807.034893967211,0
301283,65,20747,0.5842330455780029,11807.61912701279,0
301284,65,20748,0.5887216329574585,11808.207848645747,0
301285,65,20749,0.5929722189903259,11808.800820864737,0
301286,65,20750,0.5872624516487122,11809.388083316386,0
301287,65,20751,0.5899670124053955,11809.978050328791,0
301288,65,20752,0.5888634920120239,11810.566913820803,0
301289,65,20753,0.5955009460449219,11811.162414766848,0
301290,65,20754,0.5904751420021057,11811.75288990885,0
301291,65,20755,0.5941222310066223,11812.347012139857,0
301292,65,20756,0.5987878441810608,11812.945799984038,0
301293,65,20757,0.6019744873046875,11813.547774471343,0
301294,65,20758,0.60345458984375,11814.151229061186,0
301295,65,20759,0.605377733707428,11814.756606794894,0
301296,65,20760,0.6058773994445801,11815.362484194338,0
301297,65,20761,0.6060527563095093,11815.968536950648,0
301298,65,20762,0.5945566296577454,11816.563093580306,0
301299,65,20763,0.6018435955047607,11817.16493717581,0
301300,65,20764,0.6064926981925964,11817.771429874003,0
301301,65,20765,0.600259006023407,11818.371688880026,0
301302,65,20766,0.6062269806861877,11818.977915860713,0
301303,65,20767,0.6144172549247742,11819.592333115637,0
301304,65,20768,0.6031493544578552,11820.195482470095,0
301305,65,20769,0.6077927947044373,11820.8032752648,0
301306,65,20770,0.6036149859428406,11821.406890250742,0
301307,65,20771,0.6092694997787476,11822.016159750521,0
301308,65,20772,0.6138407588005066,11822.630000509322,0
301309,65,20773,0.6157951354980469,11823.24579564482,0
301310,65,20774,0.6021908521652222,11823.847986496985,0
301311,65,20775,0.606449544429779,11824.454436041415,0
301312,65,20776,0.6096622943878174,11825.064098335803,0
301313,65,20777,0.6129246354103088,11825.677022971213,0
301314,65,20778,0.603471040725708,11826.280494011939,0
301315,65,20779,0.6082990765571594,11826.888793088496,0
301316,65,20780,0.6065115928649902,11827.49530468136,0
301317,65,20781,0.6083088517189026,11828.10361353308,0
301318,65,20782,0.6114768385887146,11828.715090371668,0
301319,65,20783,0.6068506836891174,11829.321941055357,0
301320,65,20784,0.6099315881729126,11829.93187264353,0
301321,65,20785,0.6094551086425781,11830.541327752173,0
301322,65,20786,0.6141303181648254,11831.155458070338,0
301323,65,20787,0.6062469482421875,11831.76170501858,0
301324,65,20788,0.61012202501297,11832.371827043593,0
301325,65,20789,0.6049064993858337,11832.976733542979,0
301326,65,20790,0.6073759198188782,11833.584109462798,0
301327,65,20791,0.6128273606300354,11834.196936823428,0
301328,65,20792,0.6044692993164062,11834.801406122744,0
301329,65,20793,0.6086226105690002,11835.410028733313,0
301330,65,20794,0.6064673662185669,11836.016496099532,0
301331,65,20795,0.6061028838157654,11836.622598983347,0
301332,65,20796,0.6056283116340637,11837.228227294981,0
301333,65,20797,0.6105310320854187,11837.838758327067,0
301334,65,20798,0.6040419936180115,11838.442800320685,0
301335,65,20799,0.6038486361503601,11839.046648956835,0
301336,65,20800,0.602790355682373,11839.649439312518,0
301337,65,20801,0.6068832278251648,11840.256322540343,0
301338,65,20802,0.6131519079208374,11840.869474448264,0
301339,65,20803,0.6004423499107361,11841.469916798174,0
301340,65,20804,0.6028876304626465,11842.072804428637,0
301341,65,20805,0.5992318987846375,11842.672036327422,0
301342,65,20806,0.6025391221046448,11843.274575449526,0
301343,65,20807,0.6066251397132874,11843.88120058924,0
301344,65,20808,0.5991547703742981,11844.480355359614,0
301345,65,20809,0.6034571528434753,11845.083812512457,0
301346,65,20810,0.6013211011886597,11845.685133613646,0
301347,65,20811,0.6038492918014526,11846.288982905447,0
301348,65,20812,0.6032745838165283,11846.892257489264,0
301349,65,20813,0.6087285876274109,11847.500986076891,0
301350,65,20814,0.6155344843864441,11848.116520561278,0
301351,65,20815,0.6059337854385376,11848.722454346716,0
301352,65,20816,0.609984278678894,11849.332438625395,0
301353,65,20817,0.6044172644615173,11849.936855889857,0
301354,65,20818,0.609041154384613,11850.545897044241,0
301355,65,20819,0.6060940027236938,11851.151991046965,0
301356,65,20820,0.6114939451217651,11851.763484992087,0
301357,65,20821,0.6153337359428406,11852.37881872803,0
301358,65,20822,0.6033105850219727,11852.982129313052,0
301359,65,20823,0.6068825721740723,11853.589011885226,0
301360,65,20824,0.613699734210968,11854.202711619437,0
301361,65,20825,0.6066270470619202,11854.809338666499,0
301362,65,20826,0.6092619895935059,11855.418600656092,0
301363,65,20827,0.6055713891983032,11856.02417204529,0
301364,65,20828,0.6119729280471802,11856.636144973338,0
301365,65,20829,0.6151794791221619,11857.25132445246,0
301366,65,20830,0.6012380123138428,11857.852562464774,0
301367,65,20831,0.6044148802757263,11858.45697734505,0
301368,65,20832,0.6069803833961487,11859.063957728446,0
301369,65,20833,0.6082590222358704,11859.672216750681,0
301370,65,20834,0.607708752155304,11860.279925502837,0
301371,65,20835,0.5944731831550598,11860.874398685992,0
301372,65,20836,0.6008461117744446,11861.475244797766,0
301373,65,20837,0.5950309038162231,11862.070275701582,0
301374,65,20838,0.6026567816734314,11862.672932483256,0
301375,65,20839,0.6111398339271545,11863.284072317183,0
301376,65,20840,0.6156795024871826,11863.89975181967,0
301377,65,20841,0.6151238679885864,11864.514875687659,0
301378,65,20842,0.601920485496521,11865.116796173155,0
301379,65,20843,0.6039950847625732,11865.720791257918,0
301380,65,20844,0.602519690990448,11866.323310948908,0
301381,65,20845,0.6057255268096924,11866.929036475718,0
301382,65,20846,0.6109179258346558,11867.539954401553,0
301383,65,20847,0.6007334589958191,11868.140687860548,0
301384,65,20848,0.6049624681472778,11868.745650328696,0
301385,65,20849,0.6105676889419556,11869.356218017638,0
301386,65,20850,0.5996975898742676,11869.955915607512,0
301387,65,20851,0.6007658243179321,11870.55668143183,0
301388,65,20852,0.5992937088012695,11871.155975140631,0
301389,65,20853,0.6001095771789551,11871.75608471781,0
301390,65,20854,0.6058834195137024,11872.361968137324,0
301391,65,20855,0.6110591888427734,11872.973027326167,0
301392,65,20856,0.6118518710136414,11873.58487919718,0
301393,65,20857,0.6006873250007629,11874.185566522181,0
301394,65,20858,0.6032726168632507,11874.788839139044,0
301395,65,20859,0.600397527217865,11875.389236666262,0
301396,65,20860,0.6023028492927551,11875.991539515555,0
301397,65,20861,0.5995864272117615,11876.591125942767,0
301398,65,20862,0.6032079458236694,11877.19433388859,0
301399,65,20863,0.5986558198928833,11877.792989708483,0
301400,65,20864,0.6008007526397705,11878.393790461123,0
301401,65,20865,0.603739321231842,11878.997529782355,0
301402,65,20866,0.5933375358581543,11879.590867318213,0
301403,65,20867,0.5947635769844055,11880.185630895197,0
301404,65,20868,0.5904757976531982,11880.77610669285,0
301405,65,20869,0.5920735001564026,11881.368180193007,0
301406,65,20870,0.5873544216156006,11881.955534614623,0
301407,65,20871,0.5930941104888916,11882.548628725111,0
301408,65,20872,0.5846443176269531,11883.133273042738,0
301409,65,20873,0.5865973830223083,11883.71987042576,0
301410,65,20874,0.5913274884223938,11884.311197914183,0
301411,65,20875,0.5946292877197266,11884.905827201903,0
301412,65,20876,0.5956197381019592,11885.501446940005,0
301413,65,20877,0.5821717977523804,11886.083618737757,0
301414,65,20878,0.5866253972053528,11886.670244134963,0
301415,65,20879,0.5830789804458618,11887.253323115408,0
301416,65,20880,0.5823759436607361,11887.83569905907,0
301417,65,20881,0.5852551460266113,11888.420954205096,0
301418,65,20882,0.577285885810852,11888.998240090907,0
301419,65,20883,0.581842303276062,11889.580082394183,0
301420,65,20884,0.5879589915275574,11890.16804138571,0
301421,65,20885,0.5874427556991577,11890.75548414141,0
301422,65,20886,0.5874684453010559,11891.34295258671,0
301423,65,20887,0.5750670433044434,11891.918019630015,0
301424,65,20888,0.5804189443588257,11892.498438574374,0
301425,65,20889,0.5842559933662415,11893.08269456774,0
301426,65,20890,0.585219144821167,11893.667913712561,0
301427,65,20891,0.584825336933136,11894.252739049494,0
301428,65,20892,0.5847964286804199,11894.837535478175,0
301429,65,20893,0.5729846358299255,11895.410520114005,0
301430,65,20894,0.5774781107902527,11895.987998224795,0
301431,65,20895,0.5746123194694519,11896.562610544264,0
301432,65,20896,0.576948881149292,11897.139559425414,0
301433,65,20897,0.5765373706817627,11897.716096796095,0
301434,65,20898,0.5831547379493713,11898.299251534045,0
301435,65,20899,0.5795359015464783,11898.878787435591,0
301436,65,20900,0.5772343277931213,11899.456021763384,0
301437,65,20901,0.5768283605575562,11900.032850123942,0
301438,65,20902,0.5768532752990723,11900.609703399241,0
301439,65,20903,0.5771074295043945,11901.186810828745,0
301440,65,20904,0.5746544599533081,11901.761465288699,0
301441,65,20905,0.5767906904220581,11902.33825597912,0
301442,65,20906,0.572537362575531,11902.910793341696,0
301443,65,20907,0.5732249617576599,11903.484018303454,0
301444,65,20908,0.5764171481132507,11904.060435451567,0
301445,65,20909,0.5794476270675659,11904.639883078635,0
301446,65,20910,0.5674962997436523,11905.207379378378,0
301447,65,20911,0.5690690875053406,11905.776448465884,0
301448,65,20912,0.5713995099067688,11906.34784797579,0
301449,65,20913,0.572586715221405,11906.920434691012,0
301450,65,20914,0.5741315484046936,11907.494566239417,0
301451,65,20915,0.5738182663917542,11908.068384505808,0
301452,65,20916,0.5734432935714722,11908.64182779938,0
301453,65,20917,0.5611245036125183,11909.202952302992,0
301454,65,20918,0.5657512545585632,11909.76870355755,0
301455,65,20919,0.562560498714447,11910.331264056265,0
301456,65,20920,0.5701146721839905,11910.90137872845,0
301457,65,20921,0.5612773299217224,11911.462656058371,0
301458,65,20922,0.5624876022338867,11912.025143660605,0
301459,65,20923,0.5560480952262878,11912.581191755831,0
301460,65,20924,0.5585425496101379,11913.139734305441,0
301461,65,20925,0.5627784132957458,11913.702512718737,0
301462,65,20926,0.5546132326126099,11914.25712595135,0
301463,65,20927,0.5580720901489258,11914.815198041499,0
301464,65,20928,0.565977156162262,11915.381175197661,0
301465,65,20929,0.5548750758171082,11915.936050273478,0
301466,65,20930,0.5562257766723633,11916.49227605015,0
301467,65,20931,0.5516390800476074,11917.043915130198,0
301468,65,20932,0.5569219589233398,11917.600837089121,0
301469,65,20933,0.5607521533966064,11918.161589242518,0
301470,65,20934,0.5487310886383057,11918.710320331156,0
301471,65,20935,0.5506672263145447,11919.26098755747,0
301472,65,20936,0.5560320019721985,11919.817019559443,0
301473,65,20937,0.5488364696502686,11920.365856029093,0
301474,65,20938,0.5522485375404358,11920.918104566634,0
301475,65,20939,0.5578482151031494,11921.475952781737,0
301476,65,20940,0.5513540506362915,11922.027306832373,0
301477,65,20941,0.5552664399147034,11922.582573272288,0
301478,65,20942,0.5618823766708374,11923.144455648959,0
301479,65,20943,0.5507403016090393,11923.695195950568,0
301480,65,20944,0.5539765357971191,11924.249172486365,0
301481,65,20945,0.5589941143989563,11924.808166600764,0
301482,65,20946,0.5623008608818054,11925.370467461646,0
301483,65,20947,0.5487834215164185,11925.919250883162,0
301484,65,20948,0.554915726184845,11926.474166609347,0
301485,65,20949,0.5597901940345764,11927.033956803381,0
301486,65,20950,0.5631293058395386,11927.597086109221,0
301487,65,20951,0.5511350035667419,11928.148221112788,0
301488,65,20952,0.5534294843673706,11928.701650597155,0
301489,65,20953,0.562408447265625,11929.26405904442,0
301490,65,20954,0.5667791962623596,11929.830838240683,0
301491,65,20955,0.5546437501907349,11930.385481990874,0
301492,65,20956,0.5583050847053528,11930.94378707558,0
301493,65,20957,0.5558927655220032,11931.499679841101,0
301494,65,20958,0.5621283650398254,11932.061808206141,0
301495,65,20959,0.5647037625312805,11932.626511968672,0
301496,65,20960,0.5552160739898682,11933.181728042662,0
301497,65,20961,0.556785523891449,11933.738513566554,0
301498,65,20962,0.5543054938316345,11934.292819060385,0
301499,65,20963,0.5534024238586426,11934.846221484244,0
301500,65,20964,0.5508689880371094,11935.397090472281,0
301501,65,20965,0.5565208792686462,11935.95361135155,0
301502,65,20966,0.5497446656227112,11936.503356017172,0
301503,65,20967,0.5532240271568298,11937.05658004433,0
301504,65,20968,0.5488073229789734,11937.605387367308,0
301505,65,20969,0.5511541962623596,11938.15654156357,0
301506,65,20970,0.5565124154090881,11938.71305397898,0
301507,65,20971,0.5466654300689697,11939.259719409049,0
301508,65,20972,0.5515731573104858,11939.811292566359,0
301509,65,20973,0.5471117496490479,11940.358404316008,0
301510,65,20974,0.5495404601097107,11940.907944776118,0
301511,65,20975,0.5442931652069092,11941.452237941325,0
301512,65,20976,0.5464703440666199,11941.998708285391,0
301513,65,20977,0.5514788031578064,11942.55018708855,0
301514,65,20978,0.5527569055557251,11943.102943994105,0
301515,65,20979,0.5394333600997925,11943.642377354205,0
301516,65,20980,0.5445549488067627,11944.186932303011,0
301517,65,20981,0.5388330221176147,11944.725765325129,0
301518,65,20982,0.5416446924209595,11945.26741001755,0
301519,65,20983,0.5431034564971924,11945.810513474047,0
301520,65,20984,0.535206139087677,11946.345719613135,0
301521,65,20985,0.5380465388298035,11946.883766151965,0
301522,65,20986,0.5427320599555969,11947.42649821192,0
301523,65,20987,0.5461915135383606,11947.972689725459,0
301524,65,20988,0.5476821064949036,11948.520371831954,0
301525,65,20989,0.5467413663864136,11949.06711319834,0
301526,65,20990,0.5463499426841736,11949.613463141024,0
301527,65,20991,0.5460315346717834,11950.159494675696,0
301528,65,20992,0.5456693768501282,11950.705164052546,0
301529,65,20993,0.5335196256637573,11951.23868367821,0
301530,65,20994,0.5381922721862793,11951.776875950396,0
301531,65,20995,0.5508113503456116,11952.327687300742,0
301532,65,20996,0.5568434000015259,11952.884530700743,0
301533,65,20997,0.5448187589645386,11953.429349459708,0
301534,65,20998,0.5502748489379883,11953.979624308646,0
301535,65,20999,0.5530340671539307,11954.5326583758,0
301536,65,21000,0.5452403426170349,11955.077898718417,0
301537,65,21001,0.548686683177948,11955.626585401595,0
301538,65,21002,0.5483174324035645,11956.174902833998,0
301539,65,21003,0.5547817349433899,11956.729684568942,0
301540,65,21004,0.5461686253547668,11957.275853194296,0
301541,65,21005,0.5475224852561951,11957.823375679553,0
301542,65,21006,0.551913321018219,11958.37528900057,0
301543,65,21007,0.5565369725227356,11958.931825973094,0
301544,65,21008,0.5461679100990295,11959.477993883193,0
301545,65,21009,0.5479332208633423,11960.025927104056,0
301546,65,21010,0.5455061793327332,11960.571433283389,0
301547,65,21011,0.5490659475326538,11961.120499230921,0
301548,65,21012,0.5478188395500183,11961.668318070471,0
301549,65,21013,0.5541968941688538,11962.22251496464,0
301550,65,21014,0.5498291254043579,11962.772344090044,0
301551,65,21015,0.5559705495834351,11963.328314639628,0
301552,65,21016,0.561018705368042,11963.889333344996,0
301553,65,21017,0.5626766085624695,11964.452009953558,0
301554,65,21018,0.54993736743927,11965.001947320998,0
301555,65,21019,0.5560603737831116,11965.55800769478,0
301556,65,21020,0.5616687536239624,11966.119676448405,0
301557,65,21021,0.5648407340049744,11966.68451718241,0
301558,65,21022,0.5526958107948303,11967.237212993205,0
301559,65,21023,0.5597354769706726,11967.796948470175,0
301560,65,21024,0.5637597441673279,11968.360708214343,0
301561,65,21025,0.5668534636497498,11968.927561677992,0
301562,65,21026,0.5566409230232239,11969.484202601016,0
301563,65,21027,0.5599423050880432,11970.044144906104,0
301564,65,21028,0.5691284537315369,11970.613273359835,0
301565,65,21029,0.5741245150566101,11971.187397874892,0
301566,65,21030,0.5760748982429504,11971.763472773135,0
301567,65,21031,0.5639275312423706,11972.327400304377,0
301568,65,21032,0.5661323070526123,11972.89353261143,0
301569,65,21033,0.5662524104118347,11973.459785021842,0
301570,65,21034,0.5716319680213928,11974.031416989863,0
301571,65,21035,0.5783907175064087,11974.60980770737,0
301572,65,21036,0.5701513290405273,11975.17995903641,0
301573,65,21037,0.5718167424201965,11975.75177577883,0
301574,65,21038,0.5766335725784302,11976.328409351408,0
301575,65,21039,0.5696572661399841,11976.898066617548,0
301576,65,21040,0.5765513181686401,11977.474617935717,0
301577,65,21041,0.584881067276001,11978.059499002993,0
301578,65,21042,0.5730965733528137,11978.632595576346,0
301579,65,21043,0.5785370469093323,11979.211132623255,0
301580,65,21044,0.5750793218612671,11979.786211945117,0
301581,65,21045,0.5804979205131531,11980.36670986563,0
301582,65,21046,0.5777270197868347,11980.944436885417,0
301583,65,21047,0.582624077796936,11981.527060963213,0
301584,65,21048,0.5788009762763977,11982.10586193949,0
301585,65,21049,0.5848758220672607,11982.690737761557,0
301586,65,21050,0.593155562877655,11983.283893324435,0
301587,65,21051,0.597490668296814,11983.881383992732,0
301588,65,21052,0.5872063636779785,11984.46859035641,0
301589,65,21053,0.5915316939353943,11985.060122050345,0
301590,65,21054,0.590254545211792,11985.650376595557,0
301591,65,21055,0.5964176654815674,11986.246794261038,0
301592,65,21056,0.5882035493850708,11986.834997810423,0
301593,65,21057,0.5902208089828491,11987.425218619406,0
301594,65,21058,0.5869027972221375,11988.012121416628,0
301595,65,21059,0.5927591919898987,11988.604880608618,0
301596,65,21060,0.6009854674339294,11989.205866076052,0
301597,65,21061,0.5901351571083069,11989.79600123316,0
301598,65,21062,0.5953226089477539,11990.391323842108,0
301599,65,21063,0.6008890271186829,11990.992212869227,0
301600,65,21064,0.6058463454246521,11991.598059214652,0
301601,65,21065,0.5918220281600952,11992.189881242812,0
301602,65,21066,0.5943030118942261,11992.784184254706,0
301603,65,21067,0.5927739143371582,11993.376958169043,0
301604,65,21068,0.5914825797080994,11993.968440748751,0
301605,65,21069,0.5911495089530945,11994.559590257704,0
301606,65,21070,0.5887266993522644,11995.148316957057,0
301607,65,21071,0.592395544052124,11995.740712501109,0
301608,65,21072,0.5869963765144348,11996.327708877623,0
301609,65,21073,0.5891039371490479,11996.916812814772,0
301610,65,21074,0.5953695774078369,11997.51218239218,0
301611,65,21075,0.5983518958091736,11998.11053428799,0
301612,65,21076,0.6010639667510986,11998.71159825474,0
301613,65,21077,0.6014951467514038,11999.313093401492,0
301614,65,21078,0.5894426107406616,11999.902536012232,0
301615,65,21079,0.5934095978736877,12000.495945610106,0
301616,65,21080,0.590680718421936,12001.086626328528,0
301617,65,21081,0.5944550633430481,12001.681081391871,0
301618,65,21082,0.6007573008537292,12002.281838692725,0
301619,65,21083,0.5935044884681702,12002.875343181193,0
301620,65,21084,0.5949023962020874,12003.470245577395,0
301621,65,21085,0.5913631319999695,12004.061608709395,0
301622,65,21086,0.5989099740982056,12004.660518683493,0
301623,65,21087,0.6038236021995544,12005.264342285693,0
301624,65,21088,0.5890892744064331,12005.8534315601,0
301625,65,21089,0.5937512516975403,12006.447182811797,0
301626,65,21090,0.5990907549858093,12007.046273566782,0
301627,65,21091,0.588090181350708,12007.634363748133,0
301628,65,21092,0.5937654972076416,12008.22812924534,0
301629,65,21093,0.6026976108551025,12008.830826856196,0
301630,65,21094,0.5941961407661438,12009.425022996962,0
301631,65,21095,0.5952994227409363,12010.020322419703,0
301632,65,21096,0.6018747091293335,12010.622197128832,0
301633,65,21097,0.6070750951766968,12011.229272224009,0
301634,65,21098,0.6091107726097107,12011.838382996619,0
301635,65,21099,0.5955482721328735,12012.433931268752,0
301636,65,21100,0.6021292805671692,12013.036060549319,0
301637,65,21101,0.5979124903678894,12013.633973039687,0
301638,65,21102,0.6040757298469543,12014.238048769534,0
301639,65,21103,0.6138749718666077,12014.8519237414,0
301640,65,21104,0.6186181306838989,12015.470541872084,0
301641,65,21105,0.6210058331489563,12016.091547705233,0
301642,65,21106,0.6084921956062317,12016.70003990084,0
301643,65,21107,0.6135450005531311,12017.313584901392,0
301644,65,21108,0.6111827492713928,12017.924767650664,0
301645,65,21109,0.6160093545913696,12018.540777005255,0
301646,65,21110,0.6242007613182068,12019.164977766573,0
301647,65,21111,0.6100943684577942,12019.775072135031,0
301648,65,21112,0.6132848262786865,12020.38835696131,0
301649,65,21113,0.6136861443519592,12021.002043105662,0
301650,65,21114,0.6191198825836182,12021.621162988245,0
301651,65,21115,0.6129090785980225,12022.234072066844,0
301652,65,21116,0.6186518669128418,12022.852723933756,0
301653,65,21117,0.6265869140625,12023.479310847819,0
301654,65,21118,0.6320561170578003,12024.111366964877,0
301655,65,21119,0.6199070811271667,12024.731274046004,0
301656,65,21120,0.6234391331672668,12025.354713179171,0
301657,65,21121,0.6192217469215393,12025.973934926093,0
301658,65,21122,0.6190222501754761,12026.592957176268,0
301659,65,21123,0.6243277788162231,12027.217284955084,0
301660,65,21124,0.6286036372184753,12027.845888592303,0
301661,65,21125,0.6159436702728271,12028.461832262576,0
301662,65,21126,0.6196609139442444,12029.08149317652,0
301663,65,21127,0.6162152290344238,12029.697708405554,0
301664,65,21128,0.619745671749115,12030.317454077303,0
301665,65,21129,0.6220337152481079,12030.939487792552,0
301666,65,21130,0.6136294007301331,12031.553117193282,0
301667,65,21131,0.6157292127609253,12032.168846406043,0
301668,65,21132,0.6186853051185608,12032.787531711161,0
301669,65,21133,0.6226497888565063,12033.410181500018,0
301670,65,21134,0.6105974316596985,12034.020778931677,0
301671,65,21135,0.6153120398521423,12034.63609097153,0
301672,65,21136,0.6225157976150513,12035.258606769145,0
301673,65,21137,0.6120942831039429,12035.870701052248,0
301674,65,21138,0.613964855670929,12036.48466590792,0
301675,65,21139,0.6212263107299805,12037.10589221865,0
301676,65,21140,0.6113832592964172,12037.717275477946,0
301677,65,21141,0.6161829829216003,12038.333458460867,0
301678,65,21142,0.6105056405067444,12038.943964101374,0
301679,65,21143,0.6174476146697998,12039.561411716044,0
301680,65,21144,0.6136661171913147,12040.175077833235,0
301681,65,21145,0.6185802221298218,12040.793658055365,0
301682,65,21146,0.6251612305641174,12041.41881928593,0
301683,65,21147,0.6144760251045227,12042.033295311034,0
301684,65,21148,0.6188022494316101,12042.652097560465,0
301685,65,21149,0.6146845817565918,12043.266782142222,0
301686,65,21150,0.6190426349639893,12043.885824777186,0
301687,65,21151,0.6117313504219055,12044.497556127608,0
301688,65,21152,0.6144821643829346,12045.11203829199,0
301689,65,21153,0.6198224425315857,12045.731860734522,0
301690,65,21154,0.611140251159668,12046.343000985682,0
301691,65,21155,0.6138349771499634,12046.956835962832,0
301692,65,21156,0.6115706562995911,12047.568406619132,0
301693,65,21157,0.614877462387085,12048.183284081519,0
301694,65,21158,0.6203306317329407,12048.803614713252,0
301695,65,21159,0.6218221187591553,12049.42543683201,0
301696,65,21160,0.6207234859466553,12050.046160317957,0
301697,65,21161,0.6057220101356506,12050.651882328093,0
301698,65,21162,0.6090065836906433,12051.260888911784,0
301699,65,21163,0.609326183795929,12051.87021509558,0
301700,65,21164,0.6114926934242249,12052.481707789004,0
301701,65,21165,0.6167875528335571,12053.098495341837,0
301702,65,21166,0.6102653741836548,12053.708760716021,0
301703,65,21167,0.615071177482605,12054.323831893504,0
301704,65,21168,0.6212977170944214,12054.945129610598,0
301705,65,21169,0.6243438124656677,12055.569473423064,0
301706,65,21170,0.608360230922699,12056.177833653986,0
301707,65,21171,0.6106207370758057,12056.788454391062,0
301708,65,21172,0.611615002155304,12057.400069393218,0
301709,65,21173,0.6145771741867065,12058.014646567404,0
301710,65,21174,0.6086670756340027,12058.623313643038,0
301711,65,21175,0.6119428277015686,12059.23525647074,0
301712,65,21176,0.6069352626800537,12059.84219173342,0
301713,65,21177,0.6073134541511536,12060.449505187571,0
301714,65,21178,0.6052601933479309,12061.054765380919,0
301715,65,21179,0.6097977757453918,12061.664563156664,0
301716,65,21180,0.6148783564567566,12062.279441513121,0
301717,65,21181,0.6187528371810913,12062.898194350302,0
301718,65,21182,0.6051087379455566,12063.503303088248,0
301719,65,21183,0.6064512729644775,12064.109754361212,0
301720,65,21184,0.6019307971000671,12064.711685158312,0
301721,65,21185,0.6043055653572083,12065.31599072367,0
301722,65,21186,0.6110112071037292,12065.927001930773,0
301723,65,21187,0.5979541540145874,12066.524956084788,0
301724,65,21188,0.6006564497947693,12067.125612534583,0
301725,65,21189,0.5994110107421875,12067.725023545325,0
301726,65,21190,0.6006575226783752,12068.325681068003,0
301727,65,21191,0.6069531440734863,12068.932634212077,0
301728,65,21192,0.612670361995697,12069.545304574072,0
301729,65,21193,0.6017866730690002,12070.147091247141,0
301730,65,21194,0.6058529019355774,12070.752944149077,0
301731,65,21195,0.6004234552383423,12071.353367604315,0
301732,65,21196,0.6046050786972046,12071.957972683012,0
301733,65,21197,0.6107228994369507,12072.56869558245,0
301734,65,21198,0.6149800419807434,12073.18367562443,0
301735,65,21199,0.6167073249816895,12073.800382949412,0
301736,65,21200,0.6037336587905884,12074.404116608202,0
301737,65,21201,0.6051161289215088,12075.009232737124,0
301738,65,21202,0.6104835271835327,12075.619716264307,0
301739,65,21203,0.5961095094680786,12076.215825773776,0
301740,65,21204,0.5981168746948242,12076.81394264847,0
301741,65,21205,0.5956361889839172,12077.409578837454,0
301742,65,21206,0.5986000895500183,12078.008178927004,0
301743,65,21207,0.6023241281509399,12078.610503055155,0
301744,65,21208,0.6045178771018982,12079.215020932257,0
301745,65,21209,0.6045094728469849,12079.819530405104,0
301746,65,21210,0.6036148071289062,12080.423145212233,0
301747,65,21211,0.5896188616752625,12081.012764073908,0
301748,65,21212,0.5958153605461121,12081.608579434454,0
301749,65,21213,0.5983752012252808,12082.20695463568,0
301750,65,21214,0.6013636589050293,12082.808318294585,0
301751,65,21215,0.5888155698776245,12083.397133864462,0
301752,65,21216,0.594809353351593,12083.991943217814,0
301753,65,21217,0.5976061820983887,12084.589549399912,0
301754,65,21218,0.6007829308509827,12085.190332330763,0
301755,65,21219,0.602314829826355,12085.79264716059,0
301756,65,21220,0.6018205285072327,12086.394467689097,0
301757,65,21221,0.5878236889839172,12086.98229137808,0
301758,65,21222,0.5936093330383301,12087.57590071112,0
301759,65,21223,0.5883105993270874,12088.164211310446,0
301760,65,21224,0.5966544151306152,12088.760865725577,0
301761,65,21225,0.5889045000076294,12089.349770225585,0
301762,65,21226,0.5926287770271301,12089.942399002612,0
301763,65,21227,0.5861695408821106,12090.528568543494,0
301764,65,21228,0.5873841643333435,12091.115952707827,0
301765,65,21229,0.592741847038269,12091.708694554865,0
301766,65,21230,0.5831536054611206,12092.291848160326,0
301767,65,21231,0.5859364867210388,12092.877784647048,0
301768,65,21232,0.5822252631187439,12093.460009910166,0
301769,65,21233,0.5836884379386902,12094.043698348105,0
301770,65,21234,0.5778518915176392,12094.621550239623,0
301771,65,21235,0.5811799168586731,12095.202730156481,0
301772,65,21236,0.5753467082977295,12095.778076864779,0
301773,65,21237,0.5770103931427002,12096.355087257922,0
301774,65,21238,0.582949697971344,12096.938036955893,0
301775,65,21239,0.5695080757141113,12097.507545031607,0
301776,65,21240,0.5740460157394409,12098.081591047347,0
301777,65,21241,0.5699474215507507,12098.651538468897,0
301778,65,21242,0.5722084641456604,12099.223746933043,0
301779,65,21243,0.5772724747657776,12099.801019407809,0
301780,65,21244,0.5784342885017395,12100.37945369631,0
301781,65,21245,0.5783014893531799,12100.957755185664,0
301782,65,21246,0.5642964243888855,12101.522051610053,0
301783,65,21247,0.5678238272666931,12102.08987543732,0
301784,65,21248,0.5783409476280212,12102.668216384947,0
301785,65,21249,0.5847085118293762,12103.252924896777,0
301786,65,21250,0.5864605903625488,12103.83938548714,0
301787,65,21251,0.5860746502876282,12104.425460137427,0
301788,65,21252,0.5850798487663269,12105.010539986193,0
301789,65,21253,0.5713964104652405,12105.581936396658,0
301790,65,21254,0.5733598470687866,12106.155296243727,0
301791,65,21255,0.5734525322914124,12106.728748776019,0
301792,65,21256,0.5762265920639038,12107.304975368083,0
301793,65,21257,0.5794774293899536,12107.884452797472,0
301794,65,21258,0.568189263343811,12108.452642060816,0
301795,65,21259,0.571561872959137,12109.024203933775,0
301796,65,21260,0.5747765898704529,12109.598980523646,0
301797,65,21261,0.5787618160247803,12110.17774233967,0
301798,65,21262,0.5789895057678223,12110.756731845438,0
301799,65,21263,0.5651662945747375,12111.321898140013,0
301800,65,21264,0.5704733729362488,12111.89237151295,0
301801,65,21265,0.5677542090415955,12112.460125721991,0
301802,65,21266,0.5735077857971191,12113.033633507788,0
301803,65,21267,0.5660638213157654,12113.599697329104,0
301804,65,21268,0.5662971138954163,12114.165994443,0
301805,65,21269,0.5605605244636536,12114.726554967463,0
301806,65,21270,0.564326286315918,12115.290881253779,0
301807,65,21271,0.5712631344795227,12115.862144388258,0
301808,65,21272,0.5740559101104736,12116.436200298369,0
301809,65,21273,0.5747210383415222,12117.01092133671,0
301810,65,21274,0.5742744207382202,12117.585195757449,0
301811,65,21275,0.5729022026062012,12118.158097960055,0
301812,65,21276,0.5587916374206543,12118.716889597476,0
301813,65,21277,0.5595498085021973,12119.276439405978,0
301814,65,21278,0.5676863789558411,12119.844125784934,0
301815,65,21279,0.5561760663986206,12120.400301851332,0
301816,65,21280,0.5576683878898621,12120.957970239222,0
301817,65,21281,0.5620576739311218,12121.520027913153,0
301818,65,21282,0.563704252243042,12122.083732165396,0
301819,65,21283,0.5633718371391296,12122.647104002535,0
301820,65,21284,0.5473927855491638,12123.194496788085,0
301821,65,21285,0.5533983707427979,12123.747895158827,0
301822,65,21286,0.5488435626029968,12124.29673872143,0
301823,65,21287,0.5562114119529724,12124.852950133383,0
301824,65,21288,0.5613852143287659,12125.414335347712,0
301825,65,21289,0.5496382713317871,12125.963973619044,0
301826,65,21290,0.5523033142089844,12126.516276933253,0
301827,65,21291,0.5572127103805542,12127.073489643633,0
301828,65,21292,0.5456835627555847,12127.619173206389,0
301829,65,21293,0.5493393540382385,12128.168512560427,0
301830,65,21294,0.5537594556808472,12128.722272016108,0
301831,65,21295,0.5430479049682617,12129.265319921076,0
301832,65,21296,0.5465527772903442,12129.811872698367,0
301833,65,21297,0.5524664521217346,12130.364339150488,0
301834,65,21298,0.5427608489990234,12130.907099999487,0
301835,65,21299,0.5441073179244995,12131.451207317412,0
301836,65,21300,0.5475680828094482,12131.998775400221,0
301837,65,21301,0.5365428924560547,12132.535318292677,0
301838,65,21302,0.5384942293167114,12133.073812521994,0
301839,65,21303,0.5303009748458862,12133.60411349684,0
301840,65,21304,0.5359723567962646,12134.140085853636,0
301841,65,21305,0.5400657653808594,12134.680151619017,0
301842,65,21306,0.5257349610328674,12135.20588658005,0
301843,65,21307,0.5287981629371643,12135.734684742987,0
301844,65,21308,0.5322027802467346,12136.266887523234,0
301845,65,21309,0.5365196466445923,12136.803407169878,0
301846,65,21310,0.5185257196426392,12137.321932889521,0
301847,65,21311,0.5198982954025269,12137.841831184924,0
301848,65,21312,0.5281813740730286,12138.370012558997,0
301849,65,21313,0.5162851810455322,12138.886297740042,0
301850,65,21314,0.5190573930740356,12139.405355133116,0
301851,65,21315,0.5234006643295288,12139.928755797446,0
301852,65,21316,0.5270423293113708,12140.455798126757,0
301853,65,21317,0.5271756649017334,12140.982973791659,0
301854,65,21318,0.513664960861206,12141.49663875252,0
301855,65,21319,0.5163124799728394,12142.012951232493,0
301856,65,21320,0.5139356851577759,12142.52688691765,0
301857,65,21321,0.5157836675643921,12143.042670585215,0
301858,65,21322,0.521530270576477,12143.564200855792,0
301859,65,21323,0.5237013101577759,12144.08790216595,0
301860,65,21324,0.5220032334327698,12144.609905399382,0
301861,65,21325,0.505850076675415,12145.115755476058,0
301862,65,21326,0.5080443620681763,12145.623799838126,0
301863,65,21327,0.5085005760192871,12146.132300414145,0
301864,65,21328,0.5065433979034424,12146.638843812048,0
301865,65,21329,0.512861430644989,12147.151705242693,0
301866,65,21330,0.5038763880729675,12147.655581630766,0
301867,65,21331,0.5023779273033142,12148.15795955807,0
301868,65,21332,0.5070784091949463,12148.665037967265,0
301869,65,21333,0.5107719302177429,12149.175809897482,0
301870,65,21334,0.5108259916305542,12149.686635889113,0
301871,65,21335,0.510222315788269,12150.196858204901,0
301872,65,21336,0.49595850706100464,12150.692816711962,0
301873,65,21337,0.5011551380157471,12151.193971849978,0
301874,65,21338,0.4970308542251587,12151.691002704203,0
301875,65,21339,0.5039266347885132,12152.194929338992,0
301876,65,21340,0.4956936240196228,12152.690622963011,0
301877,65,21341,0.4902828335762024,12153.180905796587,0
301878,65,21342,0.4940344989299774,12153.674940295517,0
301879,65,21343,0.4976619482040405,12154.172602243721,0
301880,65,21344,0.49137359857559204,12154.663975842297,0
301881,65,21345,0.4898899793624878,12155.15386582166,0
301882,65,21346,0.49335694313049316,12155.64722276479,0
301883,65,21347,0.4864993691444397,12156.133722133934,0
301884,65,21348,0.4877031445503235,12156.621425278485,0
301885,65,21349,0.4869506061077118,12157.108375884593,0
301886,65,21350,0.4815233647823334,12157.589899249375,0
301887,65,21351,0.47576817870140076,12158.065667428076,0
301888,65,21352,0.4744941294193268,12158.540161557496,0
301889,65,21353,0.4792764484882355,12159.019438005984,0
301890,65,21354,0.47930222749710083,12159.498740233481,0
301891,65,21355,0.472538560628891,12159.97127879411,0
301892,65,21356,0.4676761031150818,12160.438954897225,0
301893,65,21357,0.46512994170188904,12160.904084838927,0
301894,65,21358,0.475685715675354,12161.379770554602,0
301895,65,21359,0.46908456087112427,12161.848855115473,0
301896,65,21360,0.46401453018188477,12162.312869645655,0
301897,65,21361,0.4727330505847931,12162.78560269624,0
301898,65,21362,0.4668523967266083,12163.252455092967,0
301899,65,21363,0.46242034435272217,12163.71487543732,0
301900,65,21364,0.4588908851146698,12164.173766322434,0
301901,65,21365,0.45757168531417847,12164.631338007748,0
301902,65,21366,0.46291807293891907,12165.094256080687,0
301903,65,21367,0.4618212878704071,12165.556077368557,0
301904,65,21368,0.46310731768608093,12166.019184686244,0
301905,65,21369,0.46091991662979126,12166.480104602873,0
301906,65,21370,0.45375728607177734,12166.933861888945,0
301907,65,21371,0.44836392998695374,12167.382225818932,0
301908,65,21372,0.4564557373523712,12167.838681556284,0
301909,65,21373,0.4572940468788147,12168.295975603163,0
301910,65,21374,0.4546487331390381,12168.750624336302,0
301911,65,21375,0.45251789689064026,12169.203142233193,0
301912,65,21376,0.45046359300613403,12169.653605826199,0
301913,65,21377,0.4500367045402527,12170.10364253074,0
301914,65,21378,0.44583532214164734,12170.549477852881,0
301915,65,21379,0.4483865797519684,12170.997864432633,0
301916,65,21380,0.44107455015182495,12171.438938982785,0
301917,65,21381,0.4425746500492096,12171.881513632834,0
301918,65,21382,0.43430283665657043,12172.31581646949,0
301919,65,21383,0.4351555407047272,12172.750972010195,0
301920,65,21384,0.43077966570854187,12173.181751675904,0
301921,65,21385,0.43627041578292847,12173.618022091687,0
301922,65,21386,0.42776113748550415,12174.045783229172,0
301923,65,21387,0.42926767468452454,12174.475050903857,0
301924,65,21388,0.4228628873825073,12174.89791379124,0
301925,65,21389,0.42683079838752747,12175.324744589627,0
301926,65,21390,0.42150038480758667,12175.746244974434,0
301927,65,21391,0.42362716794013977,12176.169872142375,0
301928,65,21392,0.41627228260040283,12176.586144424975,0
301929,65,21393,0.41881150007247925,12177.004955925047,0
301930,65,21394,0.4135925769805908,12177.418548502028,0
301931,65,21395,0.4188113808631897,12177.837359882891,0
301932,65,21396,0.4135686457157135,12178.250928528607,0
301933,65,21397,0.41824018955230713,12178.66916871816,0
301934,65,21398,0.4226195216178894,12179.091788239777,0
301935,65,21399,0.41999784111976624,12179.511786080897,0
301936,65,21400,0.4195080101490021,12179.931294091046,0
301937,65,21401,0.4074725806713104,12180.338766671717,0
301938,65,21402,0.41290393471717834,12180.751670606434,0
301939,65,21403,0.4067319631576538,12181.158402569592,0
301940,65,21404,0.4130142629146576,12181.571416832507,0
301941,65,21405,0.4117942154407501,12181.983211047947,0
301942,65,21406,0.40532660484313965,12182.38853765279,0
301943,65,21407,0.40195202827453613,12182.790489681065,0
301944,65,21408,0.4018656015396118,12183.192355282605,0
301945,65,21409,0.4093310832977295,12183.601686365902,0
301946,65,21410,0.4097878336906433,12184.011474199593,0
301947,65,21411,0.40895068645477295,12184.420424886048,0
301948,65,21412,0.4075525403022766,12184.82797742635,0
301949,65,21413,0.40480753779411316,12185.232784964144,0
301950,65,21414,0.4006688594818115,12185.633453823626,0
301951,65,21415,0.39154696464538574,12186.025000788271,0
301952,65,21416,0.3869664967060089,12186.411967284977,0
301953,65,21417,0.3856290280818939,12186.79759631306,0
301954,65,21418,0.40003812313079834,12187.19763443619,0
301955,65,21419,0.39177629351615906,12187.589410729706,0
301956,65,21420,0.3965205252170563,12187.985931254923,0
301957,65,21421,0.3908592164516449,12188.376790471375,0
301958,65,21422,0.38426733016967773,12188.761057801545,0
301959,65,21423,0.3911815285682678,12189.152239330113,0
301960,65,21424,0.38714271783828735,12189.539382047951,0
301961,65,21425,0.38209402561187744,12189.921476073563,0
301962,65,21426,0.3790638744831085,12190.300539948046,0
301963,65,21427,0.3926066756248474,12190.693146623671,0
301964,65,21428,0.38798829913139343,12191.081134922802,0
301965,65,21429,0.38141342997550964,12191.462548352778,0
301966,65,21430,0.38971588015556335,12191.852264232934,0
301967,65,21431,0.3837081789970398,12192.23597241193,0
301968,65,21432,0.3769552707672119,12192.612927682698,0
301969,65,21433,0.37189432978630066,12192.984822012484,0
301970,65,21434,0.37049850821495056,12193.355320520699,0
301971,65,21435,0.3845754861831665,12193.739896006882,0
301972,65,21436,0.38065680861473083,12194.120552815497,0
301973,65,21437,0.36984288692474365,12194.490395702422,0
301974,65,21438,0.37861019372940063,12194.869005896151,0
301975,65,21439,0.373681902885437,12195.242687799037,0
301976,65,21440,0.3661264181137085,12195.60881421715,0
301977,65,21441,0.3602612614631653,12195.969075478613,0
301978,65,21442,0.3755522668361664,12196.34462774545,0
301979,65,21443,0.3732307255268097,12196.717858470976,0
301980,65,21444,0.3752470910549164,12197.093105562031,0
301981,65,21445,0.3737330436706543,12197.466838605702,0
301982,65,21446,0.37327924370765686,12197.84011784941,0
301983,65,21447,0.37518763542175293,12198.215305484831,0
301984,65,21448,0.3738986551761627,12198.589204140007,0
301985,65,21449,0.36628490686416626,12198.955489046872,0
301986,65,21450,0.35999172925949097,12199.315480776131,0
301987,65,21451,0.3731711804866791,12199.688651956618,0
301988,65,21452,0.36910000443458557,12200.057751961052,0
301989,65,21453,0.3646082282066345,12200.422360189259,0
301990,65,21454,0.36155691742897034,12200.783917106688,0
301991,65,21455,0.35935378074645996,12201.143270887434,0
301992,65,21456,0.35930800437927246,12201.502578891814,0
301993,65,21457,0.35941246151924133,12201.861991353333,0
301994,65,21458,0.36365237832069397,12202.225643731654,0
301995,65,21459,0.36554569005966187,12202.591189421713,0
301996,65,21460,0.36189496517181396,12202.953084386885,0
301997,65,21461,0.3582874834537506,12203.311371870339,0
301998,65,21462,0.3559545874595642,12203.667326457798,0
301999,65,21463,0.35580509901046753,12204.023131556809,0
302000,65,21464,0.3564392626285553,12204.379570819438,0
302001,65,21465,0.35668042302131653,12204.736251242459,0
302002,65,21466,0.3592326045036316,12205.095483846962,0
302003,65,21467,0.36173874139785767,12205.45722258836,0
302004,65,21468,0.36331838369369507,12205.820540972054,0
302005,65,21469,0.36212924122810364,12206.182670213282,0
302006,65,21470,0.3615950644016266,12206.544265277684,0
302007,65,21471,0.3612748384475708,12206.905540116131,0
302008,65,21472,0.36352527141571045,12207.269065387547,0
302009,65,21473,0.3617485761642456,12207.630813963711,0
302010,65,21474,0.356563001871109,12207.987376965582,0
302011,65,21475,0.3535674512386322,12208.340944416821,0
302012,65,21476,0.3570297360420227,12208.697974152863,0
302013,65,21477,0.36140838265419006,12209.059382535517,0
302014,65,21478,0.3573445677757263,12209.416727103293,0
302015,65,21479,0.3535597622394562,12209.770286865532,0
302016,65,21480,0.352737158536911,12210.12302402407,0
302017,65,21481,0.35607168078422546,12210.479095704854,0
302018,65,21482,0.3598187267780304,12210.838914431632,0
302019,65,21483,0.3612736165523529,12211.200188048184,0
302020,65,21484,0.35800135135650635,12211.55818939954,0
302021,65,21485,0.3529307544231415,12211.911120153964,0
302022,65,21486,0.3557039201259613,12212.26682407409,0
302023,65,21487,0.3602067232131958,12212.627030797303,0
302024,65,21488,0.3547686040401459,12212.981799401343,0
302025,65,21489,0.35816308856010437,12213.339962489903,0
302026,65,21490,0.3578961193561554,12213.69785860926,0
302027,65,21491,0.3521484434604645,12214.05000705272,0
302028,65,21492,0.3532080054283142,12214.403215058148,0
302029,65,21493,0.3573639392852783,12214.760578997433,0
302030,65,21494,0.3576197326183319,12215.118198730052,0
302031,65,21495,0.3583032786846161,12215.476502008736,0
302032,65,21496,0.3575214743614197,12215.834023483098,0
302033,65,21497,0.35380372405052185,12216.187827207148,0
302034,65,21498,0.35013705492019653,12216.537964262068,0
302035,65,21499,0.3478953242301941,12216.885859586298,0
302036,65,21500,0.35136595368385315,12217.237225539982,0
302037,65,21501,0.3541463017463684,12217.591371841729,0
302038,65,21502,0.3558582365512848,12217.94723007828,0
302039,65,21503,0.35599446296691895,12218.303224541247,0
302040,65,21504,0.3548834025859833,12218.658107943833,0
302041,65,21505,0.3491351008415222,12219.007243044674,0
302042,65,21506,0.35349300503730774,12219.360736049712,0
302043,65,21507,0.35491618514060974,12219.715652234852,0
302044,65,21508,0.3541856110095978,12220.069837845862,0
302045,65,21509,0.3542393743991852,12220.424077220261,0
302046,65,21510,0.35328924655914307,12220.77736646682,0
302047,65,21511,0.34778517484664917,12221.125151641667,0
302048,65,21512,0.35228100419044495,12221.477432645857,0
302049,65,21513,0.3506409823894501,12221.828073628247,0
302050,65,21514,0.3517177104949951,12222.179791338742,0
302051,65,21515,0.3462989330291748,12222.526090271771,0
302052,65,21516,0.3520723879337311,12222.878162659705,0
302053,65,21517,0.3510684669017792,12223.229231126606,0
302054,65,21518,0.3512779474258423,12223.580509074032,0
302055,65,21519,0.3458128571510315,12223.926321931183,0
302056,65,21520,0.34119367599487305,12224.267515607178,0
302057,65,21521,0.34824928641319275,12224.615764893591,0
302058,65,21522,0.34781837463378906,12224.963583268225,0
302059,65,21523,0.34611260890960693,12225.309695877135,0
302060,65,21524,0.34942108392715454,12225.659116961062,0
302061,65,21525,0.34122905135154724,12226.000346012414,0
302062,65,21526,0.34758260846138,12226.347928620875,0
302063,65,21527,0.3464108407497406,12226.694339461625,0
302064,65,21528,0.34763073921203613,12227.041970200837,0
302065,65,21529,0.3391193449497223,12227.381089545786,0
302066,65,21530,0.3462253212928772,12227.72731486708,0
302067,65,21531,0.34207212924957275,12228.069386996329,0
302068,65,21532,0.3435989022254944,12228.412985898554,0
302069,65,21533,0.3423897624015808,12228.755375660956,0
302070,65,21534,0.3417256772518158,12229.097101338208,0
302071,65,21535,0.34148821234703064,12229.438589550555,0
302072,65,21536,0.3397771716117859,12229.778366722167,0
302073,65,21537,0.34030652046203613,12230.118673242629,0
302074,65,21538,0.33682411909103394,12230.45549736172,0
302075,65,21539,0.34166815876960754,12230.79716552049,0
302076,65,21540,0.3349631726741791,12231.132128693163,0
302077,65,21541,0.3281816244125366,12231.460310317576,0
302078,65,21542,0.3253956437110901,12231.785705961287,0
302079,65,21543,0.32571181654930115,12232.111417777836,0
302080,65,21544,0.34070199728012085,12232.452119775116,0
302081,65,21545,0.33440035581588745,12232.786520130932,0
302082,65,21546,0.3303104043006897,12233.116830535233,0
302083,65,21547,0.33909037709236145,12233.455920912325,0
302084,65,21548,0.33526235818862915,12233.791183270514,0
302085,65,21549,0.3313160836696625,12234.122499354184,0
302086,65,21550,0.32657590508461,12234.449075259268,0
302087,65,21551,0.32418569922447205,12234.773260958493,0
302088,65,21552,0.3235943615436554,12235.096855320036,0
302089,65,21553,0.3352145850658417,12235.432069905102,0
302090,65,21554,0.3351341187953949,12235.767204023898,0
302091,65,21555,0.3346632421016693,12236.101867266,0
302092,65,21556,0.33243104815483093,12236.434298314154,0
302093,65,21557,0.33292239904403687,12236.767220713198,0
302094,65,21558,0.32632172107696533,12237.093542434275,0
302095,65,21559,0.3195667862892151,12237.413109220564,0
302096,65,21560,0.33213451504707336,12237.745243735611,0
302097,65,21561,0.3284894824028015,12238.073733218014,0
302098,65,21562,0.32910630106925964,12238.402839519083,0
302099,65,21563,0.32929256558418274,12238.732132084668,0
302100,65,21564,0.32947149872779846,12239.061603583395,0
302101,65,21565,0.32250601053237915,12239.384109593928,0
302102,65,21566,0.31777074933052063,12239.701880343258,0
302103,65,21567,0.3307025730609894,12240.03258291632,0
302104,65,21568,0.3296836316585541,12240.362266547978,0
302105,65,21569,0.32999303936958313,12240.692259587348,0
302106,65,21570,0.32389795780181885,12241.01615754515,0
302107,65,21571,0.31832826137542725,12241.334485806525,0
302108,65,21572,0.32735303044319153,12241.661838836968,0
302109,65,21573,0.3278607428073883,12241.989699579775,0
302110,65,21574,0.3216908574104309,12242.311390437186,0
302111,65,21575,0.31738829612731934,12242.628778733313,0
302112,65,21576,0.32550451159477234,12242.954283244908,0
302113,65,21577,0.32359111309051514,12243.277874357998,0
302114,65,21578,0.31980428099632263,12243.597678638995,0
302115,65,21579,0.32308709621429443,12243.920765735209,0
302116,65,21580,0.3255957067012787,12244.24636144191,0
302117,65,21581,0.31933245062828064,12244.565693892539,0
302118,65,21582,0.31303906440734863,12244.878732956946,0
302119,65,21583,0.3229382634162903,12245.201671220362,0
302120,65,21584,0.32279419898986816,12245.524465419352,0
302121,65,21585,0.32447901368141174,12245.848944433033,0
302122,65,21586,0.3225383162498474,12246.171482749283,0
302123,65,21587,0.3225545585155487,12246.494037307799,0
302124,65,21588,0.32273826003074646,12246.81677556783,0
302125,65,21589,0.3182995915412903,12247.13507515937,0
302126,65,21590,0.3152121603488922,12247.45028731972,0
302127,65,21591,0.31906187534332275,12247.769349195063,0
302128,65,21592,0.32149386405944824,12248.090843059123,0
302129,65,21593,0.3162335157394409,12248.407076574862,0
302130,65,21594,0.3195338547229767,12248.726610429585,0
302131,65,21595,0.31357482075691223,12249.040185250342,0
302132,65,21596,0.3163065016269684,12249.356491751969,0
302133,65,21597,0.31962764263153076,12249.6761193946,0
302134,65,21598,0.3162620961666107,12249.992381490767,0
302135,65,21599,0.3105109930038452,12250.30289248377,0
302136,65,21600,0.31690534949302673,12250.619797833264,0
302137,65,21601,0.31197208166122437,12250.931769914925,0
302138,65,21602,0.3161036968231201,12251.247873611748,0
302139,65,21603,0.3165702819824219,12251.56444389373,0
302140,65,21604,0.3108896315097809,12251.87533352524,0
302141,65,21605,0.3089040517807007,12252.184237577021,0
302142,65,21606,0.30821675062179565,12252.492454327643,0
302143,65,21607,0.30927908420562744,12252.801733411849,0
302144,65,21608,0.3100111484527588,12253.111744560301,0
302145,65,21609,0.3136696517467499,12253.425414212048,0
302146,65,21610,0.31537383794784546,12253.740788049996,0
302147,65,21611,0.31051477789878845,12254.051302827895,0
302148,65,21612,0.31664296984672546,12254.367945797741,0
302149,65,21613,0.31614330410957336,12254.684089101851,0
302150,65,21614,0.3177725672721863,12255.001861669123,0
302151,65,21615,0.317543625831604,12255.319405294955,0
302152,65,21616,0.3169819414615631,12255.636387236416,0
302153,65,21617,0.3164351284503937,12255.952822364867,0
302154,65,21618,0.3124752938747406,12256.265297658741,0
302155,65,21619,0.31409311294555664,12256.579390771687,0
302156,65,21620,0.3108077049255371,12256.890198476613,0
302157,65,21621,0.31255120038986206,12257.202749677002,0
302158,65,21622,0.3126520812511444,12257.515401758254,0
302159,65,21623,0.3078283667564392,12257.82323012501,0
302160,65,21624,0.3056449890136719,12258.128875114024,0
302161,65,21625,0.30652952194213867,12258.435404635966,0
302162,65,21626,0.3073548972606659,12258.742759533226,0
302163,65,21627,0.30819088220596313,12259.050950415432,0
302164,65,21628,0.30895668268203735,12259.359907098114,0
302165,65,21629,0.30962130427360535,12259.669528402388,0
302166,65,21630,0.30702582001686096,12259.976554222405,0
302167,65,21631,0.3098006844520569,12260.286354906857,0
302168,65,21632,0.31033584475517273,12260.596690751612,0
302169,65,21633,0.31460970640182495,12260.911300458014,0
302170,65,21634,0.3149976134300232,12261.226298071444,0
302171,65,21635,0.31682249903678894,12261.54312057048,0
302172,65,21636,0.31023043394088745,12261.853351004422,0
302173,65,21637,0.3052251935005188,12262.158576197922,0
302174,65,21638,0.3022400140762329,12262.460816211998,0
302175,65,21639,0.3032890558242798,12262.764105267823,0
302176,65,21640,0.30508890748023987,12263.069194175303,0
302177,65,21641,0.31608113646507263,12263.385275311768,0
302178,65,21642,0.31252479553222656,12263.6978001073,0
302179,65,21643,0.3074646294116974,12264.005264736712,0
302180,65,21644,0.317229688167572,12264.32249442488,0
302181,65,21645,0.31464463472366333,12264.637139059603,0
302182,65,21646,0.31803545355796814,12264.955174513161,0
302183,65,21647,0.312920480966568,12265.268094994128,0
302184,65,21648,0.3071351945400238,12265.575230188668,0
302185,65,21649,0.30584418773651123,12265.881074376404,0
302186,65,21650,0.30664700269699097,12266.187721379101,0
302187,65,21651,0.32115715742111206,12266.508878536522,0
302188,65,21652,0.3199547529220581,12266.828833289444,0
302189,65,21653,0.3188874423503876,12267.147720731795,0
302190,65,21654,0.31984075903892517,12267.467561490834,0
302191,65,21655,0.31413552165031433,12267.781697012484,0
302192,65,21656,0.30863088369369507,12268.090327896178,0
302193,65,21657,0.3087158799171448,12268.399043776095,0
302194,65,21658,0.32277634739875793,12268.721820123494,0
302195,65,21659,0.3204093873500824,12269.042229510844,0
302196,65,21660,0.31758952140808105,12269.359819032252,0
302197,65,21661,0.32615765929222107,12269.685976691544,0
302198,65,21662,0.31974416971206665,12270.005720861256,0
302199,65,21663,0.3099774718284607,12270.315698333085,0
302200,65,21664,0.3258360028266907,12270.641534335911,0
302201,65,21665,0.32238367199897766,12270.96391800791,0
302202,65,21666,0.32687193155288696,12271.290789939463,0
302203,65,21667,0.3274034857749939,12271.618193425238,0
302204,65,21668,0.32253575325012207,12271.940729178488,0
302205,65,21669,0.31781452894210815,12272.25854370743,0
302206,65,21670,0.3180634677410126,12272.576607175171,0
302207,65,21671,0.3182559609413147,12272.894863136113,0
302208,65,21672,0.32404541969299316,12273.218908555806,0
302209,65,21673,0.3273332118988037,12273.546241767704,0
302210,65,21674,0.32917365431785583,12273.875415422022,0
302211,65,21675,0.32995712757110596,12274.205372549593,0
302212,65,21676,0.3303338885307312,12274.535706438124,0
302213,65,21677,0.3259100914001465,12274.861616529524,0
302214,65,21678,0.32937091588974,12275.190987445414,0
302215,65,21679,0.32993045449256897,12275.520917899907,0
302216,65,21680,0.33220839500427246,12275.85312629491,0
302217,65,21681,0.33244815468788147,12276.185574449599,0
302218,65,21682,0.3321615755558014,12276.517736025155,0
302219,65,21683,0.3316487967967987,12276.849384821951,0
302220,65,21684,0.3307945430278778,12277.18017936498,0
302221,65,21685,0.33252447843551636,12277.512703843415,0
302222,65,21686,0.3332899510860443,12277.8459937945,0
302223,65,21687,0.32767730951309204,12278.173671104014,0
302224,65,21688,0.324050635099411,12278.497721739113,0
302225,65,21689,0.32346439361572266,12278.821186132729,0
302226,65,21690,0.33200526237487793,12279.153191395104,0
302227,65,21691,0.3354719579219818,12279.488663353026,0
302228,65,21692,0.3364504277706146,12279.825113780797,0
302229,65,21693,0.3374773859977722,12280.162591166794,0
302230,65,21694,0.3377488851547241,12280.500340051949,0
302231,65,21695,0.33861809968948364,12280.838958151639,0
302232,65,21696,0.3344164490699768,12281.173374600708,0
302233,65,21697,0.33765655755996704,12281.511031158268,0
302234,65,21698,0.33808356523513794,12281.849114723504,0
302235,65,21699,0.3380584716796875,12282.187173195183,0
302236,65,21700,0.334879070520401,12282.522052265704,0
302237,65,21701,0.337773859500885,12282.859826125205,0
302238,65,21702,0.33611825108528137,12283.19594437629,0
302239,65,21703,0.34061408042907715,12283.536558456719,0
302240,65,21704,0.33326923847198486,12283.86982769519,0
302241,65,21705,0.3393625020980835,12284.209190197289,0
302242,65,21706,0.34193098545074463,12284.55112118274,0
302243,65,21707,0.3420383632183075,12284.893159545958,0
302244,65,21708,0.3448018729686737,12285.237961418927,0
302245,65,21709,0.33879992365837097,12285.576761342585,0
302246,65,21710,0.34410032629966736,12285.920861668885,0
302247,65,21711,0.34634631872177124,12286.267207987607,0
302248,65,21712,0.3409559726715088,12286.608163960278,0
302249,65,21713,0.33547860383987427,12286.943642564118,0
302250,65,21714,0.3346703350543976,12287.278312899172,0
302251,65,21715,0.3470437824726105,12287.625356681645,0
302252,65,21716,0.349852591753006,12287.975209273398,0
302253,65,21717,0.35052570700645447,12288.325734980404,0
302254,65,21718,0.34878009557724,12288.674515075982,0
302255,65,21719,0.3460519313812256,12289.020567007363,0
302256,65,21720,0.3506460189819336,12289.371213026345,0
302257,65,21721,0.3477761447429657,12289.718989171088,0
302258,65,21722,0.34316879510879517,12290.062157966197,0
302259,65,21723,0.34935346245765686,12290.411511428654,0
302260,65,21724,0.35373347997665405,12290.76524490863,0
302261,65,21725,0.3492029309272766,12291.114447839558,0
302262,65,21726,0.34570255875587463,12291.460150398314,0
302263,65,21727,0.34552010893821716,12291.805670507252,0
302264,65,21728,0.3519008457660675,12292.157571353018,0
302265,65,21729,0.356815904378891,12292.514387257397,0
302266,65,21730,0.3557794392108917,12292.870166696608,0
302267,65,21731,0.35873618721961975,12293.228902883828,0
302268,65,21732,0.3582909405231476,12293.58719382435,0
302269,65,21733,0.3536624014377594,12293.940856225789,0
302270,65,21734,0.3473542630672455,12294.288210488856,0
302271,65,21735,0.3459607660770416,12294.634171254933,0
302272,65,21736,0.34605684876441956,12294.980228103697,0
302273,65,21737,0.34807854890823364,12295.328306652606,0
302274,65,21738,0.3619517385959625,12295.690258391201,0
302275,65,21739,0.3561079204082489,12296.04636631161,0
302276,65,21740,0.3511143922805786,12296.39748070389,0
302277,65,21741,0.3622705936431885,12296.759751297534,0
302278,65,21742,0.3581545352935791,12297.117905832827,0
302279,65,21743,0.3638463616371155,12297.481752194464,0
302280,65,21744,0.3605644702911377,12297.842316664755,0
302281,65,21745,0.3681740164756775,12298.210490681231,0
302282,65,21746,0.36849913001060486,12298.578989811242,0
302283,65,21747,0.3655102252960205,12298.944500036538,0
302284,65,21748,0.36307382583618164,12299.307573862374,0
302285,65,21749,0.36171790957450867,12299.669291771948,0
302286,65,21750,0.3625633120536804,12300.031855084002,0
302287,65,21751,0.3680516183376312,12300.39990670234,0
302288,65,21752,0.3727491796016693,12300.772655881941,0
302289,65,21753,0.36727428436279297,12301.139930166304,0
302290,65,21754,0.3616611659526825,12301.501591332257,0
302291,65,21755,0.3595293164253235,12301.861120648682,0
302292,65,21756,0.36011257767677307,12302.221233226359,0
302293,65,21757,0.37666261196136475,12302.59789583832,0
302294,65,21758,0.37105879187583923,12302.968954630196,0
302295,65,21759,0.37551793456077576,12303.344472564757,0
302296,65,21760,0.3768969476222992,12303.72136951238,0
302297,65,21761,0.37301838397979736,12304.094387896359,0
302298,65,21762,0.36913248896598816,12304.463520385325,0
302299,65,21763,0.3816039562225342,12304.845124341547,0
302300,65,21764,0.3764116168022156,12305.22153595835,0
302301,65,21765,0.3670676648616791,12305.588603623211,0
302302,65,21766,0.3619789779186249,12305.95058260113,0
302303,65,21767,0.36177629232406616,12306.312358893454,0
302304,65,21768,0.3796878457069397,12306.692046739161,0
302305,65,21769,0.381273090839386,12307.07331983,0
302306,65,21770,0.3722107410430908,12307.445530571043,0
302307,65,21771,0.38170167803764343,12307.827232249081,0
302308,65,21772,0.38174906373023987,12308.208981312811,0
302309,65,21773,0.3856062889099121,12308.594587601721,0
302310,65,21774,0.3794090449810028,12308.973996646702,0
302311,65,21775,0.37281203269958496,12309.346808679402,0
302312,65,21776,0.3885422945022583,12309.735350973904,0
302313,65,21777,0.38405510783195496,12310.119406081736,0
302314,65,21778,0.3800714313983917,12310.499477513134,0
302315,65,21779,0.37833747267723083,12310.877814985812,0
302316,65,21780,0.39369434118270874,12311.271509326994,0
302317,65,21781,0.3907298743724823,12311.662239201367,0
302318,65,21782,0.3969135284423828,12312.05915272981,0
302319,65,21783,0.39688125252723694,12312.456033982337,0
302320,65,21784,0.39911600947380066,12312.85514999181,0
302321,65,21785,0.3971928656101227,12313.25234285742,0
302322,65,21786,0.39229854941368103,12313.644641406834,0
302323,65,21787,0.3927917778491974,12314.037433184683,0
302324,65,21788,0.39268189668655396,12314.43011508137,0
302325,65,21789,0.40850457549095154,12314.83861965686,0
302326,65,21790,0.4054345488548279,12315.244054205716,0
302327,65,21791,0.4039502739906311,12315.648004479706,0
302328,65,21792,0.4131985008716583,12316.061202980578,0
302329,65,21793,0.4110896587371826,12316.472292639315,0
302330,65,21794,0.4092281758785248,12316.881520815194,0
302331,65,21795,0.41814732551574707,12317.29966814071,0
302332,65,21796,0.41968393325805664,12317.719352073967,0
302333,65,21797,0.41574710607528687,12318.135099180043,0
302334,65,21798,0.42410096526145935,12318.559200145304,0
302335,65,21799,0.417880117893219,12318.977080263197,0
302336,65,21800,0.4094964563846588,12319.386576719582,0
302337,65,21801,0.4073757529258728,12319.793952472508,0
302338,65,21802,0.40808746218681335,12320.202039934695,0
302339,65,21803,0.4114926755428314,12320.613532610238,0
302340,65,21804,0.4145902991294861,12321.028122909367,0
302341,65,21805,0.43137454986572266,12321.459497459233,0
302342,65,21806,0.4244951903820038,12321.883992649615,0
302343,65,21807,0.4305114448070526,12322.314504094422,0
302344,65,21808,0.4271271228790283,12322.7416312173,0
302345,65,21809,0.4218536913394928,12323.16348490864,0
302346,65,21810,0.41964346170425415,12323.583128370345,0
302347,65,21811,0.4353703558444977,12324.01849872619,0
302348,65,21812,0.43498513102531433,12324.453483857214,0
302349,65,21813,0.42868804931640625,12324.88217190653,0
302350,65,21814,0.42236804962158203,12325.304539956152,0
302351,65,21815,0.4225456118583679,12325.72708556801,0
302352,65,21816,0.4248250126838684,12326.151910580695,0
302353,65,21817,0.42843180894851685,12326.580342389643,0
302354,65,21818,0.4457322359085083,12327.026074625552,0
302355,65,21819,0.4454718232154846,12327.471546448767,0
302356,65,21820,0.44423097372055054,12327.915777422488,0
302357,65,21821,0.44009819626808167,12328.355875618756,0
302358,65,21822,0.4385221004486084,12328.794397719204,0
302359,65,21823,0.43648380041122437,12329.230881519616,0
302360,65,21824,0.43907004594802856,12329.669951565564,0
302361,65,21825,0.4565962553024292,12330.126547820866,0
302362,65,21826,0.45568180084228516,12330.582229621708,0
302363,65,21827,0.4584715962409973,12331.04070121795,0
302364,65,21828,0.4570932388305664,12331.49779445678,0
302365,65,21829,0.4671359062194824,12331.964930363,0
302366,65,21830,0.4647517204284668,12332.429682083428,0
302367,65,21831,0.47195518016815186,12332.901637263596,0
302368,65,21832,0.4679989516735077,12333.36963621527,0
302369,65,21833,0.4639444649219513,12333.833580680192,0
302370,65,21834,0.47818297147750854,12334.311763651669,0
302371,65,21835,0.47781941294670105,12334.789583064616,0
302372,65,21836,0.4797596037387848,12335.269342668355,0
302373,65,21837,0.48384538292884827,12335.753188051283,0
302374,65,21838,0.48498520255088806,12336.238173253834,0
302375,65,21839,0.48820582032203674,12336.726379074156,0
302376,65,21840,0.4882647395133972,12337.21464381367,0
302377,65,21841,0.4846462607383728,12337.699290074408,0
302378,65,21842,0.479520320892334,12338.1788103953,0
302379,65,21843,0.4783497452735901,12338.657160140574,0
302380,65,21844,0.4799886643886566,12339.137148804963,0
302381,65,21845,0.4832577705383301,12339.620406575501,0
302382,65,21846,0.48663008213043213,12340.107036657631,0
302383,65,21847,0.5039271116256714,12340.610963769257,0
302384,65,21848,0.49700623750686646,12341.107970006764,0
302385,65,21849,0.4944690465927124,12341.602439053357,0
302386,65,21850,0.4938739240169525,12342.096312977374,0
302387,65,21851,0.49517810344696045,12342.59149108082,0
302388,65,21852,0.49762794375419617,12343.089119024575,0
302389,65,21853,0.5147287845611572,12343.603847809136,0
302390,65,21854,0.5085328817367554,12344.112380690873,0
302391,65,21855,0.5049189329147339,12344.617299623787,0
302392,65,21856,0.5051630735397339,12345.122462697327,0
302393,65,21857,0.5072060823440552,12345.629668779671,0
302394,65,21858,0.5237329602241516,12346.153401739895,0
302395,65,21859,0.5181787610054016,12346.6715805009,0
302396,65,21860,0.524615466594696,12347.196195967495,0
302397,65,21861,0.5226263999938965,12347.71882236749,0
302398,65,21862,0.5296996235847473,12348.248521991074,0
302399,65,21863,0.5295001864433289,12348.778022177517,0
302400,65,21864,0.5331013798713684,12349.311123557389,0
302401,65,21865,0.5286365747451782,12349.839760132134,0
302402,65,21866,0.524340033531189,12350.364100165665,0
302403,65,21867,0.5430010557174683,12350.907101221383,0
302404,65,21868,0.5391511917114258,12351.446252413094,0
302405,65,21869,0.5355088114738464,12351.981761224568,0
302406,65,21870,0.5495365262031555,12352.531297750771,0
302407,65,21871,0.5459057688713074,12353.077203519642,0
302408,65,21872,0.5430447459220886,12353.620248265564,0
302409,65,21873,0.5563036799430847,12354.176551945508,0
302410,65,21874,0.5567641258239746,12354.733316071332,0
302411,65,21875,0.560977041721344,12355.294293113053,0
302412,65,21876,0.5570719838142395,12355.851365096867,0
302413,65,21877,0.5534658432006836,12356.404830940068,0
302414,65,21878,0.5537024736404419,12356.958533413708,0
302415,65,21879,0.5558659434318542,12357.51439935714,0
302416,65,21880,0.5590399503707886,12358.07343930751,0
302417,65,21881,0.5774516463279724,12358.650890953839,0
302418,65,21882,0.5782453417778015,12359.229136295617,0
302419,65,21883,0.570971667766571,12359.800107963383,0
302420,65,21884,0.5657421350479126,12360.365850098431,0
302421,65,21885,0.5829828977584839,12360.94883299619,0
302422,65,21886,0.5817491412162781,12361.530582137406,0
302423,65,21887,0.5764390826225281,12362.107021220028,0
302424,65,21888,0.5742095708847046,12362.681230790913,0
302425,65,21889,0.5749053359031677,12363.256136126816,0
302426,65,21890,0.5786802768707275,12363.834816403687,0
302427,65,21891,0.5836260318756104,12364.418442435563,0
302428,65,21892,0.6029528975486755,12365.021395333111,0
302429,65,21893,0.5978078842163086,12365.619203217328,0
302430,65,21894,0.6073540449142456,12366.226557262242,0
302431,65,21895,0.6063814759254456,12366.832938738167,0
302432,65,21896,0.6106258630752563,12367.443564601243,0
302433,65,21897,0.6069480776786804,12368.050512678921,0
302434,65,21898,0.6059064269065857,12368.656419105828,0
302435,65,21899,0.622938334941864,12369.27935744077,0
302436,65,21900,0.6229709386825562,12369.902328379452,0
302437,65,21901,0.6300527453422546,12370.532381124794,0
302438,65,21902,0.6301512718200684,12371.162532396615,0
302439,65,21903,0.6402461528778076,12371.802778549492,0
302440,65,21904,0.6433027982711792,12372.446081347764,0
302441,65,21905,0.6489556431770325,12373.09503699094,0
302442,65,21906,0.65301114320755,12373.748048134148,0
302443,65,21907,0.6491353511810303,12374.39718348533,0
302444,65,21908,0.6632392406463623,12375.060422725976,0
302445,65,21909,0.6627013683319092,12375.723124094307,0
302446,65,21910,0.6722297668457031,12376.395353861153,0
302447,65,21911,0.6691309809684753,12377.064484842122,0
302448,65,21912,0.6807190775871277,12377.745203919709,0
302449,65,21913,0.6797657608985901,12378.424969680607,0
302450,65,21914,0.6788143515586853,12379.103784032166,0
302451,65,21915,0.6792058944702148,12379.782989926636,0
302452,65,21916,0.6987452507019043,12380.481735177338,0
302453,65,21917,0.7007947564125061,12381.18252993375,0
302454,65,21918,0.7031832933425903,12381.885713227093,0
302455,65,21919,0.7146862745285034,12382.600399501622,0
302456,65,21920,0.7149102091789246,12383.3153097108,0
302457,65,21921,0.7231606841087341,12384.03847039491,0
302458,65,21922,0.7246973514556885,12384.763167746365,0
302459,65,21923,0.7230150699615479,12385.486182816327,0
302460,65,21924,0.736771285533905,12386.22295410186,0
302461,65,21925,0.7372652292251587,12386.960219331086,0
302462,65,21926,0.7361121773719788,12387.696331508458,0
302463,65,21927,0.7470784187316895,12388.44340992719,0
302464,65,21928,0.7430405020713806,12389.18645042926,0
302465,65,21929,0.7535004019737244,12389.939950831234,0
302466,65,21930,0.7555598616600037,12390.695510692894,0
302467,65,21931,0.7643477320671082,12391.459858424962,0
302468,65,21932,0.769778847694397,12392.229637272656,0
302469,65,21933,0.7730712294578552,12393.002708502114,0
302470,65,21934,0.7719712257385254,12393.774679727852,0
302471,65,21935,0.778693437576294,12394.553373165429,0
302472,65,21936,0.7851619720458984,12395.338535137475,0
302473,65,21937,0.7819074392318726,12396.120442576706,0
302474,65,21938,0.781369686126709,12396.901812262833,0
302475,65,21939,0.7854307889938354,12397.687243051827,0
302476,65,21940,0.7899924516677856,12398.477235503495,0
302477,65,21941,0.7941238284111023,12399.271359331906,0
302478,65,21942,0.7985671758651733,12400.069926507771,0
302479,65,21943,0.8022584915161133,12400.872184999287,0
302480,65,21944,0.8054096698760986,12401.677594669163,0
302481,65,21945,0.8213328123092651,12402.498927481472,0
302482,65,21946,0.8177927732467651,12403.31672025472,0
302483,65,21947,0.8181384205818176,12404.134858675301,0
302484,65,21948,0.8287131190299988,12404.963571794331,0
302485,65,21949,0.8232558965682983,12405.7868276909,0
302486,65,21950,0.8333972692489624,12406.620224960148,0
302487,65,21951,0.8354324698448181,12407.455657429993,0
302488,65,21952,0.8325169682502747,12408.288174398243,0
302489,65,21953,0.8465777039527893,12409.134752102196,0
302490,65,21954,0.8496488332748413,12409.984400935471,0
302491,65,21955,0.855438232421875,12410.839839167893,0
302492,65,21956,0.850574254989624,12411.690413422883,0
302493,65,21957,0.8455267548561096,12412.535940177739,0
302494,65,21958,0.8642804622650146,12413.400220640004,0
302495,65,21959,0.8662394881248474,12414.266460128129,0
302496,65,21960,0.8635059595108032,12415.12996608764,0
302497,65,21961,0.8632686138153076,12415.993234701455,0
302498,65,21962,0.863835334777832,12416.857070036232,0
302499,65,21963,0.8669916391372681,12417.72406167537,0
302500,65,21964,0.8843943476676941,12418.608456023037,0
302501,65,21965,0.8819639682769775,12419.490419991314,0
302502,65,21966,0.8750602006912231,12420.365480192006,0
302503,65,21967,0.8716237545013428,12421.237103946507,0
302504,65,21968,0.873643696308136,12422.110747642815,0
302505,65,21969,0.8790237903594971,12422.989771433175,0
302506,65,21970,0.8840903043746948,12423.87386173755,0
302507,65,21971,0.9035031795501709,12424.7773649171,0
302508,65,21972,0.8989514112472534,12425.676316328347,0
302509,65,21973,0.8960691690444946,12426.572385497391,0
302510,65,21974,0.8955538272857666,12427.467939324677,0
302511,65,21975,0.9129924774169922,12428.380931802094,0
302512,65,21976,0.9086633324623108,12429.289595134556,0
302513,65,21977,0.915786862373352,12430.20538199693,0
302514,65,21978,0.9151815176010132,12431.12056351453,0
302515,65,21979,0.9220436215400696,12432.04260713607,0
302516,65,21980,0.9225752353668213,12432.965182371438,0
302517,65,21981,0.9191937446594238,12433.884376116097,0
302518,65,21982,0.9339422583580017,12434.818318374455,0
302519,65,21983,0.936433732509613,12435.754752106965,0
302520,65,21984,0.941972017288208,12436.696724124253,0
302521,65,21985,0.93599933385849,12437.632723458111,0
302522,65,21986,0.9472667574882507,12438.5799902156,0
302523,65,21987,0.9483000636100769,12439.52829027921,0
302524,65,21988,0.9455912709236145,12440.473881550133,0
302525,65,21989,0.9578161835670471,12441.4316977337,0
302526,65,21990,0.9612675309181213,12442.392965264618,0
302527,65,21991,0.9699220061302185,12443.362887270749,0
302528,65,21992,0.9748296737670898,12444.337716944516,0
302529,65,21993,0.9733867645263672,12445.311103709042,0
302530,65,21994,0.9716274738311768,12446.282731182873,0
302531,65,21995,0.9864034056663513,12447.26913458854,0
302532,65,21996,0.9851117730140686,12448.254246361554,0
302533,65,21997,0.9919561743736267,12449.246202535927,0
302534,65,21998,0.9911503195762634,12450.237352855504,0
302535,65,21999,1.0009403228759766,12451.23829317838,0
302536,65,22000,1.001173734664917,12452.239466913044,0
302537,65,22001,0.9975306987762451,12453.23699761182,0
302538,65,22002,0.9980682134628296,12454.235065825284,0
302539,65,22003,1.011940360069275,12455.247006185353,0
302540,65,22004,1.013103723526001,12456.260109908879,0
302541,65,22005,1.012726902961731,12457.27283681184,0
302542,65,22006,1.0185580253601074,12458.2913948372,0
302543,65,22007,1.0272012948989868,12459.3185961321,0
302544,65,22008,1.0232617855072021,12460.341857917607,0
302545,65,22009,1.0235381126403809,12461.365396030247,0
302546,65,22010,1.0248541831970215,12462.390250213444,0
302547,65,22011,1.04276442527771,12463.433014638722,0
302548,65,22012,1.044325828552246,12464.477340467274,0
302549,65,22013,1.0451428890228271,12465.522483356297,0
302550,65,22014,1.04606032371521,12466.568543680012,0
302551,65,22015,1.0480796098709106,12467.616623289883,0
302552,65,22016,1.0499415397644043,12468.666564829648,0
302553,65,22017,1.064385175704956,12469.730950005352,0
302554,65,22018,1.0630604028701782,12470.794010408223,0
302555,65,22019,1.06167733669281,12471.855687744915,0
302556,65,22020,1.060713768005371,12472.91640151292,0
302557,65,22021,1.0607637166976929,12473.977165229619,0
302558,65,22022,1.0615209341049194,12475.038686163723,0
302559,65,22023,1.0760494470596313,12476.114735610783,0
302560,65,22024,1.0709213018417358,12477.185656912625,0
302561,65,22025,1.0735857486724854,12478.259242661297,0
302562,65,22026,1.064048409461975,12479.32329107076,0
302563,65,22027,1.0742292404174805,12480.397520311177,0
302564,65,22028,1.0713424682617188,12481.468862779438,0
302565,65,22029,1.0689711570739746,12482.537833936512,0
302566,65,22030,1.0679306983947754,12483.605764634907,0
302567,65,22031,1.0863040685653687,12484.692068703473,0
302568,65,22032,1.0865354537963867,12485.778604157269,0
302569,65,22033,1.080889344215393,12486.859493501484,0
302570,65,22034,1.0754038095474243,12487.934897311032,0
302571,65,22035,1.07229745388031,12489.007194764912,0
302572,65,22036,1.0723464488983154,12490.07954121381,0
302573,65,22037,1.072111964225769,12491.151653178036,0
302574,65,22038,1.0862184762954712,12492.237871654332,0
302575,65,22039,1.0778586864471436,12493.315730340779,0
302576,65,22040,1.0813490152359009,12494.397079356015,0
302577,65,22041,1.0728514194488525,12495.469930775464,0
302578,65,22042,1.0640501976013184,12496.533980973065,0
302579,65,22043,1.060105800628662,12497.594086773694,0
302580,65,22044,1.0773786306381226,12498.671465404332,0
302581,65,22045,1.0735841989517212,12499.745049603283,0
302582,65,22046,1.0721648931503296,12500.817214496434,0
302583,65,22047,1.0685752630233765,12501.885789759457,0
302584,65,22048,1.0629081726074219,12502.948697932065,0
302585,65,22049,1.074763536453247,12504.023461468518,0
302586,65,22050,1.0685672760009766,12505.092028744519,0
302587,65,22051,1.058215856552124,12506.15024460107,0
302588,65,22052,1.0503811836242676,12507.200625784695,0
302589,65,22053,1.0643815994262695,12508.265007384121,0
302590,65,22054,1.064439296722412,12509.329446680844,0
302591,65,22055,1.0671981573104858,12510.396644838154,0
302592,65,22056,1.0646082162857056,12511.46125305444,0
302593,65,22057,1.0586624145507812,12512.51991546899,0
302594,65,22058,1.0544869899749756,12513.574402458966,0
302595,65,22059,1.0686984062194824,12514.643100865185,0
302596,65,22060,1.0622797012329102,12515.705380566418,0
302597,65,22061,1.0670255422592163,12516.772406108677,0
302598,65,22062,1.0633735656738281,12517.835779674351,0
302599,65,22063,1.0606104135513306,12518.896390087903,0
302600,65,22064,1.0683813095092773,12519.964771397412,0
302601,65,22065,1.0616798400878906,12521.0264512375,0
302602,65,22066,1.0680562257766724,12522.094507463276,0
302603,65,22067,1.0665967464447021,12523.161104209721,0
302604,65,22068,1.0598981380462646,12524.221002347767,0
302605,65,22069,1.0556350946426392,12525.27663744241,0
302606,65,22070,1.0537970066070557,12526.330434449017,0
302607,65,22071,1.052956223487854,12527.383390672505,0
302608,65,22072,1.067482590675354,12528.45087326318,0
302609,65,22073,1.0579365491867065,12529.508809812367,0
302610,65,22074,1.0510622262954712,12530.559872038662,0
302611,65,22075,1.0582484006881714,12531.61812043935,0
302612,65,22076,1.0488401651382446,12532.666960604489,0
302613,65,22077,1.049709439277649,12533.716670043766,0
302614,65,22078,1.0460580587387085,12534.762728102505,0
302615,65,22079,1.0485244989395142,12535.811252601445,0
302616,65,22080,1.0494142770767212,12536.860666878521,0
302617,65,22081,1.0405983924865723,12537.901265271008,0
302618,65,22082,1.047347903251648,12538.94861317426,0
302619,65,22083,1.0433919429779053,12539.992005117238,0
302620,65,22084,1.0354164838790894,12541.027421601117,0
302621,65,22085,1.0291346311569214,12542.056556232274,0
302622,65,22086,1.0417485237121582,12543.098304755986,0
302623,65,22087,1.0368891954421997,12544.135193951428,0
302624,65,22088,1.041448950767517,12545.176642902195,0
302625,65,22089,1.0341954231262207,12546.210838325322,0
302626,65,22090,1.0368494987487793,12547.24768782407,0
302627,65,22091,1.028890609741211,12548.276578433812,0
302628,65,22092,1.0377005338668823,12549.314278967679,0
302629,65,22093,1.0322163105010986,12550.34649527818,0
302630,65,22094,1.024064064025879,12551.370559342206,0
302631,65,22095,1.0324068069458008,12552.402966149151,0
302632,65,22096,1.0293797254562378,12553.432345874608,0
302633,65,22097,1.0337170362472534,12554.466062910855,0
302634,65,22098,1.0260010957717896,12555.492064006627,0
302635,65,22099,1.0293607711791992,12556.521424777806,0
302636,65,22100,1.0226359367370605,12557.544060714543,0
302637,65,22101,1.0271433591842651,12558.571204073727,0
302638,65,22102,1.0230439901351929,12559.594248063862,0
302639,65,22103,1.0266815423965454,12560.620929606259,0
302640,65,22104,1.0226256847381592,12561.643555290997,0
302641,65,22105,1.0228279829025269,12562.6663832739,0
302642,65,22106,1.0249242782592773,12563.691307552159,0
302643,65,22107,1.0162839889526367,12564.707591541111,0
302644,65,22108,1.0075271129608154,12565.715118654072,0
302645,65,22109,1.0039006471633911,12566.719019301236,0
302646,65,22110,1.0176970958709717,12567.736716397107,0
302647,65,22111,1.0143671035766602,12568.751083500683,0
302648,65,22112,1.0141290426254272,12569.765212543309,0
302649,65,22113,1.006870150566101,12570.772082693875,0
302650,65,22114,0.9976166486740112,12571.769699342549,0
302651,65,22115,0.9916303753852844,12572.761329717934,0
302652,65,22116,1.0029531717300415,12573.764282889664,0
302653,65,22117,0.9966332912445068,12574.760916180909,0
302654,65,22118,0.9881874322891235,12575.749103613198,0
302655,65,22119,0.9989868998527527,12576.74809051305,0
302656,65,22120,0.9936440587043762,12577.741734571755,0
302657,65,22121,0.9854336380958557,12578.72716820985,0
302658,65,22122,0.992033839225769,12579.719202049077,0
302659,65,22123,0.9904489517211914,12580.709651000798,0
302660,65,22124,0.9819797873497009,12581.691630788147,0
302661,65,22125,0.9754273295402527,12582.667058117688,0
302662,65,22126,0.9720056056976318,12583.639063723385,0
302663,65,22127,0.9695798754692078,12584.608643598855,0
302664,65,22128,0.9686992764472961,12585.577342875302,0
302665,65,22129,0.9690814018249512,12586.546424277127,0
302666,65,22130,0.9695982933044434,12587.516022570431,0
302667,65,22131,0.983867883682251,12588.499890454113,0
302668,65,22132,0.9829254746437073,12589.482815928757,0
302669,65,22133,0.9748764038085938,12590.457692332566,0
302670,65,22134,0.9677801728248596,12591.42547250539,0
302671,65,22135,0.9886515140533447,12592.414124019444,0
302672,65,22136,0.9842199087142944,12593.398343928158,0
302673,65,22137,0.990989625453949,12594.389333553612,0
302674,65,22138,0.9835878014564514,12595.372921355069,0
302675,65,22139,0.9749242067337036,12596.347845561802,0
302676,65,22140,0.9698387980461121,12597.317684359848,0
302677,65,22141,0.9704045057296753,12598.288088865578,0
302678,65,22142,0.987856924533844,12599.275945790112,0
302679,65,22143,0.9837767481803894,12600.259722538292,0
302680,65,22144,0.9812873601913452,12601.241009898484,0
302681,65,22145,0.9782054424285889,12602.219215340912,0
302682,65,22146,0.9772869348526001,12603.196502275765,0
302683,65,22147,0.9925485253334045,12604.189050801098,0
302684,65,22148,0.9913341403007507,12605.1803849414,0
302685,65,22149,0.9828677773475647,12606.163252718747,0
302686,65,22150,0.996793270111084,12607.160045988858,0
302687,65,22151,0.9939694404602051,12608.154015429318,0
302688,65,22152,1.0007927417755127,12609.154808171093,0
302689,65,22153,0.997900664806366,12610.1527088359,0
302690,65,22154,1.0046156644821167,12611.157324500382,0
302691,65,22155,1.0017921924591064,12612.159116692841,0
302692,65,22156,0.9971226453781128,12613.15623933822,0
302693,65,22157,1.011840581893921,12614.168079920113,0
302694,65,22158,1.0101383924484253,12615.178218312562,0
302695,65,22159,1.0176423788070679,12616.195860691369,0
302696,65,22160,1.0181217193603516,12617.213982410729,0
302697,65,22161,1.0247180461883545,12618.238700456917,0
302698,65,22162,1.0194145441055298,12619.258115001023,0
302699,65,22163,1.0166783332824707,12620.274793334305,0
302700,65,22164,1.0149060487747192,12621.28969938308,0
302701,65,22165,1.0176085233688354,12622.307307906449,0
302702,65,22166,1.0359059572219849,12623.34321386367,0
302703,65,22167,1.0387417078018188,12624.381955571473,0
302704,65,22168,1.0408971309661865,12625.422852702439,0
302705,65,22169,1.0379968881607056,12626.4608495906,0
302706,65,22170,1.035393238067627,12627.496242828667,0
302707,65,22171,1.049463152885437,12628.545705981553,0
302708,65,22172,1.0504952669143677,12629.596201248467,0
302709,65,22173,1.055587887763977,12630.651789136231,0
302710,65,22174,1.0505661964416504,12631.702355332673,0
302711,65,22175,1.0635185241699219,12632.765873856843,0
302712,65,22176,1.0618162155151367,12633.827690072358,0
302713,65,22177,1.057916522026062,12634.885606594384,0
302714,65,22178,1.0736008882522583,12635.959207482636,0
302715,65,22179,1.073513150215149,12637.032720632851,0
302716,65,22180,1.07843017578125,12638.111150808632,0
302717,65,22181,1.0819708108901978,12639.193121619523,0
302718,65,22182,1.0853415727615356,12640.278463192284,0
302719,65,22183,1.0875318050384521,12641.365994997323,0
302720,65,22184,1.0852247476577759,12642.45121974498,0
302721,65,22185,1.0905730724334717,12643.541792817414,0
302722,65,22186,1.0946004390716553,12644.636393256485,0
302723,65,22187,1.0902941226959229,12645.726687379181,0
302724,65,22188,1.086639165878296,12646.81332654506,0
302725,65,22189,1.0878911018371582,12647.901217646897,0
302726,65,22190,1.0839427709579468,12648.985160417855,0
302727,65,22191,1.0935053825378418,12650.078665800393,0
302728,65,22192,1.0855650901794434,12651.164230890572,0
302729,65,22193,1.0829529762268066,12652.247183866799,0
302730,65,22194,1.0805078744888306,12653.327691741288,0
302731,65,22195,1.0799672603607178,12654.407659001648,0
302732,65,22196,1.0679582357406616,12655.475617237389,0
302733,65,22197,1.0750418901443481,12656.550659127533,0
302734,65,22198,1.0705245733261108,12657.62118370086,0
302735,65,22199,1.0597063302993774,12658.680890031159,0
302736,65,22200,1.0517150163650513,12659.732605047524,0
302737,65,22201,1.0642019510269165,12660.79680699855,0
302738,65,22202,1.0596989393234253,12661.856505937874,0
302739,65,22203,1.0484932661056519,12662.90499920398,0
302740,65,22204,1.0423290729522705,12663.947328276932,0
302741,65,22205,1.0382670164108276,12664.985595293343,0
302742,65,22206,1.0519369840621948,12666.037532277405,0
302743,65,22207,1.0439798831939697,12667.0815121606,0
302744,65,22208,1.0446643829345703,12668.126176543534,0
302745,65,22209,1.0314117670059204,12669.15758831054,0
302746,65,22210,1.0212054252624512,12670.178793735802,0
302747,65,22211,1.0345321893692017,12671.213325925171,0
302748,65,22212,1.030973196029663,12672.244299121201,0
302749,65,22213,1.0277971029281616,12673.27209622413,0
302750,65,22214,1.025482177734375,12674.297578401864,0
302751,65,22215,1.0220736265182495,12675.319652028382,0
302752,65,22216,1.0231717824935913,12676.342823810875,0
302753,65,22217,1.0153344869613647,12677.358158297837,0
302754,65,22218,1.0070682764053345,12678.365226574242,0
302755,65,22219,1.0009037256240845,12679.366130299866,0
302756,65,22220,0.9971634745597839,12680.363293774426,0
302757,65,22221,0.9947668313980103,12681.358060605824,0
302758,65,22222,1.0061759948730469,12682.364236600697,0
302759,65,22223,0.9975713491439819,12683.361807949841,0
302760,65,22224,0.979653537273407,12684.341461487114,0
302761,65,22225,0.9897133708000183,12685.331174857914,0
302762,65,22226,0.9869688749313354,12686.318143732846,0
302763,65,22227,0.9838240742683411,12687.301967807114,0
302764,65,22228,0.9826797842979431,12688.284647591412,0
302765,65,22229,0.9792921543121338,12689.263939745724,0
302766,65,22230,0.9769031405448914,12690.24084288627,0
302767,65,22231,0.976037859916687,12691.216880746186,0
302768,65,22232,0.9645201563835144,12692.18140090257,0
302769,65,22233,0.9739387631416321,12693.155339665711,0
302770,65,22234,0.9702966213226318,12694.125636287034,0
302771,65,22235,0.9608187079429626,12695.086454994977,0
302772,65,22236,0.9547430872917175,12696.041198082268,0
302773,65,22237,0.9489638805389404,12696.990161962807,0
302774,65,22238,0.9458909630775452,12697.936052925885,0
302775,65,22239,0.9567215442657471,12698.89277447015,0
302776,65,22240,0.9459730386734009,12699.838747508824,0
302777,65,22241,0.9397060871124268,12700.778453595936,0
302778,65,22242,0.9353778958320618,12701.713831491768,0
302779,65,22243,0.9307641983032227,12702.644595690072,0
302780,65,22244,0.9411794543266296,12703.585775144398,0
302781,65,22245,0.9312843084335327,12704.517059452832,0
302782,65,22246,0.9249561429023743,12705.442015595734,0
302783,65,22247,0.9314196109771729,12706.373435206711,0
302784,65,22248,0.9242780208587646,12707.29771322757,0
302785,65,22249,0.9252661466598511,12708.22297937423,0
302786,65,22250,0.9135718941688538,12709.136551268399,0
302787,65,22251,0.9235723614692688,12710.060123629868,0
302788,65,22252,0.9193688035011292,12710.97949243337,0
302789,65,22253,0.9228963851928711,12711.902388818562,0
302790,65,22254,0.9161375761032104,12712.818526394665,0
302791,65,22255,0.9169949889183044,12713.735521383584,0
302792,65,22256,0.9144935607910156,12714.650014944375,0
302793,65,22257,0.9046598076820374,12715.554674752057,0
302794,65,22258,0.8973535895347595,12716.452028341591,0
302795,65,22259,0.8938704133033752,12717.345898754895,0
302796,65,22260,0.8984383344650269,12718.24433708936,0
302797,65,22261,0.8982200026512146,12719.142557092011,0
302798,65,22262,0.89769047498703,12720.040247566998,0
302799,65,22263,0.8958473801612854,12720.93609494716,0
302800,65,22264,0.8950795531272888,12721.831174500287,0
302801,65,22265,0.891248881816864,12722.722423382103,0
302802,65,22266,0.8867233395576477,12723.609146721661,0
302803,65,22267,0.8827477097511292,12724.491894431412,0
302804,65,22268,0.882461667060852,12725.374356098473,0
302805,65,22269,0.874590277671814,12726.248946376145,0
302806,65,22270,0.8729087710380554,12727.121855147183,0
302807,65,22271,0.8769313097000122,12727.998786456883,0
302808,65,22272,0.8707099556922913,12728.869496412575,0
302809,65,22273,0.8641428351402283,12729.733639247715,0
302810,65,22274,0.8678306341171265,12730.601469881833,0
302811,65,22275,0.8620922565460205,12731.463562138379,0
302812,65,22276,0.8599909543991089,12732.323553092778,0
302813,65,22277,0.8612256646156311,12733.184778757393,0
302814,65,22278,0.8572680950164795,12734.04204685241,0
302815,65,22279,0.8547530174255371,12734.896799869835,0
302816,65,22280,0.8541220426559448,12735.750921912491,0
302817,65,22281,0.8469567894935608,12736.597878701985,0
302818,65,22282,0.8416454195976257,12737.439524121583,0
302819,65,22283,0.839211642742157,12738.278735764325,0
302820,65,22284,0.83871990442276,12739.117455668747,0
302821,65,22285,0.8367426991462708,12739.954198367894,0
302822,65,22286,0.8397760987281799,12740.793974466622,0
302823,65,22287,0.841615617275238,12741.635590083897,0
302824,65,22288,0.8361911773681641,12742.471781261265,0
302825,65,22289,0.8300429582595825,12743.301824219525,0
302826,65,22290,0.8263345956802368,12744.128158815205,0
302827,65,22291,0.8249680399894714,12744.953126855195,0
302828,65,22292,0.8241215944290161,12745.777248449624,0
302829,65,22293,0.8241415619850159,12746.601390011609,0
302830,65,22294,0.8240489363670349,12747.425438947976,0
302831,65,22295,0.8259724974632263,12748.251411445439,0
302832,65,22296,0.8273783326148987,12749.078789778054,0
302833,65,22297,0.8218601942062378,12749.90064997226,0
302834,65,22298,0.8283120393753052,12750.728962011635,0
302835,65,22299,0.8221637010574341,12751.551125712693,0
302836,65,22300,0.8140347003936768,12752.365160413086,0
302837,65,22301,0.8079336881637573,12753.17309410125,0
302838,65,22302,0.8048197031021118,12753.977913804352,0
302839,65,22303,0.820094645023346,12754.798008449376,0
302840,65,22304,0.8179675340652466,12755.61597598344,0
302841,65,22305,0.8068801164627075,12756.422856099904,0
302842,65,22306,0.8155220150947571,12757.238378114998,0
302843,65,22307,0.8117399215698242,12758.050118036568,0
302844,65,22308,0.8052784204483032,12758.855396457016,0
302845,65,22309,0.8129286766052246,12759.668325133622,0
302846,65,22310,0.8090022802352905,12760.477327413857,0
302847,65,22311,0.8088832497596741,12761.286210663617,0
302848,65,22312,0.8001431226730347,12762.08635378629,0
302849,65,22313,0.8081619143486023,12762.894515700638,0
302850,65,22314,0.8040965795516968,12763.69861228019,0
302851,65,22315,0.799113929271698,12764.497726209462,0
302852,65,22316,0.7949304580688477,12765.29265666753,0
302853,65,22317,0.8092409372329712,12766.101897604764,0
302854,65,22318,0.8028030395507812,12766.904700644314,0
302855,65,22319,0.7908508777618408,12767.695551522076,0
302856,65,22320,0.7835814356803894,12768.479132957757,0
302857,65,22321,0.7813270688056946,12769.260460026562,0
302858,65,22322,0.7996687293052673,12770.060128755867,0
302859,65,22323,0.7914259433746338,12770.851554699242,0
302860,65,22324,0.7967682480812073,12771.648322947323,0
302861,65,22325,0.7899262309074402,12772.43824917823,0
302862,65,22326,0.7808888554573059,12773.219138033688,0
302863,65,22327,0.7788134217262268,12773.997951455414,0
302864,65,22328,0.7772541046142578,12774.775205560029,0
302865,65,22329,0.7772802710533142,12775.552485831082,0
302866,65,22330,0.7921923398971558,12776.344678170979,0
302867,65,22331,0.7843527793884277,12777.129030950367,0
302868,65,22332,0.788463830947876,12777.917494781315,0
302869,65,22333,0.786788284778595,12778.704283066094,0
302870,65,22334,0.7814640402793884,12779.485747106373,0
302871,65,22335,0.7884013056755066,12780.274148412049,0
302872,65,22336,0.7830533385276794,12781.057201750576,0
302873,65,22337,0.7727985382080078,12781.830000288785,0
302874,65,22338,0.7864333391189575,12782.616433627903,0
302875,65,22339,0.7808136940002441,12783.397247321904,0
302876,65,22340,0.7860400676727295,12784.183287389576,0
302877,65,22341,0.7828865051269531,12784.966173894703,0
302878,65,22342,0.7756648063659668,12785.74183870107,0
302879,65,22343,0.7723454833030701,12786.514184184372,0
302880,65,22344,0.7703707814216614,12787.284554965794,0
302881,65,22345,0.7711527943611145,12788.055707760155,0
302882,65,22346,0.7875651717185974,12788.843272931874,0
302883,65,22347,0.7801688313484192,12789.623441763222,0
302884,65,22348,0.7854030728340149,12790.408844836056,0
302885,65,22349,0.7835655808448792,12791.192410416901,0
302886,65,22350,0.7797179818153381,12791.972128398716,0
302887,65,22351,0.7888668179512024,12792.760995216668,0
302888,65,22352,0.7870892286300659,12793.548084445298,0
302889,65,22353,0.7824608683586121,12794.330545313656,0
302890,65,22354,0.7920099496841431,12795.12255526334,0
302891,65,22355,0.7886050343513489,12795.911160297692,0
302892,65,22356,0.7812555432319641,12796.692415840924,0
302893,65,22357,0.7926231622695923,12797.485039003193,0
302894,65,22358,0.7872847318649292,12798.272323735058,0
302895,65,22359,0.789707601070404,12799.062031336129,0
302896,65,22360,0.7847830653190613,12799.846814401448,0
302897,65,22361,0.776307225227356,12800.623121626675,0
302898,65,22362,0.7911519408226013,12801.414273567498,0
302899,65,22363,0.7897634506225586,12802.20403701812,0
302900,65,22364,0.7804177403450012,12802.984454758465,0
302901,65,22365,0.7763247489929199,12803.760779507458,0
302902,65,22366,0.7749180793762207,12804.535697586834,0
302903,65,22367,0.7739866375923157,12805.309684224427,0
302904,65,22368,0.7887126207351685,12806.098396845162,0
302905,65,22369,0.7807651162147522,12806.879161961377,0
302906,65,22370,0.7772426009178162,12807.656404562294,0
302907,65,22371,0.783711314201355,12808.440115876496,0
302908,65,22372,0.7733834385871887,12809.213499315083,0
302909,65,22373,0.7602646946907043,12809.973764009774,0
302910,65,22374,0.7529911398887634,12810.726755149662,0
302911,65,22375,0.7719027400016785,12811.498657889664,0
302912,65,22376,0.7695310711860657,12812.26818896085,0
302913,65,22377,0.7592915892601013,12813.02748055011,0
302914,65,22378,0.7532918453216553,12813.780772395432,0
302915,65,22379,0.7507717609405518,12814.531544156373,0
302916,65,22380,0.7647729516029358,12815.296317107975,0
302917,65,22381,0.7614535689353943,12816.05777067691,0
302918,65,22382,0.7616701126098633,12816.81944078952,0
302919,65,22383,0.7566208243370056,12817.576061613858,0
302920,65,22384,0.7498098015785217,12818.325871415436,0
302921,65,22385,0.7578963041305542,12819.083767719567,0
302922,65,22386,0.7509627938270569,12819.834730513394,0
302923,65,22387,0.7545832991600037,12820.589313812554,0
302924,65,22388,0.7490234971046448,12821.338337309659,0
302925,65,22389,0.7397972345352173,12822.078134544194,0
302926,65,22390,0.73624587059021,12822.814380414784,0
302927,65,22391,0.7527874112129211,12823.567167825997,0
302928,65,22392,0.7497256398200989,12824.316893465817,0
302929,65,22393,0.747764527797699,12825.064657993615,0
302930,65,22394,0.7427866458892822,12825.807444639504,0
302931,65,22395,0.7506783604621887,12826.558122999966,0
302932,65,22396,0.7485092282295227,12827.306632228196,0
302933,65,22397,0.7539203763008118,12828.060552604496,0
302934,65,22398,0.748943567276001,12828.809496171772,0
302935,65,22399,0.7564173936843872,12829.565913565457,0
302936,65,22400,0.7539474964141846,12830.319861061871,0
302937,65,22401,0.7453088760375977,12831.065169937909,0
302938,65,22402,0.7387532591819763,12831.80392319709,0
302939,65,22403,0.7347849011421204,12832.538708098233,0
302940,65,22404,0.734248161315918,12833.272956259549,0
302941,65,22405,0.7484675645828247,12834.021423824131,0
302942,65,22406,0.7398388981819153,12834.761262722313,0
302943,65,22407,0.7351159453392029,12835.496378667653,0
302944,65,22408,0.7297280430793762,12836.226106710732,0
302945,65,22409,0.7388148307800293,12836.964921541512,0
302946,65,22410,0.7291871905326843,12837.694108732045,0
302947,65,22411,0.7176489233970642,12838.411757655442,0
302948,65,22412,0.7085155248641968,12839.120273180306,0
302949,65,22413,0.7055443525314331,12839.825817532837,0
302950,65,22414,0.705668032169342,12840.531485565007,0
302951,65,22415,0.7222138047218323,12841.253699369729,0
302952,65,22416,0.7137003540992737,12841.967399723828,0
302953,65,22417,0.707520604133606,12842.674920327961,0
302954,65,22418,0.7021873593330383,12843.377107687294,0
302955,65,22419,0.6991514563560486,12844.07625914365,0
302956,65,22420,0.6987349390983582,12844.774994082749,0
302957,65,22421,0.6981961727142334,12845.473190255463,0
302958,65,22422,0.6983554363250732,12846.171545691788,0
302959,65,22423,0.7133303880691528,12846.884876079857,0
302960,65,22424,0.7114061117172241,12847.596282191575,0
302961,65,22425,0.7088242769241333,12848.305106468499,0
302962,65,22426,0.7022644281387329,12849.007370896637,0
302963,65,22427,0.7075595855712891,12849.714930482209,0
302964,65,22428,0.703024685382843,12850.417955167592,0
302965,65,22429,0.695891797542572,12851.113846965134,0
302966,65,22430,0.7069201469421387,12851.820767112076,0
302967,65,22431,0.7037069201469421,12852.524474032223,0
302968,65,22432,0.6962258219718933,12853.220699854195,0
302969,65,22433,0.6907644271850586,12853.91146428138,0
302970,65,22434,0.688387930393219,12854.599852211773,0
302971,65,22435,0.6893831491470337,12855.28923536092,0
302972,65,22436,0.6908019781112671,12855.980037339032,0
302973,65,22437,0.7068932056427002,12856.686930544674,0
302974,65,22438,0.6977915167808533,12857.384722061455,0
302975,65,22439,0.6932485699653625,12858.07797063142,0
302976,65,22440,0.7041075825691223,12858.78207821399,0
302977,65,22441,0.6988361477851868,12859.480914361775,0
302978,65,22442,0.6916347742080688,12860.172549135983,0
302979,65,22443,0.7034328579902649,12860.875981993973,0
302980,65,22444,0.7006641626358032,12861.576646156609,0
302981,65,22445,0.6910232305526733,12862.267669387162,0
302982,65,22446,0.7012432217597961,12862.968912608922,0
302983,65,22447,0.6964040398597717,12863.665316648781,0
302984,65,22448,0.6980593800544739,12864.363376028836,0
302985,65,22449,0.6969032883644104,12865.0602793172,0
302986,65,22450,0.6906703114509583,12865.750949628651,0
302987,65,22451,0.685727059841156,12866.436676688492,0
302988,65,22452,0.6820037364959717,12867.118680424988,0
302989,65,22453,0.6951217651367188,12867.813802190125,0
302990,65,22454,0.6895533800125122,12868.503355570138,0
302991,65,22455,0.6900450587272644,12869.193400628865,0
302992,65,22456,0.6881079077720642,12869.881508536637,0
302993,65,22457,0.6782512664794922,12870.559759803116,0
302994,65,22458,0.6742624044418335,12871.234022207558,0
302995,65,22459,0.6725800633430481,12871.906602270901,0
302996,65,22460,0.6734037399291992,12872.58000601083,0
302997,65,22461,0.6901570558547974,12873.270163066685,0
302998,65,22462,0.6825991868972778,12873.952762253582,0
302999,65,22463,0.686392068862915,12874.639154322445,0
303000,65,22464,0.6789063215255737,12875.318060643971,0
303001,65,22465,0.6868293285369873,12876.004889972508,0
303002,65,22466,0.6796281933784485,12876.684518165886,0
303003,65,22467,0.6839239001274109,12877.368442066014,0
303004,65,22468,0.6778364777565002,12878.04627854377,0
303005,65,22469,0.6722806096076965,12878.718559153378,0
303006,65,22470,0.6827941536903381,12879.401353307068,0
303007,65,22471,0.6790493726730347,12880.080402679741,0
303008,65,22472,0.6673709750175476,12880.747773654759,0
303009,65,22473,0.6813691854476929,12881.429142840207,0
303010,65,22474,0.6759600043296814,12882.105102844536,0
303011,65,22475,0.6684418320655823,12882.773544676602,0
303012,65,22476,0.6812145709991455,12883.454759247601,0
303013,65,22477,0.6780430674552917,12884.132802315056,0
303014,65,22478,0.6795867085456848,12884.812389023602,0
303015,65,22479,0.6713424921035767,12885.483731515706,0
303016,65,22480,0.6786003112792969,12886.162331826985,0
303017,65,22481,0.6753934025764465,12886.837725229561,0
303018,65,22482,0.6768823266029358,12887.514607556164,0
303019,65,22483,0.6749685406684875,12888.189576096833,0
303020,65,22484,0.6754834651947021,12888.865059562027,0
303021,65,22485,0.6785103678703308,12889.543569929898,0
303022,65,22486,0.67551189661026,12890.219081826508,0
303023,65,22487,0.6754142642021179,12890.89449609071,0
303024,65,22488,0.6713826060295105,12891.56587869674,0
303025,65,22489,0.6733094453811646,12892.23918814212,0
303026,65,22490,0.671541690826416,12892.910729832947,0
303027,65,22491,0.6696281433105469,12893.580357976258,0
303028,65,22492,0.6671599745750427,12894.247517950833,0
303029,65,22493,0.6646440625190735,12894.912162013352,0
303030,65,22494,0.6677994132041931,12895.579961426556,0
303031,65,22495,0.6616877317428589,12896.241649158299,0
303032,65,22496,0.6546770334243774,12896.896326191723,0
303033,65,22497,0.6583666801452637,12897.554692871869,0
303034,65,22498,0.6617918610572815,12898.216484732926,0
303035,65,22499,0.6545155644416809,12898.871000297368,0
303036,65,22500,0.645511269569397,12899.516511566937,0
303037,65,22501,0.6404801607131958,12900.15699172765,0
303038,65,22502,0.6561749577522278,12900.813166685402,0
303039,65,22503,0.6500535607337952,12901.463220246136,0
303040,65,22504,0.6356261372566223,12902.098846383393,0
303041,65,22505,0.6291412711143494,12902.727987654507,0
303042,65,22506,0.626020610332489,12903.35400826484,0
303043,65,22507,0.6438114047050476,12903.997819669545,0
303044,65,22508,0.6368013024330139,12904.634620971978,0
303045,65,22509,0.6312368512153625,12905.265857823193,0
303046,65,22510,0.6415882110595703,12905.907446034253,0
303047,65,22511,0.6326746940612793,12906.540120728314,0
303048,65,22512,0.6243774890899658,12907.164498217404,0
303049,65,22513,0.6182438135147095,12907.782742030919,0
303050,65,22514,0.6157931685447693,12908.398535199463,0
303051,65,22515,0.6145415306091309,12909.013076730072,0
303052,65,22516,0.6145234107971191,12909.62760014087,0
303053,65,22517,0.6298952698707581,12910.25749541074,0
303054,65,22518,0.6195860505104065,12910.87708146125,0
303055,65,22519,0.6148278713226318,12911.491909332573,0
303056,65,22520,0.6237540245056152,12912.115663357079,0
303057,65,22521,0.6182548999786377,12912.733918257058,0
303058,65,22522,0.6123000979423523,12913.346218355,0
303059,65,22523,0.6208840608596802,12913.96710241586,0
303060,65,22524,0.6143290400505066,12914.58143145591,0
303061,65,22525,0.6066993474960327,12915.188130803406,0
303062,65,22526,0.6035516858100891,12915.791682489216,0
303063,65,22527,0.6012051105499268,12916.392887599766,0
303064,65,22528,0.6163485050201416,12917.009236104786,0
303065,65,22529,0.6124359369277954,12917.621672041714,0
303066,65,22530,0.6010327935218811,12918.222704835236,0
303067,65,22531,0.592826247215271,12918.815531082451,0
303068,65,22532,0.5905916690826416,12919.406122751534,0
303069,65,22533,0.5897809863090515,12919.995903737843,0
303070,65,22534,0.5904492139816284,12920.586352951825,0
303071,65,22535,0.5907065272331238,12921.177059479058,0
303072,65,22536,0.6044237613677979,12921.781483240426,0
303073,65,22537,0.5966711640357971,12922.378154404461,0
303074,65,22538,0.5984368324279785,12922.97659123689,0
303075,65,22539,0.5864256024360657,12923.563016839325,0
303076,65,22540,0.5961046814918518,12924.159121520817,0
303077,65,22541,0.5917143225669861,12924.750835843384,0
303078,65,22542,0.5932022929191589,12925.344038136303,0
303079,65,22543,0.5928836464881897,12925.936921782792,0
303080,65,22544,0.5919753313064575,12926.528897114098,0
303081,65,22545,0.5911842584609985,12927.120081372559,0
303082,65,22546,0.5871819257736206,12927.707263298333,0
303083,65,22547,0.5928664803504944,12928.300129778683,0
303084,65,22548,0.5928913950920105,12928.893021173775,0
303085,65,22549,0.5931156873703003,12929.486136861145,0
303086,65,22550,0.5836095213890076,12930.069746382535,0
303087,65,22551,0.5910229682922363,12930.660769350827,0
303088,65,22552,0.585841715335846,12931.246611066163,0
303089,65,22553,0.5897685289382935,12931.8363795951,0
303090,65,22554,0.5828026533126831,12932.419182248414,0
303091,65,22555,0.5872059464454651,12933.006388194859,0
303092,65,22556,0.5807719826698303,12933.587160177529,0
303093,65,22557,0.5882291793823242,12934.175389356911,0
303094,65,22558,0.5862112641334534,12934.761600621045,0
303095,65,22559,0.5889865756034851,12935.350587196648,0
303096,65,22560,0.5822790265083313,12935.932866223156,0
303097,65,22561,0.5736845135688782,12936.506550736725,0
303098,65,22562,0.586336612701416,12937.092887349427,0
303099,65,22563,0.5791131854057312,12937.672000534832,0
303100,65,22564,0.5841968655586243,12938.256197400391,0
303101,65,22565,0.5764577984809875,12938.832655198872,0
303102,65,22566,0.5825341939926147,12939.415189392865,0
303103,65,22567,0.5749416947364807,12939.990131087601,0
303104,65,22568,0.5830031633377075,12940.573134250939,0
303105,65,22569,0.5800565481185913,12941.153190799057,0
303106,65,22570,0.575329065322876,12941.72851986438,0
303107,65,22571,0.5707521438598633,12942.29927200824,0
303108,65,22572,0.5829337239265442,12942.882205732167,0
303109,65,22573,0.5784474015235901,12943.46065313369,0
303110,65,22574,0.5743173956871033,12944.034970529377,0
303111,65,22575,0.5779709815979004,12944.612941510975,0
303112,65,22576,0.576641857624054,12945.1895833686,0
303113,65,22577,0.5680379867553711,12945.757621355355,0
303114,65,22578,0.5615532994270325,12946.319174654782,0
303115,65,22579,0.57199627161026,12946.891170926392,0
303116,65,22580,0.5730477571487427,12947.46421868354,0
303117,65,22581,0.5702801942825317,12948.034498877823,0
303118,65,22582,0.5708101391792297,12948.605309017003,0
303119,65,22583,0.5677723288536072,12949.173081345856,0
303120,65,22584,0.5679793953895569,12949.741060741246,0
303121,65,22585,0.5629001259803772,12950.303960867226,0
303122,65,22586,0.5637805461883545,12950.867741413414,0
303123,65,22587,0.5652638077735901,12951.433005221188,0
303124,65,22588,0.5607098340988159,12951.993715055287,0
303125,65,22589,0.5611550807952881,12952.554870136082,0
303126,65,22590,0.5579511523246765,12953.112821288407,0
303127,65,22591,0.556938111782074,12953.669759400189,0
303128,65,22592,0.5632796883583069,12954.233039088547,0
303129,65,22593,0.5617674589157104,12954.794806547463,0
303130,65,22594,0.5560774803161621,12955.35088402778,0
303131,65,22595,0.5616245269775391,12955.912508554757,0
303132,65,22596,0.5638241767883301,12956.476332731545,0
303133,65,22597,0.5604181289672852,12957.036750860512,0
303134,65,22598,0.5564302206039429,12957.593181081116,0
303135,65,22599,0.5454643964767456,12958.138645477593,0
303136,65,22600,0.5404446721076965,12958.6790901497,0
303137,65,22601,0.5410930514335632,12959.220183201134,0
303138,65,22602,0.5577126145362854,12959.77789581567,0
303139,65,22603,0.5555232167243958,12960.333419032395,0
303140,65,22604,0.5511400103569031,12960.884559042752,0
303141,65,22605,0.5529916286468506,12961.437550671399,0
303142,65,22606,0.5529231429100037,12961.990473814309,0
303143,65,22607,0.5443382263183594,12962.534812040627,0
303144,65,22608,0.5371760129928589,12963.07198805362,0
303145,65,22609,0.5338870286941528,12963.605875082314,0
303146,65,22610,0.5504055619239807,12964.156280644238,0
303147,65,22611,0.5485332012176514,12964.704813845456,0
303148,65,22612,0.5498350262641907,12965.25464887172,0
303149,65,22613,0.5423599481582642,12965.797008819878,0
303150,65,22614,0.5499546527862549,12966.346963472664,0
303151,65,22615,0.544363796710968,12966.891327269375,0
303152,65,22616,0.5470471382141113,12967.43837440759,0
303153,65,22617,0.5431996583938599,12967.981574065983,0
303154,65,22618,0.5382439494132996,12968.519818015397,0
303155,65,22619,0.5474129319190979,12969.067230947316,0
303156,65,22620,0.5426616072654724,12969.609892554581,0
303157,65,22621,0.5441100001335144,12970.154002554715,0
303158,65,22622,0.5405969023704529,12970.694599457085,0
303159,65,22623,0.5337530970573425,12971.228352554142,0
303160,65,22624,0.5290465950965881,12971.757399149239,0
303161,65,22625,0.5290751457214355,12972.28647429496,0
303162,65,22626,0.5458645820617676,12972.832338877022,0
303163,65,22627,0.5441272258758545,12973.376466102898,0
303164,65,22628,0.5325675010681152,12973.909033603966,0
303165,65,22629,0.5422013998031616,12974.45123500377,0
303166,65,22630,0.5422493815422058,12974.993484385312,0
303167,65,22631,0.5447800159454346,12975.538264401257,0
303168,65,22632,0.5406972169876099,12976.078961618245,0
303169,65,22633,0.5343767404556274,12976.6133383587,0
303170,65,22634,0.5439691543579102,12977.157307513058,0
303171,65,22635,0.5462990999221802,12977.70360661298,0
303172,65,22636,0.5419626235961914,12978.245569236577,0
303173,65,22637,0.5437704920768738,12978.789339728653,0
303174,65,22638,0.5404587388038635,12979.329798467457,0
303175,65,22639,0.5428301692008972,12979.872628636658,0
303176,65,22640,0.5399366617202759,12980.412565298378,0
303177,65,22641,0.5374619960784912,12980.950027294457,0
303178,65,22642,0.5361077189445496,12981.486135013402,0
303179,65,22643,0.5361930131912231,12982.022328026593,0
303180,65,22644,0.5405576229095459,12982.562885649502,0
303181,65,22645,0.5312936902046204,12983.094179339707,0
303182,65,22646,0.5343195796012878,12983.628498919308,0
303183,65,22647,0.528054416179657,12984.156553335488,0
303184,65,22648,0.5308454632759094,12984.687398798764,0
303185,65,22649,0.5355880856513977,12985.222986884415,0
303186,65,22650,0.5219554305076599,12985.744942314923,0
303187,65,22651,0.5251752138137817,12986.270117528737,0
303188,65,22652,0.5351410508155823,12986.805258579552,0
303189,65,22653,0.5226064324378967,12987.32786501199,0
303190,65,22654,0.5271619558334351,12987.855026967824,0
303191,65,22655,0.5213444232940674,12988.376371391118,0
303192,65,22656,0.5269091725349426,12988.903280563653,0
303193,65,22657,0.522511899471283,12989.425792463124,0
303194,65,22658,0.5247080326080322,12989.950500495732,0
303195,65,22659,0.5225893259048462,12990.473089821637,0
303196,65,22660,0.5300991535186768,12991.003188975155,0
303197,65,22661,0.5330705642700195,12991.536259539425,0
303198,65,22662,0.5362462997436523,12992.072505839169,0
303199,65,22663,0.5353292226791382,12992.607835061848,0
303200,65,22664,0.533926248550415,12993.141761310399,0
303201,65,22665,0.5323598980903625,12993.674121208489,0
303202,65,22666,0.5315202474594116,12994.205641455948,0
303203,65,22667,0.5311476588249207,12994.736789114773,0
303204,65,22668,0.5312329530715942,12995.268022067845,0
303205,65,22669,0.5168055891990662,12995.784827657044,0
303206,65,22670,0.5275858640670776,12996.312413521111,0
303207,65,22671,0.5319119095802307,12996.844325430691,0
303208,65,22672,0.534519612789154,12997.37884504348,0
303209,65,22673,0.5215669870376587,12997.900412030518,0
303210,65,22674,0.5261610150337219,12998.426573045552,0
303211,65,22675,0.5228021144866943,12998.949375160038,0
303212,65,22676,0.5252225399017334,12999.47459769994,0
303213,65,22677,0.5214048624038696,12999.996002562344,0
303214,65,22678,0.5225467681884766,13000.518549330533,0
303215,65,22679,0.5227975845336914,13001.041346915066,0
303216,65,22680,0.528701901435852,13001.570048816502,0
303217,65,22681,0.5190859436988831,13002.089134760201,0
303218,65,22682,0.5204343795776367,13002.609569139779,0
303219,65,22683,0.5273467302322388,13003.13691587001,0
303220,65,22684,0.5167828798294067,13003.65369874984,0
303221,65,22685,0.5207706689834595,13004.174469418824,0
303222,65,22686,0.5294197797775269,13004.703889198601,0
303223,65,22687,0.5179666876792908,13005.22185588628,0
303224,65,22688,0.5227398872375488,13005.744595773518,0
303225,65,22689,0.531894862651825,13006.27649063617,0
303226,65,22690,0.517991304397583,13006.794481940567,0
303227,65,22691,0.5188010334968567,13007.313282974064,0
303228,65,22692,0.5279760360717773,13007.841259010136,0
303229,65,22693,0.5197239518165588,13008.360982961953,0
303230,65,22694,0.5212968587875366,13008.88227982074,0
303231,65,22695,0.5284482836723328,13009.410728104413,0
303232,65,22696,0.5329702496528625,13009.943698354065,0
303233,65,22697,0.5207327008247375,13010.46443105489,0
303234,65,22698,0.5270458459854126,13010.991476900876,0
303235,65,22699,0.5243258476257324,13011.515802748501,0
303236,65,22700,0.5263158082962036,13012.042118556798,0
303237,65,22701,0.5307442545890808,13012.572862811387,0
303238,65,22702,0.5195451974868774,13013.092408008873,0
303239,65,22703,0.5221239328384399,13013.614531941712,0
303240,65,22704,0.5181180834770203,13014.132650025189,0
303241,65,22705,0.5182746052742004,13014.650924630463,0
303242,65,22706,0.5215814709663391,13015.17250610143,0
303243,65,22707,0.5109013915061951,13015.683407492936,0
303244,65,22708,0.5137312412261963,13016.197138734162,0
303245,65,22709,0.5204383134841919,13016.717577047646,0
303246,65,22710,0.5239315032958984,13017.241508550942,0
303247,65,22711,0.5240833759307861,13017.765591926873,0
303248,65,22712,0.5083121061325073,13018.273904033005,0
303249,65,22713,0.5122655034065247,13018.786169536412,0
303250,65,22714,0.5144743323326111,13019.300643868744,0
303251,65,22715,0.5134556889533997,13019.814099557698,0
303252,65,22716,0.5222237706184387,13020.336323328316,0
303253,65,22717,0.5274986028671265,13020.863821931183,0
303254,65,22718,0.5148109197616577,13021.378632850945,0
303255,65,22719,0.5199315547943115,13021.89856440574,0
303256,65,22720,0.5171819925308228,13022.41574639827,0
303257,65,22721,0.5225843787193298,13022.93833077699,0
303258,65,22722,0.5300522446632385,13023.468383021653,0
303259,65,22723,0.5187976956367493,13023.98718071729,0
303260,65,22724,0.5227410793304443,13024.50992179662,0
303261,65,22725,0.5324218273162842,13025.042343623936,0
303262,65,22726,0.519166886806488,13025.561510510743,0
303263,65,22727,0.52494877576828,13026.086459286511,0
303264,65,22728,0.5177873373031616,13026.604246623814,0
303265,65,22729,0.5186247825622559,13027.122871406376,0
303266,65,22730,0.5235719680786133,13027.646443374455,0
303267,65,22731,0.51205974817276,13028.158503122628,0
303268,65,22732,0.5181453824043274,13028.676648505032,0
303269,65,22733,0.5155292749404907,13029.192177779973,0
303270,65,22734,0.5176856517791748,13029.709863431752,0
303271,65,22735,0.5230501294136047,13030.232913561165,0
303272,65,22736,0.5148473381996155,13030.747760899365,0
303273,65,22737,0.5172765851020813,13031.265037484467,0
303274,65,22738,0.5120911598205566,13031.777128644288,0
303275,65,22739,0.5137836337089539,13032.290912277997,0
303276,65,22740,0.5070257186889648,13032.797937996686,0
303277,65,22741,0.5129356384277344,13033.310873635113,0
303278,65,22742,0.5074601173400879,13033.818333752453,0
303279,65,22743,0.5075387358665466,13034.32587248832,0
303280,65,22744,0.5036895275115967,13034.829562015831,0
303281,65,22745,0.5097053050994873,13035.339267320931,0
303282,65,22746,0.5168808102607727,13035.856148131192,0
303283,65,22747,0.520193874835968,13036.376342006028,0
303284,65,22748,0.5011686682701111,13036.877510674298,0
303285,65,22749,0.5083695650100708,13037.385880239308,0
303286,65,22750,0.513481080532074,13037.89936131984,0
303287,65,22751,0.5171381235122681,13038.416499443352,0
303288,65,22752,0.5168969035148621,13038.933396346867,0
303289,65,22753,0.5013604164123535,13039.43475676328,0
303290,65,22754,0.5096184015274048,13039.944375164807,0
303291,65,22755,0.5057361721992493,13040.450111337006,0
303292,65,22756,0.5063347220420837,13040.956446059048,0
303293,65,22757,0.5025334358215332,13041.45897949487,0
303294,65,22758,0.510998547077179,13041.969978041947,0
303295,65,22759,0.5189971327781677,13042.488975174725,0
303296,65,22760,0.5231126546859741,13043.012087829411,0
303297,65,22761,0.522964596748352,13043.53505242616,0
303298,65,22762,0.5222628712654114,13044.057315297425,0
303299,65,22763,0.506334662437439,13044.563649959862,0
303300,65,22764,0.5090218186378479,13045.0726717785,0
303301,65,22765,0.509030282497406,13045.581702060997,0
303302,65,22766,0.5118210315704346,13046.093523092568,0
303303,65,22767,0.51749187707901,13046.611014969647,0
303304,65,22768,0.5013140439987183,13047.112329013646,0
303305,65,22769,0.5057988166809082,13047.618127830327,0
303306,65,22770,0.4997314512729645,13048.1178592816,0
303307,65,22771,0.5065845251083374,13048.624443806708,0
303308,65,22772,0.4999416172504425,13049.124385423958,0
303309,65,22773,0.504976749420166,13049.629362173378,0
303310,65,22774,0.5096559524536133,13050.139018125832,0
303311,65,22775,0.5100281238555908,13050.649046249688,0
303312,65,22776,0.4925704896450043,13051.141616739333,0
303313,65,22777,0.4988710582256317,13051.640487797558,0
303314,65,22778,0.4910297989845276,13052.131517596543,0
303315,65,22779,0.4944159984588623,13052.625933595002,0
303316,65,22780,0.49889713525772095,13053.12483073026,0
303317,65,22781,0.5014722943305969,13053.62630302459,0
303318,65,22782,0.5010769367218018,13054.127379961312,0
303319,65,22783,0.4825640022754669,13054.609943963587,0
303320,65,22784,0.4893936216831207,13055.09933758527,0
303321,65,22785,0.48425278067588806,13055.583590365946,0
303322,65,22786,0.4926084876060486,13056.076198853552,0
303323,65,22787,0.5012140870094299,13056.577412940562,0
303324,65,22788,0.48787426948547363,13057.065287210047,0
303325,65,22789,0.49147525429725647,13057.556762464345,0
303326,65,22790,0.48751476407051086,13058.044277228415,0
303327,65,22791,0.48857614398002625,13058.532853372395,0
303328,65,22792,0.48565050959587097,13059.018503881991,0
303329,65,22793,0.49012598395347595,13059.508629865944,0
303330,65,22794,0.49647435545921326,13060.005104221404,0
303331,65,22795,0.497805118560791,13060.502909339964,0
303332,65,22796,0.47845396399497986,13060.98136330396,0
303333,65,22797,0.478051096200943,13061.45941440016,0
303334,65,22798,0.47883865237236023,13061.938253052533,0
303335,65,22799,0.48105886578559875,13062.419311918318,0
303336,65,22800,0.4826270639896393,13062.901938982308,0
303337,65,22801,0.4674057960510254,13063.369344778359,0
303338,65,22802,0.47167515754699707,13063.841019935906,0
303339,65,22803,0.46994274854660034,13064.310962684453,0
303340,65,22804,0.4690161347389221,13064.779978819191,0
303341,65,22805,0.46629810333251953,13065.246276922524,0
303342,65,22806,0.4632332921028137,13065.709510214627,0
303343,65,22807,0.46165692806243896,13066.17116714269,0
303344,65,22808,0.4660702049732208,13066.637237347662,0
303345,65,22809,0.45398610830307007,13067.091223455966,0
303346,65,22810,0.4542478621006012,13067.545471318066,0
303347,65,22811,0.4511418640613556,13067.996613182127,0
303348,65,22812,0.45161089301109314,13068.448224075139,0
303349,65,22813,0.45675787329673767,13068.904981948435,0
303350,65,22814,0.459034264087677,13069.364016212523,0
303351,65,22815,0.44491878151893616,13069.808934994042,0
303352,65,22816,0.449447900056839,13070.258382894099,0
303353,65,22817,0.4463515877723694,13070.704734481871,0
303354,65,22818,0.45062023401260376,13071.155354715884,0
303355,65,22819,0.4413715898990631,13071.596726305783,0
303356,65,22820,0.44321727752685547,13072.03994358331,0
303357,65,22821,0.4496708810329437,13072.489614464343,0
303358,65,22822,0.45095890760421753,13072.940573371947,0
303359,65,22823,0.45202940702438354,13073.392602778971,0
303360,65,22824,0.45021259784698486,13073.842815376818,0
303361,65,22825,0.448900043964386,13074.291715420783,0
303362,65,22826,0.4476604759693146,13074.739375896752,0
303363,65,22827,0.4467170238494873,13075.186092920601,0
303364,65,22828,0.4461521506309509,13075.632245071232,0
303365,65,22829,0.4308335483074188,13076.06307861954,0
303366,65,22830,0.43580126762390137,13076.498879887164,0
303367,65,22831,0.451011061668396,13076.949890948832,0
303368,65,22832,0.4386865496635437,13077.388577498496,0
303369,65,22833,0.4410662055015564,13077.829643703997,0
303370,65,22834,0.43851613998413086,13078.268159843981,0
303371,65,22835,0.44325339794158936,13078.711413241923,0
303372,65,22836,0.43245837092399597,13079.143871612847,0
303373,65,22837,0.43769291043281555,13079.58156452328,0
303374,65,22838,0.4332188069820404,13080.014783330262,0
303375,65,22839,0.43501830101013184,13080.449801631272,0
303376,65,22840,0.4427049160003662,13080.892506547272,0
303377,65,22841,0.44897761940956116,13081.341484166682,0
303378,65,22842,0.4346134662628174,13081.776097632945,0
303379,65,22843,0.44225820899009705,13082.218355841935,0
303380,65,22844,0.4489917755126953,13082.667347617447,0
303381,65,22845,0.4386795461177826,13083.106027163565,0
303382,65,22846,0.44523611664772034,13083.551263280213,0
303383,65,22847,0.43977317214012146,13083.991036452353,0
303384,65,22848,0.4437578618526459,13084.434794314206,0
303385,65,22849,0.4510321319103241,13084.885826446116,0
303386,65,22850,0.4535556137561798,13085.339382059872,0
303387,65,22851,0.4379956126213074,13085.777377672493,0
303388,65,22852,0.4399779736995697,13086.217355646193,0
303389,65,22853,0.4356669783592224,13086.653022624552,0
303390,65,22854,0.43791717290878296,13087.090939797461,0
303391,65,22855,0.43686556816101074,13087.527805365622,0
303392,65,22856,0.43751031160354614,13087.965315677226,0
303393,65,22857,0.43859007954597473,13088.403905756772,0
303394,65,22858,0.44639092683792114,13088.85029668361,0
303395,65,22859,0.45163533091545105,13089.301932014525,0
303396,65,22860,0.4525352418422699,13089.754467256367,0
303397,65,22861,0.4530925452709198,13090.207559801638,0
303398,65,22862,0.43639421463012695,13090.643954016268,0
303399,65,22863,0.4430393874645233,13091.086993403733,0
303400,65,22864,0.4389403462409973,13091.525933749974,0
303401,65,22865,0.4465740919113159,13091.972507841885,0
303402,65,22866,0.4421054720878601,13092.414613313973,0
303403,65,22867,0.4452835023403168,13092.859896816313,0
303404,65,22868,0.45324018597602844,13093.31313700229,0
303405,65,22869,0.4385545551776886,13093.751691557467,0
303406,65,22870,0.4423775374889374,13094.194069094956,0
303407,65,22871,0.43756723403930664,13094.631636328995,0
303408,65,22872,0.4457959532737732,13095.077432282269,0
303409,65,22873,0.4391651451587677,13095.516597427428,0
303410,65,22874,0.438014954328537,13095.954612381756,0
303411,65,22875,0.4419131577014923,13096.396525539458,0
303412,65,22876,0.43374741077423096,13096.830272950232,0
303413,65,22877,0.44031020998954773,13097.270583160222,0
303414,65,22878,0.43535906076431274,13097.705942220986,0
303415,65,22879,0.43938565254211426,13098.145327873528,0
303416,65,22880,0.4436311721801758,13098.588959045708,0
303417,65,22881,0.4325238764286041,13099.021482922137,0
303418,65,22882,0.43825989961624146,13099.459742821753,0
303419,65,22883,0.4344683289527893,13099.894211150706,0
303420,65,22884,0.44262808561325073,13100.336839236319,0
303421,65,22885,0.4348118305206299,13100.77165106684,0
303422,65,22886,0.44018957018852234,13101.211840637028,0
303423,65,22887,0.43235164880752563,13101.644192285836,0
303424,65,22888,0.4321700930595398,13102.076362378895,0
303425,65,22889,0.4293964207172394,13102.505758799613,0
303426,65,22890,0.436871200799942,13102.942630000412,0
303427,65,22891,0.44366902112960815,13103.386299021542,0
303428,65,22892,0.4489426016807556,13103.835241623223,0
303429,65,22893,0.45032280683517456,13104.285564430058,0
303430,65,22894,0.4505437910556793,13104.736108221114,0
303431,65,22895,0.43502917885780334,13105.171137399971,0
303432,65,22896,0.4383615255355835,13105.609498925507,0
303433,65,22897,0.4377731382846832,13106.047272063792,0
303434,65,22898,0.4369827210903168,13106.484254784882,0
303435,65,22899,0.44571200013160706,13106.929966785014,0
303436,65,22900,0.4497283399105072,13107.379695124924,0
303437,65,22901,0.43286803364753723,13107.812563158572,0
303438,65,22902,0.4396944046020508,13108.252257563174,0
303439,65,22903,0.44427651166915894,13108.696534074843,0
303440,65,22904,0.44761109352111816,13109.144145168364,0
303441,65,22905,0.4470258951187134,13109.591171063483,0
303442,65,22906,0.4310653805732727,13110.022236444056,0
303443,65,22907,0.43382418155670166,13110.456060625613,0
303444,65,22908,0.4353199601173401,13110.89138058573,0
303445,65,22909,0.4377581775188446,13111.329138763249,0
303446,65,22910,0.4432307481765747,13111.772369511425,0
303447,65,22911,0.4346809685230255,13112.207050479949,0
303448,65,22912,0.4369980990886688,13112.644048579037,0
303449,65,22913,0.4424426853656769,13113.086491264403,0
303450,65,22914,0.4477899372577667,13113.53428120166,0
303451,65,22915,0.4475683867931366,13113.981849588454,0
303452,65,22916,0.42914626002311707,13114.410995848477,0
303453,65,22917,0.4373057186603546,13114.848301567137,0
303454,65,22918,0.4420831799507141,13115.290384747088,0
303455,65,22919,0.44589924812316895,13115.736283995211,0
303456,65,22920,0.43195271492004395,13116.168236710131,0
303457,65,22921,0.43729013204574585,13116.605526842177,0
303458,65,22922,0.4375928044319153,13117.043119646609,0
303459,65,22923,0.4398500621318817,13117.48296970874,0
303460,65,22924,0.44628196954727173,13117.929251678288,0
303461,65,22925,0.4305073618888855,13118.359759040177,0
303462,65,22926,0.43256261944770813,13118.792321659625,0
303463,65,22927,0.4295005798339844,13119.221822239459,0
303464,65,22928,0.43530112504959106,13119.657123364508,0
303465,65,22929,0.4257424771785736,13120.082865841687,0
303466,65,22930,0.4296288788318634,13120.512494720519,0
303467,65,22931,0.4385688602924347,13120.951063580811,0
303468,65,22932,0.4413505792617798,13121.392414160073,0
303469,65,22933,0.44320765137672424,13121.83562181145,0
303470,65,22934,0.42744365334510803,13122.263065464795,0
303471,65,22935,0.43148937821388245,13122.694554843009,0
303472,65,22936,0.43966323137283325,13123.134218074381,0
303473,65,22937,0.42285123467445374,13123.557069309056,0
303474,65,22938,0.427511990070343,13123.984581299126,0
303475,65,22939,0.43307235836982727,13124.417653657496,0
303476,65,22940,0.43700480461120605,13124.854658462107,0
303477,65,22941,0.42083296179771423,13125.275491423905,0
303478,65,22942,0.42512014508247375,13125.700611568987,0
303479,65,22943,0.43343931436538696,13126.134050883353,0
303480,65,22944,0.4379776120185852,13126.572028495371,0
303481,65,22945,0.42041388154029846,13126.992442376912,0
303482,65,22946,0.42461657524108887,13127.417058952153,0
303483,65,22947,0.4224901497364044,13127.83954910189,0
303484,65,22948,0.4258071780204773,13128.26535627991,0
303485,65,22949,0.4230812191963196,13128.688437499106,0
303486,65,22950,0.42714840173721313,13129.115585900843,0
303487,65,22951,0.4182344675064087,13129.53382036835,0
303488,65,22952,0.42102211713790894,13129.954842485487,0
303489,65,22953,0.4269566535949707,13130.381799139082,0
303490,65,22954,0.4165574312210083,13130.798356570303,0
303491,65,22955,0.41621896624565125,13131.21457553655,0
303492,65,22956,0.42268165946006775,13131.63725719601,0
303493,65,22957,0.4285981357097626,13132.065855331719,0
303494,65,22958,0.42994603514671326,13132.495801366866,0
303495,65,22959,0.41522395610809326,13132.911025322974,0
303496,65,22960,0.42067664861679077,13133.33170197159,0
303497,65,22961,0.43120425939559937,13133.762906230986,0
303498,65,22962,0.4143996238708496,13134.177305854857,0
303499,65,22963,0.4160304665565491,13134.593336321414,0
303500,65,22964,0.4153047800064087,13135.00864110142,0
303501,65,22965,0.4222473204135895,13135.430888421834,0
303502,65,22966,0.41420817375183105,13135.845096595585,0
303503,65,22967,0.42004111409187317,13136.265137709677,0
303504,65,22968,0.4281444251537323,13136.693282134831,0
303505,65,22969,0.43215858936309814,13137.125440724194,0
303506,65,22970,0.41499704122543335,13137.54043776542,0
303507,65,22971,0.41980862617492676,13137.960246391594,0
303508,65,22972,0.4170498847961426,13138.37729627639,0
303509,65,22973,0.4193151295185089,13138.796611405909,0
303510,65,22974,0.41631805896759033,13139.212929464877,0
303511,65,22975,0.41397643089294434,13139.62690589577,0
303512,65,22976,0.42064937949180603,13140.047555275261,0
303513,65,22977,0.42811694741249084,13140.475672222674,0
303514,65,22978,0.4329465329647064,13140.908618755639,0
303515,65,22979,0.4350273013114929,13141.34364605695,0
303516,65,22980,0.43453559279441833,13141.778181649745,0
303517,65,22981,0.4340316355228424,13142.212213285267,0
303518,65,22982,0.4180510938167572,13142.630264379084,0
303519,65,22983,0.421992689371109,13143.052257068455,0
303520,65,22984,0.4212873578071594,13143.473544426262,0
303521,65,22985,0.42349451780319214,13143.897038944066,0
303522,65,22986,0.42895352840423584,13144.32599247247,0
303523,65,22987,0.4177686870098114,13144.74376115948,0
303524,65,22988,0.41895049810409546,13145.162711657584,0
303525,65,22989,0.4239644706249237,13145.586676128209,0
303526,65,22990,0.4259617328643799,13146.012637861073,0
303527,65,22991,0.42888757586479187,13146.441525436938,0
303528,65,22992,0.4131949841976166,13146.854720421135,0
303529,65,22993,0.41811230778694153,13147.272832728922,0
303530,65,22994,0.4299265146255493,13147.702759243548,0
303531,65,22995,0.43341290950775146,13148.136172153056,0
303532,65,22996,0.41132792830467224,13148.54750008136,0
303533,65,22997,0.4175518751144409,13148.965051956475,0
303534,65,22998,0.40757080912590027,13149.3726227656,0
303535,65,22999,0.4116860032081604,13149.784308768809,0
303536,65,23000,0.42120876908302307,13150.205517537892,0
303537,65,23001,0.426212877035141,13150.631730414927,0
303538,65,23002,0.40813010931015015,13151.039860524237,0
303539,65,23003,0.41311177611351013,13151.45297230035,0
303540,65,23004,0.4088052213191986,13151.86177752167,0
303541,65,23005,0.4168977737426758,13152.278675295413,0
303542,65,23006,0.42557141184806824,13152.70424670726,0
303543,65,23007,0.426089346408844,13153.13033605367,0
303544,65,23008,0.4255606532096863,13153.55589670688,0
303545,65,23009,0.42292559146881104,13153.978822298348,0
303546,65,23010,0.42082831263542175,13154.399650610983,0
303547,65,23011,0.41878992319107056,13154.818440534174,0
303548,65,23012,0.4019230306148529,13155.22036356479,0
303549,65,23013,0.40621232986450195,13155.626575894654,0
303550,65,23014,0.42090746760368347,13156.047483362257,0
303551,65,23015,0.4072062373161316,13156.454689599574,0
303552,65,23016,0.4080137014389038,13156.862703301013,0
303553,65,23017,0.4045742452144623,13157.267277546227,0
303554,65,23018,0.40721410512924194,13157.674491651356,0
303555,65,23019,0.41466742753982544,13158.089159078896,0
303556,65,23020,0.4039574861526489,13158.493116565049,0
303557,65,23021,0.40911540389060974,13158.90223196894,0
303558,65,23022,0.4023430347442627,13159.304575003684,0
303559,65,23023,0.4102049171924591,13159.714779920876,0
303560,65,23024,0.4045206606388092,13160.119300581515,0
303561,65,23025,0.4052142798900604,13160.524514861405,0
303562,65,23026,0.41189831495285034,13160.936413176358,0
303563,65,23027,0.4172489643096924,13161.353662140667,0
303564,65,23028,0.4196605086326599,13161.7733226493,0
303565,65,23029,0.4041326344013214,13162.177455283701,0
303566,65,23030,0.4076695442199707,13162.585124827921,0
303567,65,23031,0.41338634490966797,13162.998511172831,0
303568,65,23032,0.41535747051239014,13163.413868643343,0
303569,65,23033,0.41770994663238525,13163.831578589976,0
303570,65,23034,0.41843149065971375,13164.250010080636,0
303571,65,23035,0.4028497338294983,13164.652859814465,0
303572,65,23036,0.4070827066898346,13165.059942521155,0
303573,65,23037,0.4021819829940796,13165.462124504149,0
303574,65,23038,0.4045974016189575,13165.866721905768,0
303575,65,23039,0.40753060579299927,13166.274252511561,0
303576,65,23040,0.39717745780944824,13166.67142996937,0
303577,65,23041,0.4006032645702362,13167.07203323394,0
303578,65,23042,0.39230260252952576,13167.46433583647,0
303579,65,23043,0.3959655165672302,13167.860301353037,0
303580,65,23044,0.402851402759552,13168.263152755797,0
303581,65,23045,0.4055468738079071,13168.668699629605,0
303582,65,23046,0.40739256143569946,13169.07609219104,0
303583,65,23047,0.38845810294151306,13169.464550293982,0
303584,65,23048,0.39206331968307495,13169.856613613665,0
303585,65,23049,0.3937777280807495,13170.250391341746,0
303586,65,23050,0.3957083225250244,13170.64609966427,0
303587,65,23051,0.393389493227005,13171.039489157498,0
303588,65,23052,0.3959212303161621,13171.435410387814,0
303589,65,23053,0.38411661982536316,13171.81952700764,0
303590,65,23054,0.38884249329566956,13172.208369500935,0
303591,65,23055,0.3820321261882782,13172.590401627123,0
303592,65,23056,0.3850625157356262,13172.975464142859,0
303593,65,23057,0.3905637860298157,13173.366027928889,0
303594,65,23058,0.37788867950439453,13173.743916608393,0
303595,65,23059,0.38354623317718506,13174.12746284157,0
303596,65,23060,0.3812386393547058,13174.508701480925,0
303597,65,23061,0.38125893473625183,13174.889960415661,0
303598,65,23062,0.38091936707496643,13175.270879782736,0
303599,65,23063,0.38868454098701477,13175.659564323723,0
303600,65,23064,0.37664833664894104,13176.036212660372,0
303601,65,23065,0.3774198293685913,13176.41363248974,0
303602,65,23066,0.3731807470321655,13176.786813236773,0
303603,65,23067,0.3804923892021179,13177.167305625975,0
303604,65,23068,0.37124302983283997,13177.538548655808,0
303605,65,23069,0.3778693974018097,13177.91641805321,0
303606,65,23070,0.3862059712409973,13178.30262402445,0
303607,65,23071,0.389009952545166,13178.691633976996,0
303608,65,23072,0.3713597357273102,13179.062993712723,0
303609,65,23073,0.37339863181114197,13179.436392344534,0
303610,65,23074,0.3851949870586395,13179.821587331593,0
303611,65,23075,0.37602517008781433,13180.19761250168,0
303612,65,23076,0.37775203585624695,13180.575364537537,0
303613,65,23077,0.3727899491786957,13180.948154486716,0
303614,65,23078,0.381186306476593,13181.329340793192,0
303615,65,23079,0.3892809748649597,13181.718621768057,0
303616,65,23080,0.39020442962646484,13182.108826197684,0
303617,65,23081,0.37213391065597534,13182.48096010834,0
303618,65,23082,0.37806999683380127,13182.859030105174,0
303619,65,23083,0.37192583084106445,13183.230955936015,0
303620,65,23084,0.3773095905780792,13183.608265526593,0
303621,65,23085,0.38347500562667847,13183.99174053222,0
303622,65,23086,0.38967880606651306,13184.381419338286,0
303623,65,23087,0.37304598093032837,13184.754465319216,0
303624,65,23088,0.3738259971141815,13185.12829131633,0
303625,65,23089,0.36740055680274963,13185.495691873133,0
303626,65,23090,0.37261638045310974,13185.868308253586,0
303627,65,23091,0.3798474967479706,13186.248155750334,0
303628,65,23092,0.36702826619148254,13186.615184016526,0
303629,65,23093,0.3735571503639221,13186.98874116689,0
303630,65,23094,0.3832208514213562,13187.371962018311,0
303631,65,23095,0.3690936267375946,13187.741055645049,0
303632,65,23096,0.37513795495033264,13188.116193599999,0
303633,65,23097,0.3695420026779175,13188.485735602677,0
303634,65,23098,0.37356746196746826,13188.859303064644,0
303635,65,23099,0.3673803210258484,13189.22668338567,0
303636,65,23100,0.3687014579772949,13189.595384843647,0
303637,65,23101,0.3675452470779419,13189.962930090725,0
303638,65,23102,0.3689741790294647,13190.331904269755,0
303639,65,23103,0.3633532226085663,13190.695257492363,0
303640,65,23104,0.3706086277961731,13191.06586612016,0
303641,65,23105,0.3599439561367035,13191.425810076296,0
303642,65,23106,0.36297667026519775,13191.788786746562,0
303643,65,23107,0.3696623742580414,13192.15844912082,0
303644,65,23108,0.35931316018104553,13192.517762281,0
303645,65,23109,0.36606064438819885,13192.883822925389,0
303646,65,23110,0.37497881054878235,13193.258801735938,0
303647,65,23111,0.3575282692909241,13193.616330005229,0
303648,65,23112,0.3598670959472656,13193.976197101176,0
303649,65,23113,0.3513292074203491,13194.327526308596,0
303650,65,23114,0.35424140095710754,13194.681767709553,0
303651,65,23115,0.3633825182914734,13195.045150227845,0
303652,65,23116,0.3506915867328644,13195.395841814578,0
303653,65,23117,0.3553711473941803,13195.751212961972,0
303654,65,23118,0.34709569811820984,13196.09830866009,0
303655,65,23119,0.3482793867588043,13196.446588046849,0
303656,65,23120,0.35592031478881836,13196.802508361638,0
303657,65,23121,0.36114221811294556,13197.16365057975,0
303658,65,23122,0.342192679643631,13197.505843259394,0
303659,65,23123,0.34599727392196655,13197.851840533316,0
303660,65,23124,0.3413315415382385,13198.193172074854,0
303661,65,23125,0.3425990343093872,13198.535771109164,0
303662,65,23126,0.33819836378097534,13198.873969472945,0
303663,65,23127,0.341672420501709,13199.215641893446,0
303664,65,23128,0.3325926661491394,13199.548234559596,0
303665,65,23129,0.33364248275756836,13199.881877042353,0
303666,65,23130,0.336520791053772,13200.218397833407,0
303667,65,23131,0.3221765458583832,13200.540574379265,0
303668,65,23132,0.3258974850177765,13200.866471864283,0
303669,65,23133,0.3291665315628052,13201.195638395846,0
303670,65,23134,0.3317743241786957,13201.527412720025,0
303671,65,23135,0.31422337889671326,13201.841636098921,0
303672,65,23136,0.32145509123802185,13202.16309119016,0
303673,65,23137,0.3166409134864807,13202.479732103646,0
303674,65,23138,0.3203734755516052,13202.800105579197,0
303675,65,23139,0.326990008354187,13203.127095587552,0
303676,65,23140,0.31340187788009644,13203.440497465432,0
303677,65,23141,0.31722521781921387,13203.75772268325,0
303678,65,23142,0.32314959168434143,13204.080872274935,0
303679,65,23143,0.31057292222976685,13204.391445197165,0
303680,65,23144,0.3159565031528473,13204.707401700318,0
303681,65,23145,0.32554367184638977,13205.032945372164,0
303682,65,23146,0.31164711713790894,13205.344592489302,0
303683,65,23147,0.3176444470882416,13205.66223693639,0
303684,65,23148,0.3205927014350891,13205.982829637825,0
303685,65,23149,0.30795425176620483,13206.290783889592,0
303686,65,23150,0.3122289180755615,13206.603012807667,0
303687,65,23151,0.32036229968070984,13206.923375107348,0
303688,65,23152,0.3100179433822632,13207.23339305073,0
303689,65,23153,0.31403806805610657,13207.547431118786,0
303690,65,23154,0.30781710147857666,13207.855248220265,0
303691,65,23155,0.31400972604751587,13208.169257946312,0
303692,65,23156,0.3225128650665283,13208.491770811379,0
303693,65,23157,0.3263097405433655,13208.818080551922,0
303694,65,23158,0.30783990025520325,13209.125920452178,0
303695,65,23159,0.3106883764266968,13209.436608828604,0
303696,65,23160,0.3227182924747467,13209.759327121079,0
303697,65,23161,0.31437981128692627,13210.073706932366,0
303698,65,23162,0.3198818564414978,13210.393588788807,0
303699,65,23163,0.31513240933418274,13210.708721198142,0
303700,65,23164,0.31754404306411743,13211.026265241206,0
303701,65,23165,0.31372448801994324,13211.339989729226,0
303702,65,23166,0.31586799025535583,13211.655857719481,0
303703,65,23167,0.31581634283065796,13211.971674062312,0
303704,65,23168,0.31973421573638916,13212.291408278048,0
303705,65,23169,0.32729461789131165,13212.61870289594,0
303706,65,23170,0.3288283050060272,13212.947531200945,0
303707,65,23171,0.30958113074302673,13213.257112331688,0
303708,65,23172,0.31763559579849243,13213.574747927487,0
303709,65,23173,0.31024235486984253,13213.884990282357,0
303710,65,23174,0.319227933883667,13214.20421821624,0
303711,65,23175,0.31050318479537964,13214.514721401036,0
303712,65,23176,0.31188422441482544,13214.82660562545,0
303713,65,23177,0.3058333396911621,13215.132438965142,0
303714,65,23178,0.3098389804363251,13215.442277945578,0
303715,65,23179,0.30670401453971863,13215.748981960118,0
303716,65,23180,0.30908966064453125,13216.058071620762,0
303717,65,23181,0.31646817922592163,13216.374539799988,0
303718,65,23182,0.3036446273326874,13216.678184427321,0
303719,65,23183,0.30826348066329956,13216.986447907984,0
303720,65,23184,0.304278165102005,13217.290726073086,0
303721,65,23185,0.31077858805656433,13217.601504661143,0
303722,65,23186,0.3182951509952545,13217.919799812138,0
303723,65,23187,0.32232627272605896,13218.242126084864,0
303724,65,23188,0.3047636151313782,13218.546889699996,0
303725,65,23189,0.30560141801834106,13218.852491118014,0
303726,65,23190,0.31294316053390503,13219.165434278548,0
303727,65,23191,0.3209688663482666,13219.486403144896,0
303728,65,23192,0.32452481985092163,13219.810927964747,0
303729,65,23193,0.30740413069725037,13220.118332095444,0
303730,65,23194,0.31082597374916077,13220.429158069193,0
303731,65,23195,0.30682334303855896,13220.735981412232,0
303732,65,23196,0.30762314796447754,13221.043604560196,0
303733,65,23197,0.3066493272781372,13221.350253887475,0
303734,65,23198,0.31561920046806335,13221.665873087943,0
303735,65,23199,0.31937259435653687,13221.9852456823,0
303736,65,23200,0.30260005593299866,13222.287845738232,0
303737,65,23201,0.3026885390281677,13222.59053427726,0
303738,65,23202,0.3133601248264313,13222.903894402087,0
303739,65,23203,0.3018275797367096,13223.205721981823,0
303740,65,23204,0.3051999509334564,13223.510921932757,0
303741,65,23205,0.3021915853023529,13223.81311351806,0
303742,65,23206,0.3101409375667572,13224.123254455626,0
303743,65,23207,0.3008987307548523,13224.42415318638,0
303744,65,23208,0.3052830100059509,13224.729436196387,0
303745,65,23209,0.30862656235694885,13225.038062758744,0
303746,65,23210,0.31356751918792725,13225.351630277932,0
303747,65,23211,0.31438907980918884,13225.66601935774,0
303748,65,23212,0.3131764233112335,13225.979195781052,0
303749,65,23213,0.31178247928619385,13226.290978260338,0
303750,65,23214,0.31073811650276184,13226.601716376841,0
303751,65,23215,0.2938145697116852,13226.895530946553,0
303752,65,23216,0.2969145178794861,13227.192445464432,0
303753,65,23217,0.3089817464351654,13227.501427210867,0
303754,65,23218,0.29452794790267944,13227.79595515877,0
303755,65,23219,0.29955264925956726,13228.09550780803,0
303756,65,23220,0.3066568076610565,13228.40216461569,0
303757,65,23221,0.31189417839050293,13228.714058794081,0
303758,65,23222,0.31426185369491577,13229.028320647776,0
303759,65,23223,0.3148903250694275,13229.343210972846,0
303760,65,23224,0.31362849473953247,13229.656839467585,0
303761,65,23225,0.3127450942993164,13229.969584561884,0
303762,65,23226,0.3114663064479828,13230.281050868332,0
303763,65,23227,0.3104420006275177,13230.59149286896,0
303764,65,23228,0.29492273926734924,13230.886415608227,0
303765,65,23229,0.2980770468711853,13231.184492655098,0
303766,65,23230,0.3100627362728119,13231.494555391371,0
303767,65,23231,0.3196612596511841,13231.814216651022,0
303768,65,23232,0.29943928122520447,13232.113655932248,0
303769,65,23233,0.30514052510261536,13232.41879645735,0
303770,65,23234,0.2968370318412781,13232.715633489192,0
303771,65,23235,0.2985387444496155,13233.014172233641,0
303772,65,23236,0.30312395095825195,13233.3172961846,0
303773,65,23237,0.30676019191741943,13233.624056376517,0
303774,65,23238,0.30898532271385193,13233.93304169923,0
303775,65,23239,0.30909544229507446,13234.242137141526,0
303776,65,23240,0.30825886130332947,13234.550396002829,0
303777,65,23241,0.2907736003398895,13234.841169603169,0
303778,65,23242,0.3003830015659332,13235.141552604735,0
303779,65,23243,0.29359662532806396,13235.435149230063,0
303780,65,23244,0.2964302897453308,13235.731579519808,0
303781,65,23245,0.292324036359787,13236.023903556168,0
303782,65,23246,0.289415180683136,13236.313318736851,0
303783,65,23247,0.2946850061416626,13236.608003742993,0
303784,65,23248,0.285301148891449,13236.893304891884,0
303785,65,23249,0.29031115770339966,13237.183616049588,0
303786,65,23250,0.2972792088985443,13237.480895258486,0
303787,65,23251,0.299416184425354,13237.780311442912,0
303788,65,23252,0.28089892864227295,13238.061210371554,0
303789,65,23253,0.28599676489830017,13238.347207136452,0
303790,65,23254,0.28108352422714233,13238.62829066068,0
303791,65,23255,0.28542715311050415,13238.91371781379,0
303792,65,23256,0.29230380058288574,13239.206021614373,0
303793,65,23257,0.28066837787628174,13239.486689992249,0
303794,65,23258,0.283841609954834,13239.770531602204,0
303795,65,23259,0.2812111973762512,13240.05174279958,0
303796,65,23260,0.28777438402175903,13240.339517183602,0
303797,65,23261,0.2932577133178711,13240.63277489692,0
303798,65,23262,0.27725741267204285,13240.910032309592,0
303799,65,23263,0.2801169753074646,13241.1901492849,0
303800,65,23264,0.2905205488204956,13241.48066983372,0
303801,65,23265,0.27720075845718384,13241.757870592177,0
303802,65,23266,0.2829154431819916,13242.040786035359,0
303803,65,23267,0.27553507685661316,13242.316321112216,0
303804,65,23268,0.2782233655452728,13242.59454447776,0
303805,65,23269,0.28621822595596313,13242.880762703717,0
303806,65,23270,0.28865715861320496,13243.16941986233,0
303807,65,23271,0.2702847123146057,13243.439704574645,0
303808,65,23272,0.27425268292427063,13243.713957257569,0
303809,65,23273,0.2688082754611969,13243.98276553303,0
303810,65,23274,0.2772112488746643,13244.259976781905,0
303811,65,23275,0.28610092401504517,13244.54607770592,0
303812,65,23276,0.2880890369415283,13244.834166742861,0
303813,65,23277,0.272343248128891,13245.10650999099,0
303814,65,23278,0.27844899892807007,13245.384958989918,0
303815,65,23279,0.27533552050590515,13245.660294510424,0
303816,65,23280,0.2812463939189911,13245.941540904343,0
303817,65,23281,0.2726282775402069,13246.214169181883,0
303818,65,23282,0.2738306522369385,13246.48799983412,0
303819,65,23283,0.2772926986217499,13246.765292532742,0
303820,65,23284,0.264599084854126,13247.029891617596,0
303821,65,23285,0.2696267366409302,13247.299518354237,0
303822,65,23286,0.2664739489555359,13247.565992303193,0
303823,65,23287,0.2731705605983734,13247.839162863791,0
303824,65,23288,0.2805814743041992,13248.119744338095,0
303825,65,23289,0.28451672196388245,13248.404261060059,0
303826,65,23290,0.26579225063323975,13248.670053310692,0
303827,65,23291,0.2720301151275635,13248.94208342582,0
303828,65,23292,0.2769640386104584,13249.21904746443,0
303829,65,23293,0.27799826860427856,13249.497045733035,0
303830,65,23294,0.2607434093952179,13249.75778914243,0
303831,65,23295,0.2686041593551636,13250.026393301785,0
303832,65,23296,0.2642817795276642,13250.290675081313,0
303833,65,23297,0.26997169852256775,13250.560646779835,0
303834,65,23298,0.27988260984420776,13250.84052938968,0
303835,65,23299,0.2632576823234558,13251.103787072003,0
303836,65,23300,0.26579606533050537,13251.369583137333,0
303837,65,23301,0.26130667328834534,13251.630889810622,0
303838,65,23302,0.2678384780883789,13251.89872828871,0
303839,65,23303,0.27350175380706787,13252.172230042517,0
303840,65,23304,0.2572091221809387,13252.429439164698,0
303841,65,23305,0.25750046968460083,13252.686939634383,0
303842,65,23306,0.2676389813423157,13252.954578615725,0
303843,65,23307,0.2752980589866638,13253.229876674712,0
303844,65,23308,0.26002874970436096,13253.489905424416,0
303845,65,23309,0.2638385593891144,13253.753743983805,0
303846,65,23310,0.2592352628707886,13254.012979246676,0
303847,65,23311,0.262301504611969,13254.275280751288,0
303848,65,23312,0.2572605609893799,13254.532541312277,0
303849,65,23313,0.25955599546432495,13254.792097307742,0
303850,65,23314,0.2670210897922516,13255.059118397534,0
303851,65,23315,0.252777636051178,13255.311896033585,0
303852,65,23316,0.2578195631504059,13255.569715596735,0
303853,65,23317,0.25348079204559326,13255.823196388781,0
303854,65,23318,0.259431928396225,13256.082628317177,0
303855,65,23319,0.2504003047943115,13256.333028621972,0
303856,65,23320,0.25306546688079834,13256.586094088852,0
303857,65,23321,0.2560957670211792,13256.842189855874,0
303858,65,23322,0.24621842801570892,13257.08840828389,0
303859,65,23323,0.24970278143882751,13257.338111065328,0
303860,65,23324,0.24401915073394775,13257.582130216062,0
303861,65,23325,0.24695752561092377,13257.829087741673,0
303862,65,23326,0.24122466146945953,13258.070312403142,0
303863,65,23327,0.24826976656913757,13258.318582169712,0
303864,65,23328,0.23677633702754974,13258.55535850674,0
303865,65,23329,0.2409014254808426,13258.79625993222,0
303866,65,23330,0.2481556236743927,13259.044415555894,0
303867,65,23331,0.25335437059402466,13259.297769926488,0
303868,65,23332,0.2544482350349426,13259.552218161523,0
303869,65,23333,0.23663979768753052,13259.78885795921,0
303870,65,23334,0.24043582379817963,13260.029293783009,0
303871,65,23335,0.2523479461669922,13260.281641729176,0
303872,65,23336,0.2388918399810791,13260.520533569157,0
303873,65,23337,0.24128244817256927,13260.76181601733,0
303874,65,23338,0.23657874763011932,13260.99839476496,0
303875,65,23339,0.23590171337127686,13261.234296478331,0
303876,65,23340,0.23990923166275024,13261.474205709994,0
303877,65,23341,0.24605855345726013,13261.720264263451,0
303878,65,23342,0.23361214995384216,13261.953876413405,0
303879,65,23343,0.2383602112531662,13262.192236624658,0
303880,65,23344,0.23477055132389069,13262.427007175982,0
303881,65,23345,0.2356126606464386,13262.662619836628,0
303882,65,23346,0.24294938147068024,13262.9055692181,0
303883,65,23347,0.2484760731458664,13263.154045291245,0
303884,65,23348,0.23433025181293488,13263.388375543058,0
303885,65,23349,0.23997697234153748,13263.6283525154,0
303886,65,23350,0.24293042719364166,13263.871282942593,0
303887,65,23351,0.24472172558307648,13264.116004668176,0
303888,65,23352,0.23242199420928955,13264.348426662385,0
303889,65,23353,0.23870615661144257,13264.587132818997,0
303890,65,23354,0.23668579757213593,13264.823818616569,0
303891,65,23355,0.2469751238822937,13265.070793740451,0
303892,65,23356,0.23440004885196686,13265.305193789303,0
303893,65,23357,0.2388104349374771,13265.54400422424,0
303894,65,23358,0.24391497671604156,13265.787919200957,0
303895,65,23359,0.23122021555900574,13266.019139416516,0
303896,65,23360,0.23424272239208221,13266.253382138908,0
303897,65,23361,0.24456176161766052,13266.497943900526,0
303898,65,23362,0.23049215972423553,13266.72843606025,0
303899,65,23363,0.23646074533462524,13266.964896805584,0
303900,65,23364,0.23099546134471893,13267.19589226693,0
303901,65,23365,0.23555722832679749,13267.431449495256,0
303902,65,23366,0.22929811477661133,13267.660747610033,0
303903,65,23367,0.23208963871002197,13267.892837248743,0
303904,65,23368,0.2397315502166748,13268.13256879896,0
303905,65,23369,0.22654899954795837,13268.359117798507,0
303906,65,23370,0.22978071868419647,13268.588898517191,0
303907,65,23371,0.23712241649627686,13268.826020933688,0
303908,65,23372,0.22568055987358093,13269.051701493561,0
303909,65,23373,0.22874701023101807,13269.280448503792,0
303910,65,23374,0.2210690677165985,13269.501517571509,0
303911,65,23375,0.22124159336090088,13269.72275916487,0
303912,65,23376,0.21977798640727997,13269.942537151277,0
303913,65,23377,0.21965375542640686,13270.162190906703,0
303914,65,23378,0.21865017712116241,13270.380841083825,0
303915,65,23379,0.22633308172225952,13270.607174165547,0
303916,65,23380,0.21753773093223572,13270.82471189648,0
303917,65,23381,0.22483940422534943,13271.049551300704,0
303918,65,23382,0.2185027003288269,13271.268054001033,0
303919,65,23383,0.22326073050498962,13271.491314731538,0
303920,65,23384,0.21572832763195038,13271.70704305917,0
303921,65,23385,0.21926195919513702,13271.926305018365,0
303922,65,23386,0.2140616476535797,13272.140366666019,0
303923,65,23387,0.21598221361637115,13272.356348879635,0
303924,65,23388,0.2234126776456833,13272.579761557281,0
303925,65,23389,0.22668342292308807,13272.806444980204,0
303926,65,23390,0.229660764336586,13273.03610574454,0
303927,65,23391,0.22871257364749908,13273.264818318188,0
303928,65,23392,0.2110295444726944,13273.47584786266,0
303929,65,23393,0.22061143815517426,13273.696459300816,0
303930,65,23394,0.22724375128746033,13273.923703052104,0
303931,65,23395,0.21540467441082,13274.139107726514,0
303932,65,23396,0.22254052758216858,13274.361648254097,0
303933,65,23397,0.22610734403133392,13274.587755598128,0
303934,65,23398,0.2308809459209442,13274.818636544049,0
303935,65,23399,0.23315678536891937,13275.051793329418,0
303936,65,23400,0.21521200239658356,13275.267005331814,0
303937,65,23401,0.2241588532924652,13275.491164185107,0
303938,65,23402,0.2197120636701584,13275.710876248777,0
303939,65,23403,0.22482727468013763,13275.935703523457,0
303940,65,23404,0.2286156713962555,13276.164319194853,0
303941,65,23405,0.23455247282981873,13276.398871667683,0
303942,65,23406,0.21991689503192902,13276.618788562715,0
303943,65,23407,0.22511634230613708,13276.843904905021,0
303944,65,23408,0.22490033507347107,13277.068805240095,0
303945,65,23409,0.22407563030719757,13277.292880870402,0
303946,65,23410,0.2214159369468689,13277.514296807349,0
303947,65,23411,0.22563736140727997,13277.739934168756,0
303948,65,23412,0.23022112250328064,13277.97015529126,0
303949,65,23413,0.2125765085220337,13278.182731799781,0
303950,65,23414,0.21943393349647522,13278.402165733278,0
303951,65,23415,0.22566135227680206,13278.627827085555,0
303952,65,23416,0.2299324870109558,13278.857759572566,0
303953,65,23417,0.21437115967273712,13279.072130732238,0
303954,65,23418,0.2195136696100235,13279.291644401848,0
303955,65,23419,0.21975283324718475,13279.511397235096,0
303956,65,23420,0.22292135655879974,13279.734318591654,0
303957,65,23421,0.21403449773788452,13279.948353089392,0
303958,65,23422,0.21384458243846893,13280.16219767183,0
303959,65,23423,0.20882554352283478,13280.371023215353,0
303960,65,23424,0.20790047943592072,13280.57892369479,0
303961,65,23425,0.21520917117595673,13280.794132865965,0
303962,65,23426,0.20512361824512482,13280.99925648421,0
303963,65,23427,0.21097642183303833,13281.210232906044,0
303964,65,23428,0.20819345116615295,13281.41842635721,0
303965,65,23429,0.2102573812007904,13281.62868373841,0
303966,65,23430,0.21780437231063843,13281.846488110721,0
303967,65,23431,0.22398492693901062,13282.07047303766,0
303968,65,23432,0.21047702431678772,13282.280950061977,0
303969,65,23433,0.21437039971351624,13282.49532046169,0
303970,65,23434,0.22412146627902985,13282.71944192797,0
303971,65,23435,0.23125334084033966,13282.95069526881,0
303972,65,23436,0.2093244045972824,13283.160019673407,0
303973,65,23437,0.2113504409790039,13283.371370114386,0
303974,65,23438,0.2099251002073288,13283.581295214593,0
303975,65,23439,0.20857468247413635,13283.789869897068,0
303976,65,23440,0.20772551000118256,13283.997595407069,0
303977,65,23441,0.21076248586177826,13284.20835789293,0
303978,65,23442,0.21367976069450378,13284.422037653625,0
303979,65,23443,0.19597578048706055,13284.618013434112,0
303980,65,23444,0.1970621645450592,13284.815075598657,0
303981,65,23445,0.19357940554618835,13285.008655004203,0
303982,65,23446,0.20021116733551025,13285.208866171539,0
303983,65,23447,0.2058187574148178,13285.414684928954,0
303984,65,23448,0.2090645283460617,13285.6237494573,0
303985,65,23449,0.20994587242603302,13285.833695329726,0
303986,65,23450,0.20925146341323853,13286.042946793139,0
303987,65,23451,0.2081197202205658,13286.25106651336,0
303988,65,23452,0.20709043741226196,13286.458156950772,0
303989,65,23453,0.20634597539901733,13286.66450292617,0
303990,65,23454,0.20593518018722534,13286.870438106358,0
303991,65,23455,0.1897241473197937,13287.060162253678,0
303992,65,23456,0.19877766072750092,13287.258939914405,0
303993,65,23457,0.19571995735168457,13287.454659871757,0
303994,65,23458,0.20282793045043945,13287.657487802207,0
303995,65,23459,0.21425649523735046,13287.871744297445,0
303996,65,23460,0.20073853433132172,13288.072482831776,0
303997,65,23461,0.20250524580478668,13288.274988077581,0
303998,65,23462,0.2135346531867981,13288.488522730768,0
303999,65,23463,0.19759008288383484,13288.686112813652,0
304000,65,23464,0.2008577436208725,13288.886970557272,0
304001,65,23465,0.20829902589321136,13289.095269583166,0
304002,65,23466,0.21122756600379944,13289.30649714917,0
304003,65,23467,0.21204984188079834,13289.51854699105,0
304004,65,23468,0.1949063390493393,13289.7134533301,0
304005,65,23469,0.1990240067243576,13289.912477336824,0
304006,65,23470,0.20884394645690918,13290.12132128328,0
304007,65,23471,0.2190997451543808,13290.340421028435,0
304008,65,23472,0.20377156138420105,13290.54419258982,0
304009,65,23473,0.20883336663246155,13290.753025956452,0
304010,65,23474,0.20694003999233246,13290.959965996444,0
304011,65,23475,0.21108943223953247,13291.171055428684,0
304012,65,23476,0.2203909456729889,13291.391446374357,0
304013,65,23477,0.22725827991962433,13291.618704654276,0
304014,65,23478,0.2106759250164032,13291.829380579293,0
304015,65,23479,0.2124691605567932,13292.04184973985,0
304016,65,23480,0.22071869671344757,13292.262568436563,0
304017,65,23481,0.22992989420890808,13292.492498330772,0
304018,65,23482,0.23072001338005066,13292.723218344152,0
304019,65,23483,0.21437841653823853,13292.93759676069,0
304020,65,23484,0.2185543030500412,13293.15615106374,0
304021,65,23485,0.22501082718372345,13293.381161890924,0
304022,65,23486,0.216313436627388,13293.597475327551,0
304023,65,23487,0.21875548362731934,13293.816230811179,0
304024,65,23488,0.21852925419807434,13294.034760065377,0
304025,65,23489,0.21550831198692322,13294.250268377364,0
304026,65,23490,0.2185143679380417,13294.468782745302,0
304027,65,23491,0.21003100275993347,13294.678813748062,0
304028,65,23492,0.21402311325073242,13294.892836861312,0
304029,65,23493,0.20766735076904297,13295.100504212081,0
304030,65,23494,0.2111622840166092,13295.311666496098,0
304031,65,23495,0.20395563542842865,13295.515622131526,0
304032,65,23496,0.2050795555114746,13295.720701687038,0
304033,65,23497,0.20001034438610077,13295.920712031424,0
304034,65,23498,0.20805279910564423,13296.12876483053,0
304035,65,23499,0.2147238403558731,13296.343488670886,0
304036,65,23500,0.21955722570419312,13296.56304589659,0
304037,65,23501,0.20433227717876434,13296.767378173769,0
304038,65,23502,0.2082316130399704,13296.975609786808,0
304039,65,23503,0.206834077835083,13297.182443864644,0
304040,65,23504,0.20668287575244904,13297.389126740396,0
304041,65,23505,0.21621666848659515,13297.605343408883,0
304042,65,23506,0.22190244495868683,13297.827245853841,0
304043,65,23507,0.2223254293203354,13298.049571283162,0
304044,65,23508,0.22178848087787628,13298.27135976404,0
304045,65,23509,0.20348186790943146,13298.474841631949,0
304046,65,23510,0.2113368660211563,13298.68617849797,0
304047,65,23511,0.20688661932945251,13298.8930651173,0
304048,65,23512,0.2100403755903244,13299.10310549289,0
304049,65,23513,0.2096720039844513,13299.312777496874,0
304050,65,23514,0.21216052770614624,13299.52493802458,0
304051,65,23515,0.20784740149974823,13299.73278542608,0
304052,65,23516,0.2053268402814865,13299.938112266362,0
304053,65,23517,0.20113448798656464,13300.139246754348,0
304054,65,23518,0.19913212954998016,13300.338378883898,0
304055,65,23519,0.19603310525417328,13300.534411989152,0
304056,65,23520,0.19801892340183258,13300.732430912554,0
304057,65,23521,0.2051878422498703,13300.937618754804,0
304058,65,23522,0.21259455382823944,13301.150213308632,0
304059,65,23523,0.19588275253772736,13301.34609606117,0
304060,65,23524,0.19919560849666595,13301.545291669667,0
304061,65,23525,0.20873579382896423,13301.754027463496,0
304062,65,23526,0.1980961263179779,13301.952123589814,0
304063,65,23527,0.20441395044326782,13302.156537540257,0
304064,65,23528,0.2121184915304184,13302.368656031787,0
304065,65,23529,0.21656042337417603,13302.585216455162,0
304066,65,23530,0.2186887562274933,13302.803905211389,0
304067,65,23531,0.21850436925888062,13303.022409580648,0
304068,65,23532,0.2171037197113037,13303.23951330036,0
304069,65,23533,0.19980080425739288,13303.439314104617,0
304070,65,23534,0.20385725796222687,13303.643171362579,0
304071,65,23535,0.20810645818710327,13303.851277820766,0
304072,65,23536,0.20884571969509125,13304.060123540461,0
304073,65,23537,0.20926456153392792,13304.269388101995,0
304074,65,23538,0.21743129193782806,13304.486819393933,0
304075,65,23539,0.2212526947259903,13304.708072088659,0
304076,65,23540,0.20562681555747986,13304.913698904216,0
304077,65,23541,0.21060863137245178,13305.124307535589,0
304078,65,23542,0.20834311842918396,13305.332650654018,0
304079,65,23543,0.21589215099811554,13305.548542805016,0
304080,65,23544,0.22221483290195465,13305.770757637918,0
304081,65,23545,0.22406893968582153,13305.994826577604,0
304082,65,23546,0.2232683002948761,13306.218094877899,0
304083,65,23547,0.2224627584218979,13306.44055763632,0
304084,65,23548,0.2216862589120865,13306.662243895233,0
304085,65,23549,0.22117501497268677,13306.883418910205,0
304086,65,23550,0.20477767288684845,13307.088196583092,0
304087,65,23551,0.21461202204227448,13307.302808605134,0
304088,65,23552,0.2097010314464569,13307.512509636581,0
304089,65,23553,0.21815668046474457,13307.730666317046,0
304090,65,23554,0.20873770117759705,13307.939404018223,0
304091,65,23555,0.2084151953458786,13308.14781921357,0
304092,65,23556,0.2028127908706665,13308.35063200444,0
304093,65,23557,0.2117912322282791,13308.562423236668,0
304094,65,23558,0.19984987378120422,13308.76227311045,0
304095,65,23559,0.20529073476791382,13308.967563845217,0
304096,65,23560,0.20175886154174805,13309.169322706759,0
304097,65,23561,0.20598462224006653,13309.375307328999,0
304098,65,23562,0.2030399590730667,13309.578347288072,0
304099,65,23563,0.20965661108493805,13309.788003899157,0
304100,65,23564,0.20046019554138184,13309.988464094698,0
304101,65,23565,0.20494846999645233,13310.193412564695,0
304102,65,23566,0.21489503979682922,13310.408307604492,0
304103,65,23567,0.2190741002559662,13310.627381704748,0
304104,65,23568,0.1992844045162201,13310.826666109264,0
304105,65,23569,0.20184889435768127,13311.028515003622,0
304106,65,23570,0.2144676148891449,13311.24298261851,0
304107,65,23571,0.2224019467830658,13311.465384565294,0
304108,65,23572,0.22538942098617554,13311.69077398628,0
304109,65,23573,0.20915234088897705,13311.899926327169,0
304110,65,23574,0.21171274781227112,13312.111639074981,0
304111,65,23575,0.22531184554100037,13312.336950920522,0
304112,65,23576,0.2129119336605072,13312.549862854183,0
304113,65,23577,0.21583470702171326,13312.765697561204,0
304114,65,23578,0.20885276794433594,13312.974550329149,0
304115,65,23579,0.21211983263492584,13313.186670161784,0
304116,65,23580,0.21706026792526245,13313.403730429709,0
304117,65,23581,0.20363959670066833,13313.60737002641,0
304118,65,23582,0.21031126379966736,13313.81768129021,0
304119,65,23583,0.217367485165596,13314.035048775375,0
304120,65,23584,0.2033395618200302,13314.238388337195,0
304121,65,23585,0.21042078733444214,13314.44880912453,0
304122,65,23586,0.2150135487318039,13314.663822673261,0
304123,65,23587,0.22057311236858368,13314.88439578563,0
304124,65,23588,0.2223828285932541,13315.106778614223,0
304125,65,23589,0.2056763917207718,13315.312455005944,0
304126,65,23590,0.2152857780456543,13315.52774078399,0
304127,65,23591,0.22167840600013733,13315.74941918999,0
304128,65,23592,0.21103383600711823,13315.960453025997,0
304129,65,23593,0.21886193752288818,13316.17931496352,0
304130,65,23594,0.21632196009159088,13316.395636923611,0
304131,65,23595,0.22203555703163147,13316.617672480643,0
304132,65,23596,0.23052239418029785,13316.848194874823,0
304133,65,23597,0.23567283153533936,13317.083867706358,0
304134,65,23598,0.23669269680976868,13317.320560403168,0
304135,65,23599,0.23525524139404297,13317.555815644562,0
304136,65,23600,0.21737588942050934,13317.773191533983,0
304137,65,23601,0.22059762477874756,13317.993789158762,0
304138,65,23602,0.22371971607208252,13318.217508874834,0
304139,65,23603,0.2224101722240448,13318.439919047058,0
304140,65,23604,0.2226685881614685,13318.66258763522,0
304141,65,23605,0.2225293070077896,13318.885116942227,0
304142,65,23606,0.2277846336364746,13319.112901575863,0
304143,65,23607,0.23571951687335968,13319.348621092737,0
304144,65,23608,0.24045801162719727,13319.589079104364,0
304145,65,23609,0.22530311346054077,13319.814382217824,0
304146,65,23610,0.22941431403160095,13320.043796531856,0
304147,65,23611,0.23423774540424347,13320.27803427726,0
304148,65,23612,0.22549724578857422,13320.503531523049,0
304149,65,23613,0.23080380260944366,13320.734335325658,0
304150,65,23614,0.24026568233966827,13320.974601007998,0
304151,65,23615,0.24573101103305817,13321.220332019031,0
304152,65,23616,0.2447766661643982,13321.465108685195,0
304153,65,23617,0.2245398312807083,13321.689648516476,0
304154,65,23618,0.23346459865570068,13321.923113115132,0
304155,65,23619,0.22814851999282837,13322.151261635125,0
304156,65,23620,0.23393991589546204,13322.38520155102,0
304157,65,23621,0.23824083805084229,13322.623442389071,0
304158,65,23622,0.22906480729579926,13322.852507196367,0
304159,65,23623,0.23118937015533447,13323.083696566522,0
304160,65,23624,0.23553600907325745,13323.319232575595,0
304161,65,23625,0.2227863073348999,13323.54201888293,0
304162,65,23626,0.22778448462486267,13323.769803367555,0
304163,65,23627,0.23506665229797363,13324.004870019853,0
304164,65,23628,0.22181200981140137,13324.226682029665,0
304165,65,23629,0.2275463193655014,13324.45422834903,0
304166,65,23630,0.2343093752861023,13324.688537724316,0
304167,65,23631,0.22083613276481628,13324.909373857081,0
304168,65,23632,0.22192718088626862,13325.131301037967,0
304169,65,23633,0.23122893273830414,13325.362529970706,0
304170,65,23634,0.23893800377845764,13325.601467974484,0
304171,65,23635,0.22400175034999847,13325.825469724834,0
304172,65,23636,0.2293873131275177,13326.054857037961,0
304173,65,23637,0.22397378087043762,13326.278830818832,0
304174,65,23638,0.22793668508529663,13326.506767503917,0
304175,65,23639,0.22495196759700775,13326.731719471514,0
304176,65,23640,0.22332097589969635,13326.955040447414,0
304177,65,23641,0.2199527770280838,13327.174993224442,0
304178,65,23642,0.22054694592952728,13327.395540170372,0
304179,65,23643,0.2279719114303589,13327.623512081802,0
304180,65,23644,0.23494791984558105,13327.858460001647,0
304181,65,23645,0.23815616965293884,13328.0966161713,0
304182,65,23646,0.22024285793304443,13328.316859029233,0
304183,65,23647,0.22436802089214325,13328.541227050126,0
304184,65,23648,0.22649453580379486,13328.76772158593,0
304185,65,23649,0.2335500866174698,13329.001271672547,0
304186,65,23650,0.24110613763332367,13329.24237781018,0
304187,65,23651,0.22734780609607697,13329.469725616276,0
304188,65,23652,0.2314755618572235,13329.701201178133,0
304189,65,23653,0.23790355026721954,13329.9391047284,0
304190,65,23654,0.2264225035905838,13330.165527231991,0
304191,65,23655,0.23351234197616577,13330.399039573967,0
304192,65,23656,0.24079301953315735,13330.6398325935,0
304193,65,23657,0.24622046947479248,13330.886053062975,0
304194,65,23658,0.2484518587589264,13331.134504921734,0
304195,65,23659,0.24920552968978882,13331.383710451424,0
304196,65,23660,0.24911881983280182,13331.632829271257,0
304197,65,23661,0.23229637742042542,13331.865125648677,0
304198,65,23662,0.23719580471515656,13332.102321453393,0
304199,65,23663,0.25027740001678467,13332.35259885341,0
304200,65,23664,0.26154083013534546,13332.614139683545,0
304201,65,23665,0.24549655616283417,13332.859636239707,0
304202,65,23666,0.2522191107273102,13333.111855350435,0
304203,65,23667,0.25620779395103455,13333.368063144386,0
304204,65,23668,0.260036826133728,13333.62809997052,0
304205,65,23669,0.24604204297065735,13333.87414201349,0
304206,65,23670,0.2513885498046875,13334.125530563295,0
304207,65,23671,0.2467384934425354,13334.372269056737,0
304208,65,23672,0.25774192810058594,13334.630010984838,0
304209,65,23673,0.2493910938501358,13334.879402078688,0
304210,65,23674,0.2535315155982971,13335.132933594286,0
304211,65,23675,0.2604110538959503,13335.393344648182,0
304212,65,23676,0.24937660992145538,13335.642721258104,0
304213,65,23677,0.2565017342567444,13335.89922299236,0
304214,65,23678,0.26357972621917725,13336.16280271858,0
304215,65,23679,0.2499983012676239,13336.412801019847,0
304216,65,23680,0.2570406496524811,13336.6698416695,0
304217,65,23681,0.25223687291145325,13336.922078542411,0
304218,65,23682,0.25416746735572815,13337.176246009767,0
304219,65,23683,0.26229727268218994,13337.43854328245,0
304220,65,23684,0.24855849146842957,13337.687101773918,0
304221,65,23685,0.2555714547634125,13337.942673228681,0
304222,65,23686,0.25355589389801025,13338.19622912258,0
304223,65,23687,0.25289589166641235,13338.449125014246,0
304224,65,23688,0.25290557742118835,13338.702030591667,0
304225,65,23689,0.25842562317848206,13338.960456214845,0
304226,65,23690,0.24849939346313477,13339.208955608308,0
304227,65,23691,0.25477123260498047,13339.463726840913,0
304228,65,23692,0.2525418698787689,13339.716268710792,0
304229,65,23693,0.2551959156990051,13339.971464626491,0
304230,65,23694,0.26098236441612244,13340.232446990907,0
304231,65,23695,0.2685757279396057,13340.501022718847,0
304232,65,23696,0.25244811177253723,13340.75347083062,0
304233,65,23697,0.254963219165802,13341.008434049785,0
304234,65,23698,0.2533276677131653,13341.261761717498,0
304235,65,23699,0.2519370913505554,13341.513698808849,0
304236,65,23700,0.2553934156894684,13341.769092224538,0
304237,65,23701,0.24643035233020782,13342.015522576869,0
304238,65,23702,0.2529945969581604,13342.268517173827,0
304239,65,23703,0.2639431655406952,13342.532460339367,0
304240,65,23704,0.2701563537120819,13342.80261669308,0
304241,65,23705,0.24941520392894745,13343.052031897008,0
304242,65,23706,0.2570967376232147,13343.309128634632,0
304243,65,23707,0.2640398144721985,13343.573168449104,0
304244,65,23708,0.266489714384079,13343.839658163488,0
304245,65,23709,0.24951764941215515,13344.0891758129,0
304246,65,23710,0.2560206353664398,13344.345196448267,0
304247,65,23711,0.26142069697380066,13344.60661714524,0
304248,65,23712,0.2667825222015381,13344.873399667442,0
304249,65,23713,0.2675003409385681,13345.14090000838,0
304250,65,23714,0.2513933777809143,13345.392293386161,0
304251,65,23715,0.26037752628326416,13345.652670912445,0
304252,65,23716,0.2566906809806824,13345.909361593425,0
304253,65,23717,0.26266682147979736,13346.172028414905,0
304254,65,23718,0.2707520127296448,13346.442780427635,0
304255,65,23719,0.25941652059555054,13346.70219694823,0
304256,65,23720,0.2660326659679413,13346.968229614198,0
304257,65,23721,0.2634165287017822,13347.2316461429,0
304258,65,23722,0.2643205225467682,13347.495966665447,0
304259,65,23723,0.2636176347732544,13347.75958430022,0
304260,65,23724,0.26417824625968933,13348.02376254648,0
304261,65,23725,0.2704451382160187,13348.294207684696,0
304262,65,23726,0.25752002000808716,13348.551727704704,0
304263,65,23727,0.2639774978160858,13348.81570520252,0
304264,65,23728,0.272140234708786,13349.087845437229,0
304265,65,23729,0.27813607454299927,13349.365981511772,0
304266,65,23730,0.2800903916358948,13349.646071903408,0
304267,65,23731,0.2809564769268036,13349.927028380334,0
304268,65,23732,0.2810331881046295,13350.208061568439,0
304269,65,23733,0.2808782756328583,13350.488939844072,0
304270,65,23734,0.2810516357421875,13350.769991479814,0
304271,65,23735,0.2815515398979187,13351.051543019712,0
304272,65,23736,0.28233447670936584,13351.333877496421,0
304273,65,23737,0.2833661735057831,13351.617243669927,0
304274,65,23738,0.2681316137313843,13351.885375283659,0
304275,65,23739,0.2725697159767151,13352.157944999635,0
304276,65,23740,0.2895701825618744,13352.447515182197,0
304277,65,23741,0.3016440272331238,13352.74915920943,0
304278,65,23742,0.2821139991283417,13353.031273208559,0
304279,65,23743,0.28595995903015137,13353.317233167589,0
304280,65,23744,0.2809687852859497,13353.598201952875,0
304281,65,23745,0.28278306126594543,13353.88098501414,0
304282,65,23746,0.2806297242641449,13354.161614738405,0
304283,65,23747,0.2867515981197357,13354.448366336524,0
304284,65,23748,0.28286850452423096,13354.731234841049,0
304285,65,23749,0.283407986164093,13355.014642827213,0
304286,65,23750,0.2876414358615875,13355.302284263074,0
304287,65,23751,0.2935567796230316,13355.595841042697,0
304288,65,23752,0.28037509322166443,13355.87621613592,0
304289,65,23753,0.28838977217674255,13356.164605908096,0
304290,65,23754,0.3018445372581482,13356.466450445354,0
304291,65,23755,0.30872371792793274,13356.775174163282,0
304292,65,23756,0.29060491919517517,13357.065779082477,0
304293,65,23757,0.2949255406856537,13357.360704623163,0
304294,65,23758,0.29715999960899353,13357.657864622772,0
304295,65,23759,0.3056090474128723,13357.963473670185,0
304296,65,23760,0.31428202986717224,13358.277755700052,0
304297,65,23761,0.31666406989097595,13358.594419769943,0
304298,65,23762,0.31773725152015686,13358.912157021463,0
304299,65,23763,0.31869474053382874,13359.230851761997,0
304300,65,23764,0.31858181953430176,13359.549433581531,0
304301,65,23765,0.3022400736808777,13359.851673655212,0
304302,65,23766,0.313709557056427,13360.165383212268,0
304303,65,23767,0.31917238235473633,13360.484555594623,0
304304,65,23768,0.30745524168014526,13360.792010836303,0
304305,65,23769,0.313328355550766,13361.105339191854,0
304306,65,23770,0.31106576323509216,13361.41640495509,0
304307,65,23771,0.3113417625427246,13361.727746717632,0
304308,65,23772,0.3114281892776489,13362.03917490691,0
304309,65,23773,0.3105911612510681,13362.34976606816,0
304310,65,23774,0.31260234117507935,13362.662368409336,0
304311,65,23775,0.3223663568496704,13362.984734766185,0
304312,65,23776,0.3311713933944702,13363.31590615958,0
304313,65,23777,0.31591880321502686,13363.631824962795,0
304314,65,23778,0.321505069732666,13363.953330032527,0
304315,65,23779,0.33439719676971436,13364.287727229297,0
304316,65,23780,0.3425804376602173,13364.630307666957,0
304317,65,23781,0.347778856754303,13364.978086523712,0
304318,65,23782,0.33189311623573303,13365.309979639947,0
304319,65,23783,0.33638739585876465,13365.646367035806,0
304320,65,23784,0.3353401720523834,13365.981707207859,0
304321,65,23785,0.3385692536830902,13366.320276461542,0
304322,65,23786,0.33193203806877136,13366.65220849961,0
304323,65,23787,0.3352137804031372,13366.987422280014,0
304324,65,23788,0.34198009967803955,13367.329402379692,0
304325,65,23789,0.33204153180122375,13367.661443911493,0
304326,65,23790,0.33281293511390686,13367.994256846607,0
304327,65,23791,0.34114688634872437,13368.335403732955,0
304328,65,23792,0.3480190634727478,13368.683422796428,0
304329,65,23793,0.34993430972099304,13369.03335710615,0
304330,65,23794,0.3360659182071686,13369.369423024356,0
304331,65,23795,0.34039562940597534,13369.709818653762,0
304332,65,23796,0.3548935651779175,13370.06471221894,0
304333,65,23797,0.3423061668872833,13370.407018385828,0
304334,65,23798,0.3475392758846283,13370.754557661712,0
304335,65,23799,0.35607078671455383,13371.110628448427,0
304336,65,23800,0.3409161865711212,13371.451544634998,0
304337,65,23801,0.3489617705345154,13371.800506405532,0
304338,65,23802,0.34590569138526917,13372.146412096918,0
304339,65,23803,0.3560599982738495,13372.502472095191,0
304340,65,23804,0.3651382029056549,13372.867610298097,0
304341,65,23805,0.3723377287387848,13373.239948026836,0
304342,65,23806,0.3563690483570099,13373.596317075193,0
304343,65,23807,0.3623201251029968,13373.958637200296,0
304344,65,23808,0.3566098213195801,13374.315247021616,0
304345,65,23809,0.3605828583240509,13374.67582987994,0
304346,65,23810,0.35854801535606384,13375.034377895296,0
304347,65,23811,0.35921767354011536,13375.393595568836,0
304348,65,23812,0.3615701198577881,13375.755165688694,0
304349,65,23813,0.3582874834537506,13376.113453172147,0
304350,65,23814,0.3654399812221527,13376.47889315337,0
304351,65,23815,0.36085256934165955,13376.839745722711,0
304352,65,23816,0.36505934596061707,13377.204805068672,0
304353,65,23817,0.36236265301704407,13377.567167721689,0
304354,65,23818,0.3627064824104309,13377.9298742041,0
304355,65,23819,0.3655523359775543,13378.295426540077,0
304356,65,23820,0.36147311329841614,13378.656899653375,0
304357,65,23821,0.36563271284103394,13379.022532366216,0
304358,65,23822,0.3718779981136322,13379.39441036433,0
304359,65,23823,0.3579165041446686,13379.752326868474,0
304360,65,23824,0.3650459945201874,13380.117372862995,0
304361,65,23825,0.37429988384246826,13380.491672746837,0
304362,65,23826,0.3796022832393646,13380.871275030077,0
304363,65,23827,0.36182183027267456,13381.23309686035,0
304364,65,23828,0.36422452330589294,13381.597321383655,0
304365,65,23829,0.37742722034454346,13381.974748604,0
304366,65,23830,0.36997053027153015,13382.344719134271,0
304367,65,23831,0.37215930223464966,13382.716878436506,0
304368,65,23832,0.3811880052089691,13383.098066441715,0
304369,65,23833,0.37342414259910583,13383.471490584314,0
304370,65,23834,0.37827783823013306,13383.849768422544,0
304371,65,23835,0.3882494866847992,13384.238017909229,0
304372,65,23836,0.373683899641037,13384.61170180887,0
304373,65,23837,0.3790234625339508,13384.990725271404,0
304374,65,23838,0.3753412365913391,13385.366066507995,0
304375,65,23839,0.3780091106891632,13385.744075618684,0
304376,65,23840,0.3751313090324402,13386.119206927717,0
304377,65,23841,0.38008102774620056,13386.499287955463,0
304378,65,23842,0.38899561762809753,13386.888283573091,0
304379,65,23843,0.3741750419139862,13387.262458615005,0
304380,65,23844,0.3801325857639313,13387.642591200769,0
304381,65,23845,0.38210543990135193,13388.02469664067,0
304382,65,23846,0.3908289670944214,13388.415525607765,0
304383,65,23847,0.4000110626220703,13388.815536670387,0
304384,65,23848,0.40341031551361084,13389.2189469859,0
304385,65,23849,0.38628724217414856,13389.605234228075,0
304386,65,23850,0.38938653469085693,13389.994620762765,0
304387,65,23851,0.4032341539859772,13390.397854916751,0
304388,65,23852,0.41307133436203003,13390.810926251113,0
304389,65,23853,0.39627036452293396,13391.207196615636,0
304390,65,23854,0.4039658308029175,13391.61116244644,0
304391,65,23855,0.3985534608364105,13392.009715907276,0
304392,65,23856,0.4070470631122589,13392.416762970388,0
304393,65,23857,0.4001236855983734,13392.816886655986,0
304394,65,23858,0.4042547643184662,13393.221141420305,0
304395,65,23859,0.4036432206630707,13393.624784640968,0
304396,65,23860,0.4051218628883362,13394.029906503856,0
304397,65,23861,0.40470170974731445,13394.434608213603,0
304398,65,23862,0.4122926592826843,13394.846900872886,0
304399,65,23863,0.4021509289741516,13395.24905180186,0
304400,65,23864,0.4091164171695709,13395.65816821903,0
304401,65,23865,0.4075738787651062,13396.065742097795,0
304402,65,23866,0.41666892170906067,13396.482411019504,0
304403,65,23867,0.41052013635635376,13396.89293115586,0
304404,65,23868,0.41718825697898865,13397.31011941284,0
304405,65,23869,0.41133666038513184,13397.721456073225,0
304406,65,23870,0.4129566550254822,13398.13441272825,0
304407,65,23871,0.41778507828712463,13398.552197806537,0
304408,65,23872,0.4230233132839203,13398.975221119821,0
304409,65,23873,0.40550336241722107,13399.380724482238,0
304410,65,23874,0.4080491364002228,13399.788773618639,0
304411,65,23875,0.40973982214927673,13400.198513440788,0
304412,65,23876,0.41300761699676514,13400.611521057785,0
304413,65,23877,0.422912061214447,13401.034433118999,0
304414,65,23878,0.427722305059433,13401.462155424058,0
304415,65,23879,0.43148326873779297,13401.893638692796,0
304416,65,23880,0.4325079619884491,13402.326146654785,0
304417,65,23881,0.4162261188030243,13402.742372773588,0
304418,65,23882,0.4225831925868988,13403.164955966175,0
304419,65,23883,0.4282119870185852,13403.593167953193,0
304420,65,23884,0.4345477819442749,13404.027715735137,0
304421,65,23885,0.4389234483242035,13404.466639183462,0
304422,65,23886,0.42564913630485535,13404.892288319767,0
304423,65,23887,0.4323444962501526,13405.324632816017,0
304424,65,23888,0.4314589202404022,13405.756091736257,0
304425,65,23889,0.4334510862827301,13406.18954282254,0
304426,65,23890,0.432716429233551,13406.622259251773,0
304427,65,23891,0.44375675916671753,13407.06601601094,0
304428,65,23892,0.45036551356315613,13407.516381524503,0
304429,65,23893,0.4340071380138397,13407.950388662517,0
304430,65,23894,0.44188594818115234,13408.392274610698,0
304431,65,23895,0.4497664272785187,13408.842041037977,0
304432,65,23896,0.45475929975509644,13409.296800337732,0
304433,65,23897,0.4400530457496643,13409.736853383482,0
304434,65,23898,0.4435417652130127,13410.180395148695,0
304435,65,23899,0.44549131393432617,13410.625886462629,0
304436,65,23900,0.4492761790752411,13411.075162641704,0
304437,65,23901,0.45963868498802185,13411.534801326692,0
304438,65,23902,0.4686056673526764,13412.003406994045,0
304439,65,23903,0.4711550772190094,13412.474562071264,0
304440,65,23904,0.4717947244644165,13412.946356795728,0
304441,65,23905,0.45618441700935364,13413.402541212738,0
304442,65,23906,0.46173134446144104,13413.864272557199,0
304443,65,23907,0.47629988193511963,13414.340572439134,0
304444,65,23908,0.48346057534217834,13414.824033014476,0
304445,65,23909,0.4837305247783661,13415.307763539255,0
304446,65,23910,0.48200035095214844,13415.789763890207,0
304447,65,23911,0.4808467626571655,13416.270610652864,0
304448,65,23912,0.4631492793560028,13416.73375993222,0
304449,65,23913,0.46660909056663513,13417.200369022787,0
304450,65,23914,0.4671792685985565,13417.667548291385,0
304451,65,23915,0.4743228852748871,13418.14187117666,0
304452,65,23916,0.4687660336494446,13418.61063721031,0
304453,65,23917,0.4722612500190735,13419.082898460329,0
304454,65,23918,0.47707489132881165,13419.559973351657,0
304455,65,23919,0.48370790481567383,13420.043681256473,0
304456,65,23920,0.4869130849838257,13420.530594341457,0
304457,65,23921,0.4699676036834717,13421.00056194514,0
304458,65,23922,0.47581249475479126,13421.476374439895,0
304459,65,23923,0.4745151102542877,13421.95088955015,0
304460,65,23924,0.4780332148075104,13422.428922764957,0
304461,65,23925,0.47704872488975525,13422.905971489847,0
304462,65,23926,0.47794926166534424,13423.383920751512,0
304463,65,23927,0.4830416738986969,13423.86696242541,0
304464,65,23928,0.48808029294013977,13424.35504271835,0
304465,65,23929,0.4722101092338562,13424.827252827585,0
304466,65,23930,0.47692427039146423,13425.304177097976,0
304467,65,23931,0.4846661388874054,13425.788843236864,0
304468,65,23932,0.47623324394226074,13426.265076480806,0
304469,65,23933,0.4846924841403961,13426.749768964946,0
304470,65,23934,0.4953171908855438,13427.245086155832,0
304471,65,23935,0.5025246143341064,13427.747610770166,0
304472,65,23936,0.4811580181121826,13428.228768788278,0
304473,65,23937,0.4862125515937805,13428.714981339872,0
304474,65,23938,0.4903380870819092,13429.205319426954,0
304475,65,23939,0.4770403206348419,13429.682359747589,0
304476,65,23940,0.4847967028617859,13430.16715645045,0
304477,65,23941,0.47900134325027466,13430.6461577937,0
304478,65,23942,0.4786110818386078,13431.12476887554,0
304479,65,23943,0.4851616621017456,13431.609930537641,0
304480,65,23944,0.48968520760536194,13432.099615745246,0
304481,65,23945,0.49137234687805176,13432.590988092124,0
304482,65,23946,0.47240766882896423,13433.063395760953,0
304483,65,23947,0.4773033559322357,13433.540699116886,0
304484,65,23948,0.48693913221359253,13434.0276382491,0
304485,65,23949,0.47379592061042786,13434.50143416971,0
304486,65,23950,0.47926539182662964,13434.980699561536,0
304487,65,23951,0.48591482639312744,13435.46661438793,0
304488,65,23952,0.4751696288585663,13435.941784016788,0
304489,65,23953,0.4812486171722412,13436.42303263396,0
304490,65,23954,0.4911753833293915,13436.91420801729,0
304491,65,23955,0.49649685621261597,13437.410704873502,0
304492,65,23956,0.4954758882522583,13437.906180761755,0
304493,65,23957,0.4940447211265564,13438.400225482881,0
304494,65,23958,0.49297499656677246,13438.893200479448,0
304495,65,23959,0.47560638189315796,13439.368806861341,0
304496,65,23960,0.48715731501579285,13439.855964176357,0
304497,65,23961,0.48166871070861816,13440.337632887065,0
304498,65,23962,0.49343475699424744,13440.83106764406,0
304499,65,23963,0.4893496632575989,13441.320417307317,0
304500,65,23964,0.4962707757949829,13441.816688083112,0
304501,65,23965,0.5027567744255066,13442.319444857538,0
304502,65,23966,0.5089807510375977,13442.828425608575,0
304503,65,23967,0.49183472990989685,13443.320260338485,0
304504,65,23968,0.49792951345443726,13443.81818985194,0
304505,65,23969,0.493345707654953,13444.311535559595,0
304506,65,23970,0.50169438123703,13444.813229940832,0
304507,65,23971,0.5130414366722107,13445.326271377504,0
304508,65,23972,0.5182345509529114,13445.844505928457,0
304509,65,23973,0.5025386214256287,13446.347044549882,0
304510,65,23974,0.5082201361656189,13446.855264686048,0
304511,65,23975,0.5212304592132568,13447.376495145261,0
304512,65,23976,0.504124641418457,13447.88061978668,0
304513,65,23977,0.5089098811149597,13448.389529667795,0
304514,65,23978,0.5168538689613342,13448.906383536756,0
304515,65,23979,0.5186665058135986,13449.42505004257,0
304516,65,23980,0.5005717277526855,13449.925621770322,0
304517,65,23981,0.5061821937561035,13450.431803964078,0
304518,65,23982,0.5043128132820129,13450.93611677736,0
304519,65,23983,0.5029701590538025,13451.439086936414,0
304520,65,23984,0.5031793117523193,13451.942266248167,0
304521,65,23985,0.5022706389427185,13452.44453688711,0
304522,65,23986,0.5107662081718445,13452.955303095281,0
304523,65,23987,0.5037722587585449,13453.45907535404,0
304524,65,23988,0.5077009201049805,13453.966776274145,0
304525,65,23989,0.49793657660484314,13454.46471285075,0
304526,65,23990,0.5027593374252319,13454.967472188175,0
304527,65,23991,0.5097860097885132,13455.477258197963,0
304528,65,23992,0.516054630279541,13455.993312828243,0
304529,65,23993,0.5182933211326599,13456.511606149375,0
304530,65,23994,0.5189064145088196,13457.030512563884,0
304531,65,23995,0.5013155937194824,13457.531828157604,0
304532,65,23996,0.5102202296257019,13458.04204838723,0
304533,65,23997,0.5165327787399292,13458.55858116597,0
304534,65,23998,0.5216615200042725,13459.080242685974,0
304535,65,23999,0.5247523784637451,13459.604995064437,0
304536,65,24000,0.5262119174003601,13460.131206981838,0
304537,65,24001,0.5265203714370728,13460.657727353275,0
304538,65,24002,0.5272746682167053,13461.185002021492,0
304539,65,24003,0.5279679298400879,13461.712969951332,0
304540,65,24004,0.5122520327568054,13462.225221984088,0
304541,65,24005,0.5245863199234009,13462.749808304012,0
304542,65,24006,0.530540406703949,13463.280348710716,0
304543,65,24007,0.5219317674636841,13463.80228047818,0
304544,65,24008,0.5322457551956177,13464.334526233375,0
304545,65,24009,0.546493411064148,13464.88101964444,0
304546,65,24010,0.5515537858009338,13465.43257343024,0
304547,65,24011,0.5543530583381653,13465.986926488578,0
304548,65,24012,0.5384496450424194,13466.52537613362,0
304549,65,24013,0.5420008897781372,13467.067377023399,0
304550,65,24014,0.5416857600212097,13467.60906278342,0
304551,65,24015,0.5465131402015686,13468.155575923622,0
304552,65,24016,0.5552462935447693,13468.710822217166,0
304553,65,24017,0.5602450966835022,13469.27106731385,0
304554,65,24018,0.5604167580604553,13469.83148407191,0
304555,65,24019,0.5632374882698059,13470.39472156018,0
304556,65,24020,0.5461901426315308,13470.940911702812,0
304557,65,24021,0.5516672730445862,13471.492578975856,0
304558,65,24022,0.5539686679840088,13472.04654764384,0
304559,65,24023,0.5583815574645996,13472.604929201305,0
304560,65,24024,0.5696056485176086,13473.174534849823,0
304561,65,24025,0.5600161552429199,13473.734551005065,0
304562,65,24026,0.5659425258636475,13474.300493530929,0
304563,65,24027,0.5725342035293579,13474.873027734458,0
304564,65,24028,0.5642861127853394,13475.437313847244,0
304565,65,24029,0.5668216943740845,13476.004135541618,0
304566,65,24030,0.5620673894882202,13476.566202931106,0
304567,65,24031,0.5726191401481628,13477.138822071254,0
304568,65,24032,0.5785280466079712,13477.717350117862,0
304569,65,24033,0.5841010212898254,13478.301451139152,0
304570,65,24034,0.565725564956665,13478.867176704109,0
304571,65,24035,0.5748212933540344,13479.441997997463,0
304572,65,24036,0.5827687978744507,13480.024766795337,0
304573,65,24037,0.5725626349449158,13480.597329430282,0
304574,65,24038,0.5821295976638794,13481.179459027946,0
304575,65,24039,0.5784233212471008,13481.757882349193,0
304576,65,24040,0.586398720741272,13482.344281069934,0
304577,65,24041,0.5950806140899658,13482.939361684024,0
304578,65,24042,0.6008210778236389,13483.540182761848,0
304579,65,24043,0.6019129157066345,13484.142095677555,0
304580,65,24044,0.5869721174240112,13484.729067794979,0
304581,65,24045,0.593590497970581,13485.32265829295,0
304582,65,24046,0.5951286554336548,13485.917786948383,0
304583,65,24047,0.6027331352233887,13486.520520083606,0
304584,65,24048,0.5952510833740234,13487.11577116698,0
304585,65,24049,0.6016358137130737,13487.717406980693,0
304586,65,24050,0.6110202670097351,13488.328427247703,0
304587,65,24051,0.6183205842971802,13488.946747832,0
304588,65,24052,0.6047692894935608,13489.551517121494,0
304589,65,24053,0.6117434501647949,13490.163260571659,0
304590,65,24054,0.626333475112915,13490.789594046772,0
304591,65,24055,0.6156381368637085,13491.405232183635,0
304592,65,24056,0.619152843952179,13492.024385027587,0
304593,65,24057,0.624441921710968,13492.648826949298,0
304594,65,24058,0.613700270652771,13493.262527219951,0
304595,65,24059,0.6210767030715942,13493.883603923023,0
304596,65,24060,0.6306619644165039,13494.51426588744,0
304597,65,24061,0.6245728731155396,13495.138838760555,0
304598,65,24062,0.6322521567344666,13495.77109091729,0
304599,65,24063,0.6288564801216125,13496.39994739741,0
304600,65,24064,0.6346059441566467,13497.034553341568,0
304601,65,24065,0.6337082386016846,13497.66826158017,0
304602,65,24066,0.6434211134910583,13498.31168269366,0
304603,65,24067,0.638039767742157,13498.949722461402,0
304604,65,24068,0.6455110907554626,13499.595233552158,0
304605,65,24069,0.6443768739700317,13500.239610426128,0
304606,65,24070,0.6478692889213562,13500.88747971505,0
304607,65,24071,0.6487504243850708,13501.536230139434,0
304608,65,24072,0.6537109613418579,13502.189941100776,0
304609,65,24073,0.662376880645752,13502.852317981422,0
304610,65,24074,0.6718326210975647,13503.52415060252,0
304611,65,24075,0.6719099879264832,13504.196060590446,0
304612,65,24076,0.66058349609375,13504.85664408654,0
304613,65,24077,0.6707621216773987,13505.527406208217,0
304614,65,24078,0.6684344410896301,13506.195840649307,0
304615,65,24079,0.6753429770469666,13506.871183626354,0
304616,65,24080,0.6852166056632996,13507.556400232017,0
304617,65,24081,0.6846601366996765,13508.241060368717,0
304618,65,24082,0.6783607602119446,13508.919421128929,0
304619,65,24083,0.6869952082633972,13509.606416337192,0
304620,65,24084,0.6894640326499939,13510.295880369842,0
304621,65,24085,0.6961004734039307,13510.991980843246,0
304622,65,24086,0.686931848526001,13511.678912691772,0
304623,65,24087,0.6940181851387024,13512.37293087691,0
304624,65,24088,0.6935910582542419,13513.066521935165,0
304625,65,24089,0.6989696621894836,13513.765491597354,0
304626,65,24090,0.7054732441902161,13514.470964841545,0
304627,65,24091,0.7075899839401245,13515.178554825485,0
304628,65,24092,0.708631157875061,13515.88718598336,0
304629,65,24093,0.7117199301719666,13516.598905913532,0
304630,65,24094,0.7154963612556458,13517.314402274787,0
304631,65,24095,0.7058468461036682,13518.020249120891,0
304632,65,24096,0.7137494087219238,13518.733998529613,0
304633,65,24097,0.7176114320755005,13519.451609961689,0
304634,65,24098,0.7231698036193848,13520.174779765308,0
304635,65,24099,0.721439778804779,13520.896219544113,0
304636,65,24100,0.7255375981330872,13521.621757142246,0
304637,65,24101,0.7274391651153564,13522.349196307361,0
304638,65,24102,0.7348673343658447,13523.084063641727,0
304639,65,24103,0.7421437501907349,13523.826207391918,0
304640,65,24104,0.7286378145217896,13524.55484520644,0
304641,65,24105,0.7339493632316589,13525.288794569671,0
304642,65,24106,0.7342168688774109,13526.023011438549,0
304643,65,24107,0.7429689168930054,13526.765980355442,0
304644,65,24108,0.7504819631576538,13527.5164623186,0
304645,65,24109,0.754418671131134,13528.27088098973,0
304646,65,24110,0.7364969849586487,13529.007377974689,0
304647,65,24111,0.7419136166572571,13529.749291591346,0
304648,65,24112,0.7532024383544922,13530.5024940297,0
304649,65,24113,0.7656674981117249,13531.268161527812,0
304650,65,24114,0.7507951259613037,13532.018956653774,0
304651,65,24115,0.759634256362915,13532.778590910137,0
304652,65,24116,0.7545836567878723,13533.533174566925,0
304653,65,24117,0.7599046230316162,13534.293079189956,0
304654,65,24118,0.7653114199638367,13535.05839060992,0
304655,65,24119,0.7750104665756226,13535.833401076496,0
304656,65,24120,0.7819706797599792,13536.615371756256,0
304657,65,24121,0.786196231842041,13537.401567988098,0
304658,65,24122,0.7875963449478149,13538.189164333045,0
304659,65,24123,0.7884010076522827,13538.977565340698,0
304660,65,24124,0.7737350463867188,13539.751300387084,0
304661,65,24125,0.779627799987793,13540.530928187072,0
304662,65,24126,0.7955380082130432,13541.326466195285,0
304663,65,24127,0.7830737233161926,13542.109539918602,0
304664,65,24128,0.7879604697227478,13542.897500388324,0
304665,65,24129,0.7854476571083069,13543.682948045433,0
304666,65,24130,0.7881569266319275,13544.471104972064,0
304667,65,24131,0.7970414757728577,13545.268146447837,0
304668,65,24132,0.8060364127159119,13546.074182860553,0
304669,65,24133,0.7941895723342896,13546.868372432888,0
304670,65,24134,0.8016079664230347,13547.66998039931,0
304671,65,24135,0.8066290616989136,13548.47660946101,0
304672,65,24136,0.7984982132911682,13549.2751076743,0
304673,65,24137,0.807255744934082,13550.082363419235,0
304674,65,24138,0.8098401427268982,13550.892203561962,0
304675,65,24139,0.7957478761672974,13551.687951438129,0
304676,65,24140,0.7994818687438965,13552.487433306873,0
304677,65,24141,0.795760989189148,13553.283194296062,0
304678,65,24142,0.8036134243011475,13554.086807720363,0
304679,65,24143,0.8107121586799622,13554.897519879043,0
304680,65,24144,0.7955905199050903,13555.693110398948,0
304681,65,24145,0.8033694624900818,13556.496479861438,0
304682,65,24146,0.7994007468223572,13557.29588060826,0
304683,65,24147,0.8044055700302124,13558.10028617829,0
304684,65,24148,0.8007283806800842,13558.901014558971,0
304685,65,24149,0.801484227180481,13559.702498786151,0
304686,65,24150,0.7994990944862366,13560.501997880638,0
304687,65,24151,0.8065381050109863,13561.308535985649,0
304688,65,24152,0.7971043586730957,13562.105640344322,0
304689,65,24153,0.8001026511192322,13562.905742995441,0
304690,65,24154,0.8043064475059509,13563.710049442947,0
304691,65,24155,0.7957073450088501,13564.505756787956,0
304692,65,24156,0.8010644912719727,13565.306821279228,0
304693,65,24157,0.80925452709198,13566.11607580632,0
304694,65,24158,0.8014640212059021,13566.917539827526,0
304695,65,24159,0.806763768196106,13567.724303595722,0
304696,65,24160,0.8139033913612366,13568.538206987083,0
304697,65,24161,0.8186408877372742,13569.35684787482,0
304698,65,24162,0.8229587078094482,13570.17980658263,0
304699,65,24163,0.8243061900138855,13571.004112772644,0
304700,65,24164,0.8084549903869629,13571.81256776303,0
304701,65,24165,0.8152455687522888,13572.627813331783,0
304702,65,24166,0.8216002583503723,13573.449413590133,0
304703,65,24167,0.8112286925315857,13574.260642282665,0
304704,65,24168,0.8172895908355713,13575.0779318735,0
304705,65,24169,0.8293519616127014,13575.907283835113,0
304706,65,24170,0.8111210465431213,13576.718404881656,0
304707,65,24171,0.8137877583503723,13577.532192640007,0
304708,65,24172,0.813639760017395,13578.345832400024,0
304709,65,24173,0.8153936862945557,13579.161226086318,0
304710,65,24174,0.8244712352752686,13579.985697321594,0
304711,65,24175,0.8165389895439148,13580.802236311138,0
304712,65,24176,0.820519208908081,13581.622755520046,0
304713,65,24177,0.8151559233665466,13582.437911443412,0
304714,65,24178,0.8125388026237488,13583.250450246036,0
304715,65,24179,0.8121955394744873,13584.06264578551,0
304716,65,24180,0.8173925876617432,13584.880038373172,0
304717,65,24181,0.8046228885650635,13585.684661261737,0
304718,65,24182,0.8109621405601501,13586.495623402297,0
304719,65,24183,0.8180822134017944,13587.3137056157,0
304720,65,24184,0.8232143521308899,13588.13691996783,0
304721,65,24185,0.8079224228858948,13588.944842390716,0
304722,65,24186,0.8148102760314941,13589.759652666748,0
304723,65,24187,0.8098869919776917,13590.569539658725,0
304724,65,24188,0.8128065466880798,13591.382346205413,0
304725,65,24189,0.8122206330299377,13592.194566838443,0
304726,65,24190,0.8121352195739746,13593.006702058017,0
304727,65,24191,0.8145149946212769,13593.821217052639,0
304728,65,24192,0.8234768509864807,13594.644693903625,0
304729,65,24193,0.8100003004074097,13595.454694204032,0
304730,65,24194,0.8136025071144104,13596.268296711147,0
304731,65,24195,0.8090466260910034,13597.077343337238,0
304732,65,24196,0.8085058927536011,13597.885849229991,0
304733,65,24197,0.8149707317352295,13598.700819961727,0
304734,65,24198,0.821491539478302,13599.522311501205,0
304735,65,24199,0.8249161243438721,13600.347227625549,0
304736,65,24200,0.8069934248924255,13601.154221050441,0
304737,65,24201,0.8118098974227905,13601.966030947864,0
304738,65,24202,0.8241193294525146,13602.790150277317,0
304739,65,24203,0.814865231513977,13603.60501550883,0
304740,65,24204,0.8195935487747192,13604.424609057605,0
304741,65,24205,0.8111885786056519,13605.235797636211,0
304742,65,24206,0.818938672542572,13606.054736308753,0
304743,65,24207,0.8123987317085266,13606.867135040462,0
304744,65,24208,0.8165022730827332,13607.683637313545,0
304745,65,24209,0.8079641461372375,13608.491601459682,0
304746,65,24210,0.8098748922348022,13609.301476351917,0
304747,65,24211,0.8164539337158203,13610.117930285633,0
304748,65,24212,0.8011254072189331,13610.919055692852,0
304749,65,24213,0.8037538528442383,13611.722809545696,0
304750,65,24214,0.8112499713897705,13612.534059517086,0
304751,65,24215,0.8184696435928345,13613.352529160678,0
304752,65,24216,0.8029166460037231,13614.155445806682,0
304753,65,24217,0.8098915219306946,13614.965337328613,0
304754,65,24218,0.8066918849945068,13615.772029213607,0
304755,65,24219,0.8164777159690857,13616.588506929576,0
304756,65,24220,0.8080865740776062,13617.396593503654,0
304757,65,24221,0.8124122619628906,13618.209005765617,0
304758,65,24222,0.8224319219589233,13619.031437687576,0
304759,65,24223,0.8263528943061829,13619.857790581882,0
304760,65,24224,0.8301088809967041,13620.687899462879,0
304761,65,24225,0.8296531438827515,13621.517552606761,0
304762,65,24226,0.8290097713470459,13622.346562378109,0
304763,65,24227,0.8120684027671814,13623.158630780876,0
304764,65,24228,0.813947319984436,13623.97257810086,0
304765,65,24229,0.8275342583656311,13624.800112359226,0
304766,65,24230,0.8355113863945007,13625.63562374562,0
304767,65,24231,0.8141376376152039,13626.449761383235,0
304768,65,24232,0.8139415979385376,13627.263702981174,0
304769,65,24233,0.811777651309967,13628.075480632484,0
304770,65,24234,0.816134512424469,13628.891615144908,0
304771,65,24235,0.8221956491470337,13629.713810794055,0
304772,65,24236,0.8060551881790161,13630.519865982234,0
304773,65,24237,0.8089951872825623,13631.328861169517,0
304774,65,24238,0.8024510741233826,13632.13131224364,0
304775,65,24239,0.8053880333900452,13632.93670027703,0
304776,65,24240,0.7925544381141663,13633.729254715145,0
304777,65,24241,0.7986581921577454,13634.527912907302,0
304778,65,24242,0.7924935221672058,13635.32040642947,0
304779,65,24243,0.7947275638580322,13636.115133993328,0
304780,65,24244,0.8019607067108154,13636.917094700038,0
304781,65,24245,0.7857667803764343,13637.702861480415,0
304782,65,24246,0.7900813817977905,13638.492942862213,0
304783,65,24247,0.7835415601730347,13639.276484422386,0
304784,65,24248,0.7857331037521362,13640.062217526138,0
304785,65,24249,0.7919912338256836,13640.854208759964,0
304786,65,24250,0.7947214245796204,13641.648930184543,0
304787,65,24251,0.7951080799102783,13642.444038264453,0
304788,65,24252,0.7942277193069458,13643.23826598376,0
304789,65,24253,0.7925964593887329,13644.030862443149,0
304790,65,24254,0.7918109893798828,13644.822673432529,0
304791,65,24255,0.7915707230567932,13645.614244155586,0
304792,65,24256,0.7919759750366211,13646.406220130622,0
304793,65,24257,0.776150643825531,13647.182370774448,0
304794,65,24258,0.7837886810302734,13647.966159455478,0
304795,65,24259,0.8011898994445801,13648.767349354923,0
304796,65,24260,0.8117950558662415,13649.579144410789,0
304797,65,24261,0.8177311420440674,13650.396875552833,0
304798,65,24262,0.8180785179138184,13651.214954070747,0
304799,65,24263,0.8173719048500061,13652.032325975597,0
304800,65,24264,0.8174050450325012,13652.84973102063,0
304801,65,24265,0.8016216158866882,13653.651352636516,0
304802,65,24266,0.8123523592948914,13654.463704995811,0
304803,65,24267,0.8078999519348145,13655.271604947746,0
304804,65,24268,0.8130924701690674,13656.084697417915,0
304805,65,24269,0.8176708817481995,13656.902368299663,0
304806,65,24270,0.8086106777191162,13657.710978977382,0
304807,65,24271,0.8136913776397705,13658.524670355022,0
304808,65,24272,0.8179216980934143,13659.342592053115,0
304809,65,24273,0.8112477660179138,13660.153839819133,0
304810,65,24274,0.8146982789039612,13660.968538098037,0
304811,65,24275,0.8235622048377991,13661.792100302875,0
304812,65,24276,0.816460907459259,13662.608561210334,0
304813,65,24277,0.8228340148925781,13663.431395225227,0
304814,65,24278,0.834526538848877,13664.265921764076,0
304815,65,24279,0.8382441997528076,13665.104165963829,0
304816,65,24280,0.8183642625808716,13665.92253022641,0
304817,65,24281,0.8252156376838684,13666.747745864093,0
304818,65,24282,0.8307386040687561,13667.578484468162,0
304819,65,24283,0.8328749537467957,13668.411359421909,0
304820,65,24284,0.8341438174247742,13669.245503239334,0
304821,65,24285,0.834136426448822,13670.079639665782,0
304822,65,24286,0.8165474534034729,13670.896187119186,0
304823,65,24287,0.8215396404266357,13671.717726759613,0
304824,65,24288,0.8355000019073486,13672.55322676152,0
304825,65,24289,0.8236681818962097,13673.376894943416,0
304826,65,24290,0.8253504037857056,13674.202245347202,0
304827,65,24291,0.8202948570251465,13675.022540204227,0
304828,65,24292,0.8285273909568787,13675.851067595184,0
304829,65,24293,0.8245209455490112,13676.675588540733,0
304830,65,24294,0.8283312320709229,13677.503919772804,0
304831,65,24295,0.8222616910934448,13678.326181463897,0
304832,65,24296,0.8267679214477539,13679.152949385345,0
304833,65,24297,0.8356583118438721,13679.988607697189,0
304834,65,24298,0.8247221112251282,13680.813329808414,0
304835,65,24299,0.8325388431549072,13681.645868651569,0
304836,65,24300,0.8455386161804199,13682.49140726775,0
304837,65,24301,0.8357664346694946,13683.327173702419,0
304838,65,24302,0.842196524143219,13684.169370226562,0
304839,65,24303,0.8497316241264343,13685.019101850688,0
304840,65,24304,0.8413323760032654,13685.860434226692,0
304841,65,24305,0.8496901392936707,13686.710124365985,0
304842,65,24306,0.844102680683136,13687.554227046669,0
304843,65,24307,0.8496674299240112,13688.403894476593,0
304844,65,24308,0.8466532826423645,13689.250547759235,0
304845,65,24309,0.8558584451675415,13690.106406204402,0
304846,65,24310,0.8660730719566345,13690.972479276359,0
304847,65,24311,0.8529736995697021,13691.825452975929,0
304848,65,24312,0.8598470687866211,13692.685300044715,0
304849,65,24313,0.8560807108879089,13693.541380755603,0
304850,65,24314,0.8592973351478577,13694.400678090751,0
304851,65,24315,0.8615735173225403,13695.262251608074,0
304852,65,24316,0.8623902201652527,13696.124641828239,0
304853,65,24317,0.8656862378120422,13696.990328066051,0
304854,65,24318,0.8646860718727112,13697.855014137924,0
304855,65,24319,0.8681522011756897,13698.7231663391,0
304856,65,24320,0.8684144616127014,13699.591580800712,0
304857,65,24321,0.867435097694397,13700.459015898407,0
304858,65,24322,0.8768677115440369,13701.33588360995,0
304859,65,24323,0.864639937877655,13702.200523547828,0
304860,65,24324,0.8706612586975098,13703.071184806526,0
304861,65,24325,0.8639628887176514,13703.935147695243,0
304862,65,24326,0.8682242631912231,13704.803371958435,0
304863,65,24327,0.8768193125724792,13705.680191271007,0
304864,65,24328,0.8651828765869141,13706.545374147594,0
304865,65,24329,0.8702405095100403,13707.415614657104,0
304866,65,24330,0.8678132891654968,13708.28342794627,0
304867,65,24331,0.8721739649772644,13709.155601911247,0
304868,65,24332,0.868627667427063,13710.024229578674,0
304869,65,24333,0.8738674521446228,13710.898097030818,0
304870,65,24334,0.8654100894927979,13711.763507120311,0
304871,65,24335,0.8690973520278931,13712.63260447234,0
304872,65,24336,0.8637869358062744,13713.496391408145,0
304873,65,24337,0.8652266263961792,13714.361618034542,0
304874,65,24338,0.8598468899726868,13715.221464924514,0
304875,65,24339,0.8632815480232239,13716.084746472538,0
304876,65,24340,0.8718649744987488,13716.956611447036,0
304877,65,24341,0.8761016726493835,13717.832713119686,0
304878,65,24342,0.8598865270614624,13718.692599646747,0
304879,65,24343,0.865012526512146,13719.55761217326,0
304880,65,24344,0.8778256773948669,13720.435437850654,0
304881,65,24345,0.8672691583633423,13721.302707009017,0
304882,65,24346,0.8734529614448547,13722.176159970462,0
304883,65,24347,0.8694291114807129,13723.045589081943,0
304884,65,24348,0.8740482330322266,13723.919637314975,0
304885,65,24349,0.8704992532730103,13724.790136568248,0
304886,65,24350,0.8765013217926025,13725.66663789004,0
304887,65,24351,0.8830204010009766,13726.549658291042,0
304888,65,24352,0.8644264936447144,13727.414084784687,0
304889,65,24353,0.8695998787879944,13728.283684663475,0
304890,65,24354,0.8676603436470032,13729.151345007122,0
304891,65,24355,0.8702540993690491,13730.02159910649,0
304892,65,24356,0.8706104755401611,13730.89220958203,0
304893,65,24357,0.878220796585083,13731.770430378616,0
304894,65,24358,0.8692387342453003,13732.639669112861,0
304895,65,24359,0.8729398846626282,13733.512608997524,0
304896,65,24360,0.8677161335945129,13734.380325131118,0
304897,65,24361,0.8703548312187195,13735.250679962337,0
304898,65,24362,0.8790061473846436,13736.129686109722,0
304899,65,24363,0.8610902428627014,13736.990776352584,0
304900,65,24364,0.8668781518936157,13737.857654504478,0
304901,65,24365,0.866804838180542,13738.724459342659,0
304902,65,24366,0.8687319755554199,13739.593191318214,0
304903,65,24367,0.8690195083618164,13740.462210826576,0
304904,65,24368,0.8649945855140686,13741.32720541209,0
304905,65,24369,0.8693299293518066,13742.196535341442,0
304906,65,24370,0.8779765963554382,13743.074511937797,0
304907,65,24371,0.8650463223457336,13743.939558260143,0
304908,65,24372,0.8673657178878784,13744.80692397803,0
304909,65,24373,0.8751315474510193,13745.682055525482,0
304910,65,24374,0.8603167533874512,13746.54237227887,0
304911,65,24375,0.8648902773857117,13747.407262556255,0
304912,65,24376,0.8753311634063721,13748.282593719661,0
304913,65,24377,0.8658506274223328,13749.148444347084,0
304914,65,24378,0.8678641319274902,13750.016308479011,0
304915,65,24379,0.8630249500274658,13750.879333429039,0
304916,65,24380,0.8699474334716797,13751.74928086251,0
304917,65,24381,0.8751296401023865,13752.624410502613,0
304918,65,24382,0.8819535970687866,13753.506364099681,0
304919,65,24383,0.8850950002670288,13754.391459099948,0
304920,65,24384,0.8670787215232849,13755.258537821472,0
304921,65,24385,0.8750637173652649,13756.133601538837,0
304922,65,24386,0.8814247846603394,13757.015026323497,0
304923,65,24387,0.8720837235450745,13757.887110047042,0
304924,65,24388,0.8800396919250488,13758.767149738967,0
304925,65,24389,0.8911911845207214,13759.658340923488,0
304926,65,24390,0.8970632553100586,13760.555404178798,0
304927,65,24391,0.8767234683036804,13761.432127647102,0
304928,65,24392,0.8802069425582886,13762.31233458966,0
304929,65,24393,0.8811062574386597,13763.193440847099,0
304930,65,24394,0.8828859329223633,13764.076326780021,0
304931,65,24395,0.8797558546066284,13764.956082634628,0
304932,65,24396,0.8801453709602356,13765.836228005588,0
304933,65,24397,0.880534827709198,13766.716762833297,0
304934,65,24398,0.883611798286438,13767.600374631584,0
304935,65,24399,0.8719754815101624,13768.472350113094,0
304936,65,24400,0.8774662017822266,13769.349816314876,0
304937,65,24401,0.8694105744361877,13770.219226889312,0
304938,65,24402,0.8716593384742737,13771.090886227787,0
304939,65,24403,0.8751238584518433,13771.966010086238,0
304940,65,24404,0.8802534937858582,13772.846263580024,0
304941,65,24405,0.8639803528785706,13773.710243932903,0
304942,65,24406,0.8662567734718323,13774.576500706375,0
304943,65,24407,0.8619428873062134,13775.43844359368,0
304944,65,24408,0.8607212901115417,13776.299164883792,0
304945,65,24409,0.8578771948814392,13777.157042078674,0
304946,65,24410,0.8626617789268494,13778.0197038576,0
304947,65,24411,0.8489983677864075,13778.868702225387,0
304948,65,24412,0.8550450801849365,13779.723747305572,0
304949,65,24413,0.8657653331756592,13780.589512638748,0
304950,65,24414,0.8734397888183594,13781.462952427566,0
304951,65,24415,0.8741515874862671,13782.337104015052,0
304952,65,24416,0.8570058941841125,13783.194109909236,0
304953,65,24417,0.8618294596672058,13784.055939368904,0
304954,65,24418,0.8685716986656189,13784.92451106757,0
304955,65,24419,0.8588510155677795,13785.783362083137,0
304956,65,24420,0.8665724992752075,13786.649934582412,0
304957,65,24421,0.8613240122795105,13787.511258594692,0
304958,65,24422,0.863525390625,13788.374783985317,0
304959,65,24423,0.868232786655426,13789.243016771972,0
304960,65,24424,0.856956422328949,13790.099973194301,0
304961,65,24425,0.8602864146232605,13790.960259608924,0
304962,65,24426,0.87062668800354,13791.830886296928,0
304963,65,24427,0.8558065891265869,13792.686692886055,0
304964,65,24428,0.8557949662208557,13793.542487852275,0
304965,65,24429,0.8532171845436096,13794.395705036819,0
304966,65,24430,0.854891836643219,13795.250596873462,0
304967,65,24431,0.8635595440864563,13796.114156417549,0
304968,65,24432,0.8507522940635681,13796.964908711612,0
304969,65,24433,0.8573464155197144,13797.822255127132,0
304970,65,24434,0.8668798208236694,13798.689134947956,0
304971,65,24435,0.8687328100204468,13799.557867757976,0
304972,65,24436,0.8680241107940674,13800.42589186877,0
304973,65,24437,0.847791314125061,13801.273683182895,0
304974,65,24438,0.8566853404045105,13802.1303685233,0
304975,65,24439,0.8603755831718445,13802.990744106472,0
304976,65,24440,0.863417387008667,13803.85416149348,0
304977,65,24441,0.8460158109664917,13804.700177304447,0
304978,65,24442,0.8511030673980713,13805.551280371845,0
304979,65,24443,0.8560115694999695,13806.407291941345,0
304980,65,24444,0.8579939007759094,13807.26528584212,0
304981,65,24445,0.839679479598999,13808.10496532172,0
304982,65,24446,0.845681369304657,13808.950646691024,0
304983,65,24447,0.8402705788612366,13809.790917269886,0
304984,65,24448,0.845786452293396,13810.636703722179,0
304985,65,24449,0.8337602615356445,13811.470463983715,0
304986,65,24450,0.8360475301742554,13812.306511513889,0
304987,65,24451,0.8274185657501221,13813.133930079639,0
304988,65,24452,0.8332394361495972,13813.967169515789,0
304989,65,24453,0.8250331878662109,13814.792202703655,0
304990,65,24454,0.82707279920578,13815.61927550286,0
304991,65,24455,0.8224579095840454,13816.441733412445,0
304992,65,24456,0.8201826810836792,13817.261916093528,0
304993,65,24457,0.8188253045082092,13818.080741398036,0
304994,65,24458,0.8262014985084534,13818.906942896545,0
304995,65,24459,0.8302714228630066,13819.737214319408,0
304996,65,24460,0.8124562501907349,13820.549670569599,0
304997,65,24461,0.8162738680839539,13821.365944437683,0
304998,65,24462,0.8112898468971252,13822.17723428458,0
304999,65,24463,0.8124009966850281,13822.989635281265,0
305000,65,24464,0.8188018202781677,13823.808437101543,0
305001,65,24465,0.8026418685913086,13824.611078970134,0
305002,65,24466,0.8089424967765808,13825.42002146691,0
305003,65,24467,0.8012552857398987,13826.22127675265,0
305004,65,24468,0.8085861206054688,13827.029862873256,0
305005,65,24469,0.8008124232292175,13827.830675296485,0
305006,65,24470,0.7998818159103394,13828.630557112396,0
305007,65,24471,0.8051607012748718,13829.43571781367,0
305008,65,24472,0.7922242283821106,13830.227942042053,0
305009,65,24473,0.7916222214698792,13831.019564263523,0
305010,65,24474,0.7977843880653381,13831.817348651588,0
305011,65,24475,0.7856578826904297,13832.603006534278,0
305012,65,24476,0.792251467704773,13833.395258001983,0
305013,65,24477,0.8020839095115662,13834.197341911495,0
305014,65,24478,0.8071798086166382,13835.004521720111,0
305015,65,24479,0.7840917706489563,13835.78861349076,0
305016,65,24480,0.7877918481826782,13836.576405338943,0
305017,65,24481,0.7932400703430176,13837.369645409286,0
305018,65,24482,0.7951636910438538,13838.16480910033,0
305019,65,24483,0.7784353494644165,13838.943244449794,0
305020,65,24484,0.7865350842475891,13839.729779534042,0
305021,65,24485,0.7898971438407898,13840.519676677883,0
305022,65,24486,0.7923440933227539,13841.312020771205,0
305023,65,24487,0.7745578289031982,13842.086578600109,0
305024,65,24488,0.78007572889328,13842.866654329002,0
305025,65,24489,0.7720671892166138,13843.638721518219,0
305026,65,24490,0.7793213129043579,13844.418042831123,0
305027,65,24491,0.7861209511756897,13845.204163782299,0
305028,65,24492,0.7710282206535339,13845.975192002952,0
305029,65,24493,0.7721601128578186,13846.74735211581,0
305030,65,24494,0.7680209279060364,13847.515373043716,0
305031,65,24495,0.7666124701499939,13848.281985513866,0
305032,65,24496,0.7687220573425293,13849.050707571208,0
305033,65,24497,0.7752057909965515,13849.825913362205,0
305034,65,24498,0.7779302000999451,13850.603843562305,0
305035,65,24499,0.7598583102226257,13851.363701872528,0
305036,65,24500,0.762282133102417,13852.12598400563,0
305037,65,24501,0.773820698261261,13852.899804703891,0
305038,65,24502,0.7802699208259583,13853.680074624717,0
305039,65,24503,0.7566373944282532,13854.436712019145,0
305040,65,24504,0.7554535865783691,13855.192165605724,0
305041,65,24505,0.755418598651886,13855.947584204376,0
305042,65,24506,0.756267786026001,13856.703851990402,0
305043,65,24507,0.7593520879745483,13857.463204078376,0
305044,65,24508,0.7599805593490601,13858.223184637725,0
305045,65,24509,0.740814745426178,13858.963999383152,0
305046,65,24510,0.7410910725593567,13859.70509045571,0
305047,65,24511,0.7536326050758362,13860.458723060787,0
305048,65,24512,0.7625487446784973,13861.221271805465,0
305049,65,24513,0.7637290358543396,13861.98500084132,0
305050,65,24514,0.7629877924919128,13862.747988633811,0
305051,65,24515,0.7604966163635254,13863.508485250175,0
305052,65,24516,0.7413487434387207,13864.249833993614,0
305053,65,24517,0.7459321618080139,13864.995766155422,0
305054,65,24518,0.7375503182411194,13865.733316473663,0
305055,65,24519,0.7391303181648254,13866.472446791828,0
305056,65,24520,0.7387620806694031,13867.211208872497,0
305057,65,24521,0.7366946935653687,13867.947903566062,0
305058,65,24522,0.7350127100944519,13868.682916276157,0
305059,65,24523,0.7274847030639648,13869.41040097922,0
305060,65,24524,0.7338497638702393,13870.144250743091,0
305061,65,24525,0.7231507301330566,13870.867401473224,0
305062,65,24526,0.7287825345993042,13871.596184007823,0
305063,65,24527,0.7356526851654053,13872.331836692989,0
305064,65,24528,0.7394905686378479,13873.071327261627,0
305065,65,24529,0.7193436026573181,13873.790670864284,0
305066,65,24530,0.7218233346939087,13874.512494198978,0
305067,65,24531,0.7309756278991699,13875.243469826877,0
305068,65,24532,0.7155161499977112,13875.958985976875,0
305069,65,24533,0.7195075750350952,13876.67849355191,0
305070,65,24534,0.7262504696846008,13877.404744021595,0
305071,65,24535,0.7149131298065186,13878.119657151401,0
305072,65,24536,0.7168483138084412,13878.83650546521,0
305073,65,24537,0.7223577499389648,13879.558863215148,0
305074,65,24538,0.7122556567192078,13880.271118871868,0
305075,65,24539,0.7118490934371948,13880.982967965305,0
305076,65,24540,0.7163825035095215,13881.699350468814,0
305077,65,24541,0.7068295478820801,13882.406180016696,0
305078,65,24542,0.7073757648468018,13883.113555781543,0
305079,65,24543,0.709160327911377,13883.822716109455,0
305080,65,24544,0.6982012987136841,13884.520917408168,0
305081,65,24545,0.7019335627555847,13885.222850970924,0
305082,65,24546,0.7000890374183655,13885.922940008342,0
305083,65,24547,0.6959863305091858,13886.618926338851,0
305084,65,24548,0.7009329199790955,13887.31985925883,0
305085,65,24549,0.6897478699684143,13888.009607128799,0
305086,65,24550,0.6928260922431946,13888.702433221042,0
305087,65,24551,0.6888040900230408,13889.391237311065,0
305088,65,24552,0.6889732480049133,13890.08021055907,0
305089,65,24553,0.6960630416870117,13890.776273600757,0
305090,65,24554,0.6873245239257812,13891.463598124683,0
305091,65,24555,0.6926212310791016,13892.156219355762,0
305092,65,24556,0.697992205619812,13892.854211561382,0
305093,65,24557,0.7029740810394287,13893.557185642421,0
305094,65,24558,0.6831337809562683,13894.240319423378,0
305095,65,24559,0.6882380843162537,13894.928557507694,0
305096,65,24560,0.6943562626838684,13895.622913770378,0
305097,65,24561,0.6967366933822632,13896.31965046376,0
305098,65,24562,0.6806857585906982,13897.00033622235,0
305099,65,24563,0.6833233833312988,13897.683659605682,0
305100,65,24564,0.6971558928489685,13898.38081549853,0
305101,65,24565,0.7069768905639648,13899.087792389095,0
305102,65,24566,0.6883347034454346,13899.77612709254,0
305103,65,24567,0.6927913427352905,13900.468918435276,0
305104,65,24568,0.704171895980835,13901.173090331256,0
305105,65,24569,0.6860103011131287,13901.85910063237,0
305106,65,24570,0.6860347986221313,13902.545135430992,0
305107,65,24571,0.6938910484313965,13903.239026479423,0
305108,65,24572,0.6838628053665161,13903.92288928479,0
305109,65,24573,0.686982274055481,13904.609871558845,0
305110,65,24574,0.6964098811149597,13905.30628143996,0
305111,65,24575,0.6814924478530884,13905.987773887813,0
305112,65,24576,0.6859537959098816,13906.673727683723,0
305113,65,24577,0.6969527006149292,13907.370680384338,0
305114,65,24578,0.6847244501113892,13908.05540483445,0
305115,65,24579,0.6863281726837158,13908.741733007133,0
305116,65,24580,0.6810207366943359,13909.422753743827,0
305117,65,24581,0.6851245760917664,13910.10787831992,0
305118,65,24582,0.6812968850135803,13910.789175204933,0
305119,65,24583,0.685122013092041,13911.474297218025,0
305120,65,24584,0.6797153353691101,13912.154012553394,0
305121,65,24585,0.6828164458274841,13912.836828999221,0
305122,65,24586,0.6820330023765564,13913.518862001598,0
305123,65,24587,0.682498037815094,13914.201360039413,0
305124,65,24588,0.683792769908905,13914.885152809322,0
305125,65,24589,0.682901918888092,13915.56805472821,0
305126,65,24590,0.684887707233429,13916.252942435443,0
305127,65,24591,0.683629035949707,13916.936571471393,0
305128,65,24592,0.6813986301422119,13917.617970101535,0
305129,65,24593,0.6758726239204407,13918.293842725456,0
305130,65,24594,0.6742585897445679,13918.9681013152,0
305131,65,24595,0.6795021295547485,13919.647603444755,0
305132,65,24596,0.6687887907028198,13920.316392235458,0
305133,65,24597,0.674856960773468,13920.991249196231,0
305134,65,24598,0.6725391745567322,13921.663788370788,0
305135,65,24599,0.6762134432792664,13922.340001814067,0
305136,65,24600,0.6842854619026184,13923.02428727597,0
305137,65,24601,0.6888019442558289,13923.713089220226,0
305138,65,24602,0.688248872756958,13924.401338092983,0
305139,65,24603,0.687265157699585,13925.088603250682,0
305140,65,24604,0.6867112517356873,13925.775314502418,0
305141,65,24605,0.686557412147522,13926.461871914566,0
305142,65,24606,0.6700195074081421,13927.131891421974,0
305143,65,24607,0.6820919513702393,13927.813983373344,0
305144,65,24608,0.6796886324882507,13928.493672005832,0
305145,65,24609,0.6920291781425476,13929.185701183975,0
305146,65,24610,0.6842262744903564,13929.869927458465,0
305147,65,24611,0.6909579634666443,13930.560885421932,0
305148,65,24612,0.6865917444229126,13931.247477166355,0
305149,65,24613,0.6948704719543457,13931.942347638309,0
305150,65,24614,0.7037500739097595,13932.646097712219,0
305151,65,24615,0.6927590370178223,13933.338856749237,0
305152,65,24616,0.6995402574539185,13934.03839700669,0
305153,65,24617,0.7061273455619812,13934.744524352252,0
305154,65,24618,0.6927533149719238,13935.437277667224,0
305155,65,24619,0.6979568004608154,13936.135234467685,0
305156,65,24620,0.7032358646392822,13936.838470332325,0
305157,65,24621,0.6875730156898499,13937.526043348014,0
305158,65,24622,0.6925473809242249,13938.218590728939,0
305159,65,24623,0.6878423094749451,13938.906433038414,0
305160,65,24624,0.693705141544342,13939.600138179958,0
305161,65,24625,0.7047238349914551,13940.30486201495,0
305162,65,24626,0.6903011798858643,13940.995163194835,0
305163,65,24627,0.6958167552947998,13941.69097995013,0
305164,65,24628,0.702358603477478,13942.393338553607,0
305165,65,24629,0.709701657295227,13943.103040210903,0
305166,65,24630,0.7122551798820496,13943.815295390785,0
305167,65,24631,0.6919329762458801,13944.50722836703,0
305168,65,24632,0.6987926959991455,13945.20602106303,0
305169,65,24633,0.6939190030097961,13945.89994006604,0
305170,65,24634,0.7012389302253723,13946.601178996265,0
305171,65,24635,0.6964932680130005,13947.297672264278,0
305172,65,24636,0.6970260739326477,13947.99469833821,0
305173,65,24637,0.6932936906814575,13948.687992028892,0
305174,65,24638,0.694585919380188,13949.382577948272,0
305175,65,24639,0.6998502612113953,13950.082428209484,0
305176,65,24640,0.690963089466095,13950.77339129895,0
305177,65,24641,0.6980922818183899,13951.471483580768,0
305178,65,24642,0.6922139525413513,13952.16369753331,0
305179,65,24643,0.6973302364349365,13952.861027769744,0
305180,65,24644,0.6935309767723083,13953.554558746517,0
305181,65,24645,0.6963098645210266,13954.250868611038,0
305182,65,24646,0.7046253681182861,13954.955493979156,0
305183,65,24647,0.693417489528656,13955.648911468685,0
305184,65,24648,0.6968954801559448,13956.34580694884,0
305185,65,24649,0.691386342048645,13957.03719329089,0
305186,65,24650,0.6948654651641846,13957.732058756053,0
305187,65,24651,0.6918059587478638,13958.423864714801,0
305188,65,24652,0.6908199787139893,13959.114684693515,0
305189,65,24653,0.6988009810447693,13959.81348567456,0
305190,65,24654,0.6883827447891235,13960.50186841935,0
305191,65,24655,0.6927692890167236,13961.194637708366,0
305192,65,24656,0.7005649209022522,13961.895202629268,0
305193,65,24657,0.7030900120735168,13962.598292641342,0
305194,65,24658,0.68730628490448,13963.285598926246,0
305195,65,24659,0.6939701437950134,13963.979569070041,0
305196,65,24660,0.6972968578338623,13964.676865927875,0
305197,65,24661,0.6860798597335815,13965.362945787609,0
305198,65,24662,0.6935768723487854,13966.056522659957,0
305199,65,24663,0.7010419368743896,13966.757564596832,0
305200,65,24664,0.6899375319480896,13967.44750212878,0
305201,65,24665,0.6956644654273987,13968.143166594207,0
305202,65,24666,0.708316445350647,13968.851483039558,0
305203,65,24667,0.697303295135498,13969.548786334693,0
305204,65,24668,0.7015466094017029,13970.250332944095,0
305205,65,24669,0.7115266919136047,13970.961859636009,0
305206,65,24670,0.7148935198783875,13971.676753155887,0
305207,65,24671,0.6946649551391602,13972.371418111026,0
305208,65,24672,0.702784538269043,13973.074202649295,0
305209,65,24673,0.6973385214805603,13973.771541170776,0
305210,65,24674,0.7028580904006958,13974.474399261177,0
305211,65,24675,0.7064388990402222,13975.180838160217,0
305212,65,24676,0.6965072154998779,13975.877345375717,0
305213,65,24677,0.701385498046875,13976.578730873764,0
305214,65,24678,0.7093762159347534,13977.288107089698,0
305215,65,24679,0.7173519730567932,13978.005459062755,0
305216,65,24680,0.720683753490448,13978.726142816246,0
305217,65,24681,0.7211402058601379,13979.447283022106,0
305218,65,24682,0.703438937664032,13980.15072195977,0
305219,65,24683,0.7071002721786499,13980.857822231948,0
305220,65,24684,0.7028132677078247,13981.560635499656,0
305221,65,24685,0.7034866213798523,13982.264122121036,0
305222,65,24686,0.6946386694908142,13982.958760790527,0
305223,65,24687,0.695364236831665,13983.654125027359,0
305224,65,24688,0.6954325437545776,13984.349557571113,0
305225,65,24689,0.6909467577934265,13985.040504328907,0
305226,65,24690,0.6892203092575073,13985.729724638164,0
305227,65,24691,0.687989354133606,13986.417713992298,0
305228,65,24692,0.6957263946533203,13987.113440386951,0
305229,65,24693,0.7041245698928833,13987.817564956844,0
305230,65,24694,0.7091982364654541,13988.52676319331,0
305231,65,24695,0.6931097507476807,13989.219872944057,0
305232,65,24696,0.6998167634010315,13989.919689707458,0
305233,65,24697,0.6959517598152161,13990.615641467273,0
305234,65,24698,0.6965764164924622,13991.312217883766,0
305235,65,24699,0.6964961290359497,13992.008714012802,0
305236,65,24700,0.7031402587890625,13992.71185427159,0
305237,65,24701,0.691857635974884,13993.403711907566,0
305238,65,24702,0.6925049424171448,13994.096216849983,0
305239,65,24703,0.6997464895248413,13994.795963339508,0
305240,65,24704,0.7033855319023132,13995.49934887141,0
305241,65,24705,0.7039312124252319,13996.203280083835,0
305242,65,24706,0.7025387287139893,13996.90581881255,0
305243,65,24707,0.701707124710083,13997.60752593726,0
305244,65,24708,0.700136125087738,13998.307662062347,0
305245,65,24709,0.6826090812683105,13998.990271143615,0
305246,65,24710,0.6839842200279236,13999.674255363643,0
305247,65,24711,0.6801108121871948,14000.35436617583,0
305248,65,24712,0.6848308444023132,14001.039197020233,0
305249,65,24713,0.6876906156539917,14001.726887635887,0
305250,65,24714,0.6905790567398071,14002.417466692626,0
305251,65,24715,0.6746309399604797,14003.092097632587,0
305252,65,24716,0.6805353164672852,14003.772632949054,0
305253,65,24717,0.6768465042114258,14004.449479453266,0
305254,65,24718,0.6857467889785767,14005.135226242244,0
305255,65,24719,0.6912853717803955,14005.826511614025,0
305256,65,24720,0.6947066187858582,14006.52121823281,0
305257,65,24721,0.6915778517723083,14007.212796084583,0
305258,65,24722,0.6893431544303894,14007.902139239013,0
305259,65,24723,0.6871567964553833,14008.589296035469,0
305260,65,24724,0.6686704158782959,14009.257966451347,0
305261,65,24725,0.67833012342453,14009.936296574771,0
305262,65,24726,0.6847904920578003,14010.62108706683,0
305263,65,24727,0.6742483973503113,14011.29533546418,0
305264,65,24728,0.680976390838623,14011.976311855018,0
305265,65,24729,0.6924965381622314,14012.66880839318,0
305266,65,24730,0.7003380656242371,14013.369146458805,0
305267,65,24731,0.7027637362480164,14014.071910195053,0
305268,65,24732,0.6842766404151917,14014.756186835468,0
305269,65,24733,0.6872369647026062,14015.44342380017,0
305270,65,24734,0.6958972811698914,14016.13932108134,0
305271,65,24735,0.6986122131347656,14016.837933294475,0
305272,65,24736,0.6787034869194031,14017.516636781394,0
305273,65,24737,0.6810264587402344,14018.197663240135,0
305274,65,24738,0.6851561069488525,14018.882819347084,0
305275,65,24739,0.6704941391944885,14019.553313486278,0
305276,65,24740,0.676831066608429,14020.230144552886,0
305277,65,24741,0.6839095950126648,14020.9140541479,0
305278,65,24742,0.6890913844108582,14021.60314553231,0
305279,65,24743,0.6685976386070251,14022.271743170917,0
305280,65,24744,0.6718445420265198,14022.943587712944,0
305281,65,24745,0.6798173785209656,14023.623405091465,0
305282,65,24746,0.6868822574615479,14024.310287348926,0
305283,65,24747,0.6865853071212769,14024.996872656047,0
305284,65,24748,0.6839240789413452,14025.680796734989,0
305285,65,24749,0.6638450622558594,14026.344641797245,0
305286,65,24750,0.6674342751502991,14027.012076072395,0
305287,65,24751,0.6801155209541321,14027.692191593349,0
305288,65,24752,0.6863945126533508,14028.378586106002,0
305289,65,24753,0.6661562919616699,14029.044742397964,0
305290,65,24754,0.6661501526832581,14029.710892550647,0
305291,65,24755,0.6769990921020508,14030.38789164275,0
305292,65,24756,0.6817841529846191,14031.069675795734,0
305293,65,24757,0.6808661222457886,14031.75054191798,0
305294,65,24758,0.6804099678993225,14032.430951885879,0
305295,65,24759,0.6613382697105408,14033.09229015559,0
305296,65,24760,0.671023428440094,14033.76331358403,0
305297,65,24761,0.6659646034240723,14034.429278187454,0
305298,65,24762,0.676033616065979,14035.10531180352,0
305299,65,24763,0.670926034450531,14035.77623783797,0
305300,65,24764,0.6768364310264587,14036.453074268997,0
305301,65,24765,0.6824406385421753,14037.135514907539,0
305302,65,24766,0.6667865514755249,14037.802301459014,0
305303,65,24767,0.6733341813087463,14038.475635640323,0
305304,65,24768,0.6779422760009766,14039.153577916324,0
305305,65,24769,0.6652874946594238,14039.818865410984,0
305306,65,24770,0.6688970923423767,14040.487762503326,0
305307,65,24771,0.6811141967773438,14041.168876700103,0
305308,65,24772,0.689361572265625,14041.858238272369,0
305309,65,24773,0.6725698709487915,14042.530808143318,0
305310,65,24774,0.6792787909507751,14043.210086934268,0
305311,65,24775,0.6723636984825134,14043.882450632751,0
305312,65,24776,0.6753911375999451,14044.557841770351,0
305313,65,24777,0.6735281944274902,14045.231369964778,0
305314,65,24778,0.6734874844551086,14045.904857449234,0
305315,65,24779,0.6765678524971008,14046.58142530173,0
305316,65,24780,0.6832360029220581,14047.264661304653,0
305317,65,24781,0.6712956428527832,14047.935956947505,0
305318,65,24782,0.6773874759674072,14048.613344423473,0
305319,65,24783,0.6754854321479797,14049.28882985562,0
305320,65,24784,0.6853702664375305,14049.974200122058,0
305321,65,24785,0.6915318965911865,14050.66573201865,0
305322,65,24786,0.690165638923645,14051.355897657573,0
305323,65,24787,0.6762296557426453,14052.032127313316,0
305324,65,24788,0.684434175491333,14052.716561488807,0
305325,65,24789,0.6911433339118958,14053.40770482272,0
305326,65,24790,0.6911471486091614,14054.098851971328,0
305327,65,24791,0.6907570362091064,14054.789609007537,0
305328,65,24792,0.6910918354988098,14055.480700843036,0
305329,65,24793,0.68120938539505,14056.161910228431,0
305330,65,24794,0.6871024966239929,14056.849012725055,0
305331,65,24795,0.6960985064506531,14057.545111231506,0
305332,65,24796,0.6907289028167725,14058.235840134323,0
305333,65,24797,0.6957629323005676,14058.931603066623,0
305334,65,24798,0.7008340954780579,14059.632437162101,0
305335,65,24799,0.6921445727348328,14060.324581734836,0
305336,65,24800,0.684440553188324,14061.009022288024,0
305337,65,24801,0.7039108276367188,14061.712933115661,0
305338,65,24802,0.7033056616783142,14062.41623877734,0
305339,65,24803,0.7030690908432007,14063.119307868183,0
305340,65,24804,0.6992796659469604,14063.81858753413,0
305341,65,24805,0.6923543214797974,14064.51094185561,0
305342,65,24806,0.7084431648254395,14065.219385020435,0
305343,65,24807,0.7064143419265747,14065.925799362361,0
305344,65,24808,0.7080564498901367,14066.633855812252,0
305345,65,24809,0.711313784122467,14067.345169596374,0
305346,65,24810,0.708922266960144,14068.054091863334,0
305347,65,24811,0.7063428163528442,14068.760434679687,0
305348,65,24812,0.7035130858421326,14069.46394776553,0
305349,65,24813,0.7056676149368286,14070.169615380466,0
305350,65,24814,0.7169076800346375,14070.8865230605,0
305351,65,24815,0.7157899141311646,14071.602312974632,0
305352,65,24816,0.7119556069374084,14072.31426858157,0
305353,65,24817,0.7109941244125366,14073.025262705982,0
305354,65,24818,0.708994448184967,14073.734257154167,0
305355,65,24819,0.7229719161987305,14074.457229070365,0
305356,65,24820,0.7223037481307983,14075.179532818496,0
305357,65,24821,0.7210491299629211,14075.90058194846,0
305358,65,24822,0.7245805263519287,14076.625162474811,0
305359,65,24823,0.7266067266464233,14077.351769201458,0
305360,65,24824,0.7271810173988342,14078.078950218856,0
305361,65,24825,0.7293703556060791,14078.808320574462,0
305362,65,24826,0.7276119589805603,14079.535932533443,0
305363,65,24827,0.7271730899810791,14080.263105623424,0
305364,65,24828,0.7345253825187683,14080.997631005943,0
305365,65,24829,0.7308396697044373,14081.728470675647,0
305366,65,24830,0.7304626703262329,14082.458933345973,0
305367,65,24831,0.7334185838699341,14083.192351929843,0
305368,65,24832,0.738917350769043,14083.931269280612,0
305369,65,24833,0.7418973445892334,14084.673166625202,0
305370,65,24834,0.7401671409606934,14085.413333766162,0
305371,65,24835,0.7415487170219421,14086.154882483184,0
305372,65,24836,0.7353842854499817,14086.890266768634,0
305373,65,24837,0.7451561689376831,14087.635422937572,0
305374,65,24838,0.7498879432678223,14088.38531088084,0
305375,65,24839,0.7425210475921631,14089.127831928432,0
305376,65,24840,0.7494864463806152,14089.877318374813,0
305377,65,24841,0.749876856803894,14090.627195231616,0
305378,65,24842,0.7467278242111206,14091.373923055828,0
305379,65,24843,0.7521515488624573,14092.12607460469,0
305380,65,24844,0.7544779181480408,14092.880552522838,0
305381,65,24845,0.7529060244560242,14093.633458547294,0
305382,65,24846,0.7542935609817505,14094.387752108276,0
305383,65,24847,0.757408618927002,14095.145160727203,0
305384,65,24848,0.754837155342102,14095.899997882545,0
305385,65,24849,0.7571202516555786,14096.6571181342,0
305386,65,24850,0.759311854839325,14097.41642998904,0
305387,65,24851,0.7584880590438843,14098.174918048084,0
305388,65,24852,0.7615056037902832,14098.936423651874,0
305389,65,24853,0.7681255340576172,14099.704549185932,0
305390,65,24854,0.755915105342865,14100.460464291275,0
305391,65,24855,0.7628366351127625,14101.223300926387,0
305392,65,24856,0.7736876010894775,14101.996988527477,0
305393,65,24857,0.7654758095741272,14102.762464337051,0
305394,65,24858,0.7690130472183228,14103.53147738427,0
305395,65,24859,0.7679738998413086,14104.29945128411,0
305396,65,24860,0.7780362367630005,14105.077487520874,0
305397,65,24861,0.76976078748703,14105.84724830836,0
305398,65,24862,0.7699252963066101,14106.617173604667,0
305399,65,24863,0.7709027528762817,14107.388076357543,0
305400,65,24864,0.7739832997322083,14108.162059657276,0
305401,65,24865,0.7777971029281616,14108.939856760204,0
305402,65,24866,0.7791517972946167,14109.719008557498,0
305403,65,24867,0.7867197394371033,14110.505728296936,0
305404,65,24868,0.7879382967948914,14111.29366659373,0
305405,65,24869,0.7855085730552673,14112.079175166786,0
305406,65,24870,0.7991106510162354,14112.878285817802,0
305407,65,24871,0.8054506778717041,14113.683736495674,0
305408,65,24872,0.7984035015106201,14114.482139997184,0
305409,65,24873,0.8048084378242493,14115.286948435009,0
305410,65,24874,0.8126737475395203,14116.099622182548,0
305411,65,24875,0.8125323057174683,14116.912154488266,0
305412,65,24876,0.8194360733032227,14117.731590561569,0
305413,65,24877,0.8173344731330872,14118.548925034702,0
305414,65,24878,0.816664457321167,14119.365589492023,0
305415,65,24879,0.8189945816993713,14120.184584073722,0
305416,65,24880,0.8224831819534302,14121.007067255676,0
305417,65,24881,0.8294657468795776,14121.836533002555,0
305418,65,24882,0.8361890316009521,14122.672722034156,0
305419,65,24883,0.8405373096466064,14123.513259343803,0
305420,65,24884,0.8485055565834045,14124.361764900386,0
305421,65,24885,0.8492940664291382,14125.211058966815,0
305422,65,24886,0.8481506705284119,14126.059209637344,0
305423,65,24887,0.8483867049217224,14126.907596342266,0
305424,65,24888,0.8511853218078613,14127.758781664073,0
305425,65,24889,0.8630442023277283,14128.621825866401,0
305426,65,24890,0.8650434017181396,14129.48686926812,0
305427,65,24891,0.8710736632347107,14130.357942931354,0
305428,65,24892,0.8711137771606445,14131.229056708515,0
305429,65,24893,0.8683760762214661,14132.097432784736,0
305430,65,24894,0.8653204441070557,14132.962753228843,0
305431,65,24895,0.8824031352996826,14133.845156364143,0
305432,65,24896,0.8802382946014404,14134.725394658744,0
305433,65,24897,0.8800458908081055,14135.605440549552,0
305434,65,24898,0.8788319230079651,14136.48427247256,0
305435,65,24899,0.8785890936851501,14137.362861566246,0
305436,65,24900,0.8960217833518982,14138.258883349597,0
305437,65,24901,0.8923513293266296,14139.151234678924,0
305438,65,24902,0.9011937379837036,14140.052428416908,0
305439,65,24903,0.8994036912918091,14140.9518321082,0
305440,65,24904,0.8954455852508545,14141.84727769345,0
305441,65,24905,0.8930368423461914,14142.740314535797,0
305442,65,24906,0.8928257822990417,14143.633140318096,0
305443,65,24907,0.8963563442230225,14144.529496662319,0
305444,65,24908,0.9160096645355225,14145.445506326854,0
305445,65,24909,0.9103671908378601,14146.355873517692,0
305446,65,24910,0.909221351146698,14147.265094868839,0
305447,65,24911,0.9201990962028503,14148.185293965042,0
305448,65,24912,0.9155640602111816,14149.100858025253,0
305449,65,24913,0.9066547155380249,14150.00751274079,0
305450,65,24914,0.9028795957565308,14150.910392336547,0
305451,65,24915,0.9043626189231873,14151.81475495547,0
305452,65,24916,0.9274254441261292,14152.742180399597,0
305453,65,24917,0.929297149181366,14153.671477548778,0
305454,65,24918,0.9303251504898071,14154.601802699268,0
305455,65,24919,0.9318427443504333,14155.533645443618,0
305456,65,24920,0.9265245199203491,14156.460169963539,0
305457,65,24921,0.9222791790962219,14157.382449142635,0
305458,65,24922,0.9212589263916016,14158.303708069026,0
305459,65,24923,0.9420341849327087,14159.24574225396,0
305460,65,24924,0.9419510960578918,14160.187693350017,0
305461,65,24925,0.9299039840698242,14161.117597334087,0
305462,65,24926,0.925527036190033,14162.043124370277,0
305463,65,24927,0.92536860704422,14162.968492977321,0
305464,65,24928,0.9293423295021057,14163.897835306823,0
305465,65,24929,0.934843122959137,14164.832678429782,0
305466,65,24930,0.9407567977905273,14165.773435227573,0
305467,65,24931,0.946508526802063,14166.719943754375,0
305468,65,24932,0.968443751335144,14167.68838750571,0
305469,65,24933,0.9697978496551514,14168.658185355365,0
305470,65,24934,0.9611950516700745,14169.619380407035,0
305471,65,24935,0.9775194525718689,14170.596899859607,0
305472,65,24936,0.9771656394004822,14171.574065499008,0
305473,65,24937,0.9871849417686462,14172.561250440776,0
305474,65,24938,0.9894920587539673,14173.55074249953,0
305475,65,24939,0.9882721900939941,14174.539014689624,0
305476,65,24940,1.0056477785110474,14175.544662468135,0
305477,65,24941,1.0060625076293945,14176.550724975765,0
305478,65,24942,1.005104422569275,14177.555829398334,0
305479,65,24943,1.0213682651519775,14178.577197663486,0
305480,65,24944,1.023192286491394,14179.600389949977,0
305481,65,24945,1.032372236251831,14180.63276218623,0
305482,65,24946,1.0404866933822632,14181.673248879611,0
305483,65,24947,1.0395612716674805,14182.712810151279,0
305484,65,24948,1.0390204191207886,14183.7518305704,0
305485,65,24949,1.0586715936660767,14184.810502164066,0
305486,65,24950,1.0587756633758545,14185.869277827442,0
305487,65,24951,1.0509225130081177,14186.92020034045,0
305488,65,24952,1.0477535724639893,14187.967953912914,0
305489,65,24953,1.0728892087936401,14189.040843121707,0
305490,65,24954,1.0696690082550049,14190.110512129962,0
305491,65,24955,1.0698846578598022,14191.180396787822,0
305492,65,24956,1.070542335510254,14192.250939123333,0
305493,65,24957,1.0690834522247314,14193.320022575557,0
305494,65,24958,1.0818724632263184,14194.401895038784,0
305495,65,24959,1.0704196691513062,14195.472314707935,0
305496,65,24960,1.067419409751892,14196.539734117687,0
305497,65,24961,1.0626251697540283,14197.60235928744,0
305498,65,24962,1.062665343284607,14198.665024630725,0
305499,65,24963,1.0543471574783325,14199.719371788204,0
305500,65,24964,1.0422570705413818,14200.761628858745,0
305501,65,24965,1.0363783836364746,14201.798007242382,0
305502,65,24966,1.0512933731079102,14202.84930061549,0
305503,65,24967,1.038780689239502,14203.888081304729,0
305504,65,24968,1.0286184549331665,14204.916699759662,0
305505,65,24969,1.0354896783828735,14205.952189438045,0
305506,65,24970,1.0269864797592163,14206.979175917804,0
305507,65,24971,1.015833854675293,14207.99500977248,0
305508,65,24972,1.00630521774292,14209.001314990222,0
305509,65,24973,1.019487977027893,14210.02080296725,0
305510,65,24974,1.008484959602356,14211.029287926853,0
305511,65,24975,1.005284070968628,14212.034571997821,0
305512,65,24976,1.0014902353286743,14213.03606223315,0
305513,65,24977,0.9927768707275391,14214.028839103878,0
305514,65,24978,0.9985882043838501,14215.027427308261,0
305515,65,24979,0.9882962107658386,14216.015723519027,0
305516,65,24980,0.9787443280220032,14216.99446784705,0
305517,65,24981,0.9902989864349365,14217.984766833484,0
305518,65,24982,0.985810399055481,14218.97057723254,0
305519,65,24983,0.9706127643585205,14219.941189996898,0
305520,65,24984,0.9581937193870544,14220.899383716285,0
305521,65,24985,0.9505582451820374,14221.849941961467,0
305522,65,24986,0.9465051889419556,14222.79644715041,0
305523,65,24987,0.9441368579864502,14223.740584008396,0
305524,65,24988,0.9427090287208557,14224.683293037117,0
305525,65,24989,0.9568187594413757,14225.640111796558,0
305526,65,24990,0.9454505443572998,14226.585562340915,0
305527,65,24991,0.9463362097740173,14227.53189855069,0
305528,65,24992,0.9429169297218323,14228.474815480411,0
305529,65,24993,0.9389916062355042,14229.413807086647,0
305530,65,24994,0.926957905292511,14230.340764991939,0
305531,65,24995,0.9168021082878113,14231.257567100227,0
305532,65,24996,0.9148489236831665,14232.17241602391,0
305533,65,24997,0.9333378076553345,14233.105753831565,0
305534,65,24998,0.9244347810745239,14234.03018861264,0
305535,65,24999,0.9274567365646362,14234.957645349205,0
305536,65,25000,0.9146271347999573,14235.872272484004,0
305537,65,25001,0.9003526568412781,14236.772625140846,0
305538,65,25002,0.8919152617454529,14237.664540402591,0
305539,65,25003,0.9094435572624207,14238.573983959854,0
305540,65,25004,0.9052559733390808,14239.479239933193,0
305541,65,25005,0.9059478044509888,14240.385187737644,0
305542,65,25006,0.9005619883537292,14241.285749725997,0
305543,65,25007,0.8897833824157715,14242.175533108413,0
305544,65,25008,0.8820722699165344,14243.05760537833,0
305545,65,25009,0.8797125220298767,14243.93731790036,0
305546,65,25010,0.8972938656806946,14244.83461176604,0
305547,65,25011,0.8903750777244568,14245.724986843765,0
305548,65,25012,0.8959897756576538,14246.620976619422,0
305549,65,25013,0.8833781480789185,14247.504354767501,0
305550,65,25014,0.8733570575714111,14248.377711825073,0
305551,65,25015,0.8680151104927063,14249.245726935565,0
305552,65,25016,0.8850821852684021,14250.130809120834,0
305553,65,25017,0.8762262463569641,14251.00703536719,0
305554,65,25018,0.879936933517456,14251.886972300708,0
305555,65,25019,0.8748069405555725,14252.761779241264,0
305556,65,25020,0.868852436542511,14253.630631677806,0
305557,65,25021,0.8763899207115173,14254.507021598518,0
305558,65,25022,0.8728260397911072,14255.379847638309,0
305559,65,25023,0.8729454874992371,14256.252793125808,0
305560,65,25024,0.8643761873245239,14257.117169313133,0
305561,65,25025,0.8737281560897827,14257.990897469223,0
305562,65,25026,0.8690652251243591,14258.859962694347,0
305563,65,25027,0.8754939436912537,14259.735456638038,0
305564,65,25028,0.8719109296798706,14260.607367567718,0
305565,65,25029,0.8628566265106201,14261.470224194229,0
305566,65,25030,0.8722019195556641,14262.342426113784,0
305567,65,25031,0.8650444746017456,14263.207470588386,0
305568,65,25032,0.860686182975769,14264.068156771362,0
305569,65,25033,0.8701327443122864,14264.938289515674,0
305570,65,25034,0.864062488079071,14265.802352003753,0
305571,65,25035,0.8654634356498718,14266.667815439403,0
305572,65,25036,0.8612627387046814,14267.529078178108,0
305573,65,25037,0.8626259565353394,14268.391704134643,0
305574,65,25038,0.8606083393096924,14269.252312473953,0
305575,65,25039,0.8563141226768494,14270.10862659663,0
305576,65,25040,0.847964346408844,14270.956590943038,0
305577,65,25041,0.8596290349960327,14271.816219978034,0
305578,65,25042,0.8580827116966248,14272.674302689731,0
305579,65,25043,0.8566726446151733,14273.530975334346,0
305580,65,25044,0.854342520236969,14274.385317854583,0
305581,65,25045,0.853442907333374,14275.238760761917,0
305582,65,25046,0.8490492105484009,14276.087809972465,0
305583,65,25047,0.8503243327140808,14276.93813430518,0
305584,65,25048,0.8408082723617554,14277.77894257754,0
305585,65,25049,0.8347183465957642,14278.613660924137,0
305586,65,25050,0.8422355651855469,14279.455896489322,0
305587,65,25051,0.8423399925231934,14280.298236481845,0
305588,65,25052,0.8352121114730835,14281.133448593318,0
305589,65,25053,0.8287562131881714,14281.962204806507,0
305590,65,25054,0.8414099216461182,14282.803614728153,0
305591,65,25055,0.833553671836853,14283.63716839999,0
305592,65,25056,0.8382151126861572,14284.475383512676,0
305593,65,25057,0.8297081589698792,14285.305091671646,0
305594,65,25058,0.8197660446166992,14286.124857716262,0
305595,65,25059,0.8141448497772217,14286.93900256604,0
305596,65,25060,0.8344569206237793,14287.773459486663,0
305597,65,25061,0.8294223546981812,14288.602881841362,0
305598,65,25062,0.825870156288147,14289.42875199765,0
305599,65,25063,0.8186498284339905,14290.247401826084,0
305600,65,25064,0.8288320302963257,14291.07623385638,0
305601,65,25065,0.8244097828865051,14291.900643639266,0
305602,65,25066,0.8270196914672852,14292.727663330734,0
305603,65,25067,0.8230907917022705,14293.550754122436,0
305604,65,25068,0.8260098099708557,14294.376763932407,0
305605,65,25069,0.8264951109886169,14295.203259043396,0
305606,65,25070,0.8223047852516174,14296.025563828647,0
305607,65,25071,0.8143793940544128,14296.839943222702,0
305608,65,25072,0.8209251761436462,14297.660868398845,0
305609,65,25073,0.8219029307365417,14298.482771329582,0
305610,65,25074,0.8182145357131958,14299.300985865295,0
305611,65,25075,0.8149908781051636,14300.1159767434,0
305612,65,25076,0.8170973062515259,14300.933074049652,0
305613,65,25077,0.8146145343780518,14301.74768858403,0
305614,65,25078,0.8190410137176514,14302.566729597747,0
305615,65,25079,0.8106511235237122,14303.377380721271,0
305616,65,25080,0.8116121888160706,14304.188992910087,0
305617,65,25081,0.8166946172714233,14305.005687527359,0
305618,65,25082,0.8107340931892395,14305.816421620548,0
305619,65,25083,0.8108262419700623,14306.627247862518,0
305620,65,25084,0.8144708871841431,14307.441718749702,0
305621,65,25085,0.8078510165214539,14308.249569766223,0
305622,65,25086,0.811018168926239,14309.06058793515,0
305623,65,25087,0.800087571144104,14309.860675506294,0
305624,65,25088,0.7930360436439514,14310.653711549938,0
305625,65,25089,0.8086292147636414,14311.462340764701,0
305626,65,25090,0.803531289100647,14312.265872053802,0
305627,65,25091,0.8045003414154053,14313.070372395217,0
305628,65,25092,0.8002909421920776,14313.87066333741,0
305629,65,25093,0.806763768196106,14314.677427105606,0
305630,65,25094,0.8032978773117065,14315.480724982917,0
305631,65,25095,0.8045910000801086,14316.285315982997,0
305632,65,25096,0.800256073474884,14317.085572056472,0
305633,65,25097,0.7948593497276306,14317.8804314062,0
305634,65,25098,0.8037337064743042,14318.684165112674,0
305635,65,25099,0.8020429015159607,14319.48620801419,0
305636,65,25100,0.8042930960655212,14320.290501110256,0
305637,65,25101,0.7978407740592957,14321.088341884315,0
305638,65,25102,0.7882384657859802,14321.876580350101,0
305639,65,25103,0.8015623688697815,14322.67814271897,0
305640,65,25104,0.801178514957428,14323.479321233928,0
305641,65,25105,0.7975941300392151,14324.276915363967,0
305642,65,25106,0.7964727282524109,14325.07338809222,0
305643,65,25107,0.7964444160461426,14325.869832508266,0
305644,65,25108,0.7991999387741089,14326.66903244704,0
305645,65,25109,0.7925082445144653,14327.461540691555,0
305646,65,25110,0.7965112924575806,14328.258051984012,0
305647,65,25111,0.7974603772163391,14329.055512361228,0
305648,65,25112,0.7943825721740723,14329.849894933403,0
305649,65,25113,0.7882036566734314,14330.638098590076,0
305650,65,25114,0.7850877642631531,14331.42318635434,0
305651,65,25115,0.7844952344894409,14332.207681588829,0
305652,65,25116,0.7958173155784607,14333.003498904407,0
305653,65,25117,0.7958166003227234,14333.79931550473,0
305654,65,25118,0.7894660234451294,14334.588781528175,0
305655,65,25119,0.7877306342124939,14335.376512162387,0
305656,65,25120,0.793779194355011,14336.170291356742,0
305657,65,25121,0.7963073253631592,14336.966598682106,0
305658,65,25122,0.7979767322540283,14337.76457541436,0
305659,65,25123,0.7983879446983337,14338.562963359058,0
305660,65,25124,0.7898368835449219,14339.352800242603,0
305661,65,25125,0.7850421667098999,14340.137842409313,0
305662,65,25126,0.7858965992927551,14340.923739008605,0
305663,65,25127,0.793863832950592,14341.717602841556,0
305664,65,25128,0.7983681559562683,14342.515970997512,0
305665,65,25129,0.7922730445861816,14343.308244042099,0
305666,65,25130,0.7896097302436829,14344.097853772342,0
305667,65,25131,0.7950306534767151,14344.892884425819,0
305668,65,25132,0.799179196357727,14345.692063622177,0
305669,65,25133,0.7988352179527283,14346.49089884013,0
305670,65,25134,0.7997656464576721,14347.290664486587,0
305671,65,25135,0.7980974912643433,14348.088761977851,0
305672,65,25136,0.8005195260047913,14348.889281503856,0
305673,65,25137,0.7953851819038391,14349.68466668576,0
305674,65,25138,0.7976280450820923,14350.482294730842,0
305675,65,25139,0.8024094104766846,14351.284704141319,0
305676,65,25140,0.8011358380317688,14352.08583997935,0
305677,65,25141,0.7987539768218994,14352.884593956172,0
305678,65,25142,0.7951509356498718,14353.679744891822,0
305679,65,25143,0.8020634055137634,14354.481808297336,0
305680,65,25144,0.7967104315757751,14355.278518728912,0
305681,65,25145,0.8053982257843018,14356.083916954696,0
305682,65,25146,0.8009887337684631,14356.884905688465,0
305683,65,25147,0.802686333656311,14357.687592022121,0
305684,65,25148,0.7987220287322998,14358.486314050853,0
305685,65,25149,0.8049451112747192,14359.291259162128,0
305686,65,25150,0.8076121211051941,14360.098871283233,0
305687,65,25151,0.8066949248313904,14360.905566208065,0
305688,65,25152,0.79453045129776,14361.700096659362,0
305689,65,25153,0.8040658235549927,14362.504162482917,0
305690,65,25154,0.8117097616195679,14363.315872244537,0
305691,65,25155,0.8130912184715271,14364.128963463008,0
305692,65,25156,0.8119739890098572,14364.940937452018,0
305693,65,25157,0.8132250905036926,14365.754162542522,0
305694,65,25158,0.7990087270736694,14366.553171269596,0
305695,65,25159,0.8075832724571228,14367.360754542053,0
305696,65,25160,0.813532829284668,14368.174287371337,0
305697,65,25161,0.8158934712409973,14368.990180842578,0
305698,65,25162,0.8149638772010803,14369.80514471978,0
305699,65,25163,0.8157267570495605,14370.620871476829,0
305700,65,25164,0.8166517615318298,14371.43752323836,0
305701,65,25165,0.8040502667427063,14372.241573505104,0
305702,65,25166,0.8150674104690552,14373.056640915573,0
305703,65,25167,0.8091937899589539,14373.865834705532,0
305704,65,25168,0.8160039782524109,14374.681838683784,0
305705,65,25169,0.8135248422622681,14375.495363526046,0
305706,65,25170,0.8178342580795288,14376.313197784126,0
305707,65,25171,0.8132250308990479,14377.126422815025,0
305708,65,25172,0.8106907606124878,14377.937113575637,0
305709,65,25173,0.8128592371940613,14378.749972812831,0
305710,65,25174,0.8167632818222046,14379.566736094654,0
305711,65,25175,0.81558758020401,14380.382323674858,0
305712,65,25176,0.8208178281784058,14381.203141503036,0
305713,65,25177,0.8175399899482727,14382.020681492984,0
305714,65,25178,0.8221540451049805,14382.84283553809,0
305715,65,25179,0.8196446299552917,14383.662480168045,0
305716,65,25180,0.8235850930213928,14384.486065261066,0
305717,65,25181,0.8206084370613098,14385.306673698127,0
305718,65,25182,0.8201188445091248,14386.126792542636,0
305719,65,25183,0.8226505517959595,14386.949443094432,0
305720,65,25184,0.8178055882453918,14387.767248682678,0
305721,65,25185,0.8128651976585388,14388.580113880336,0
305722,65,25186,0.8202764987945557,14389.40039037913,0
305723,65,25187,0.8235653042793274,14390.22395568341,0
305724,65,25188,0.8210411071777344,14391.044996790588,0
305725,65,25189,0.8230773210525513,14391.86807411164,0
305726,65,25190,0.8197233080863953,14392.687797419727,0
305727,65,25191,0.8191019296646118,14393.506899349391,0
305728,65,25192,0.8252173662185669,14394.33211671561,0
305729,65,25193,0.8237125277519226,14395.155829243362,0
305730,65,25194,0.8151515126228333,14395.970980755985,0
305731,65,25195,0.8216831088066101,14396.792663864791,0
305732,65,25196,0.8289197683334351,14397.621583633125,0
305733,65,25197,0.8142783045768738,14398.435861937702,0
305734,65,25198,0.8223231434822083,14399.258185081184,0
305735,65,25199,0.8149861693382263,14400.073171250522,0
305736,65,25200,0.8234342932701111,14400.896605543792,0
305737,65,25201,0.8186988234519958,14401.715304367244,0
305738,65,25202,0.8241715431213379,14402.539475910366,0
305739,65,25203,0.8184054493904114,14403.357881359756,0
305740,65,25204,0.8199567198753357,14404.177838079631,0
305741,65,25205,0.826643705368042,14405.004481785,0
305742,65,25206,0.8298804759979248,14405.834362260997,0
305743,65,25207,0.8189364671707153,14406.653298728168,0
305744,65,25208,0.8258950710296631,14407.479193799198,0
305745,65,25209,0.8216985464096069,14408.300892345607,0
305746,65,25210,0.8299111723899841,14409.130803517997,0
305747,65,25211,0.8213092684745789,14409.952112786472,0
305748,65,25212,0.8279973864555359,14410.780110172927,0
305749,65,25213,0.8221353888511658,14411.602245561779,0
305750,65,25214,0.8288772702217102,14412.431122832,0
305751,65,25215,0.8360055685043335,14413.267128400505,0
305752,65,25216,0.823419451713562,14414.090547852218,0
305753,65,25217,0.8311379551887512,14414.921685807407,0
305754,65,25218,0.8275052309036255,14415.74919103831,0
305755,65,25219,0.8326436281204224,14416.581834666431,0
305756,65,25220,0.8399718999862671,14417.421806566417,0
305757,65,25221,0.8370309472084045,14418.258837513626,0
305758,65,25222,0.836516797542572,14419.095354311168,0
305759,65,25223,0.8299261331558228,14419.925280444324,0
305760,65,25224,0.8318829536437988,14420.757163397968,0
305761,65,25225,0.8333799839019775,14421.59054338187,0
305762,65,25226,0.8339189887046814,14422.424462370574,0
305763,65,25227,0.8338187336921692,14423.258281104267,0
305764,65,25228,0.8384581208229065,14424.09673922509,0
305765,65,25229,0.8262168169021606,14424.922956041992,0
305766,65,25230,0.8279868364334106,14425.750942878425,0
305767,65,25231,0.8342214226722717,14426.585164301097,0
305768,65,25232,0.8384876847267151,14427.423651985824,0
305769,65,25233,0.8224700093269348,14428.246121995151,0
305770,65,25234,0.8308066725730896,14429.076928667724,0
305771,65,25235,0.825869083404541,14429.902797751129,0
305772,65,25236,0.8313254117965698,14430.734123162925,0
305773,65,25237,0.8278762102127075,14431.561999373138,0
305774,65,25238,0.836197018623352,14432.398196391761,0
305775,65,25239,0.8257219195365906,14433.223918311298,0
305776,65,25240,0.8251504898071289,14434.049068801105,0
305777,65,25241,0.8204279541969299,14434.869496755302,0
305778,65,25242,0.8167882561683655,14435.68628501147,0
305779,65,25243,0.8188216090202332,14436.50510662049,0
305780,65,25244,0.8181195259094238,14437.3232261464,0
305781,65,25245,0.8248966932296753,14438.14812283963,0
305782,65,25246,0.8287344574928284,14438.976857297122,0
305783,65,25247,0.8171865940093994,14439.794043891132,0
305784,65,25248,0.8206573128700256,14440.614701204002,0
305785,65,25249,0.8199365139007568,14441.434637717903,0
305786,65,25250,0.8316798210144043,14442.266317538917,0
305787,65,25251,0.8199672698974609,14443.086284808815,0
305788,65,25252,0.8231685161590576,14443.909453324974,0
305789,65,25253,0.829868733882904,14444.739322058856,0
305790,65,25254,0.8155897259712219,14445.554911784828,0
305791,65,25255,0.8197810649871826,14446.374692849815,0
305792,65,25256,0.81560218334198,14447.190295033157,0
305793,65,25257,0.8179948925971985,14448.008289925754,0
305794,65,25258,0.8198552131652832,14448.82814513892,0
305795,65,25259,0.8274509906768799,14449.655596129596,0
305796,65,25260,0.8151829838752747,14450.470779113472,0
305797,65,25261,0.8182973861694336,14451.289076499641,0
305798,65,25262,0.817968487739563,14452.10704498738,0
305799,65,25263,0.8168107867240906,14452.923855774105,0
305800,65,25264,0.8151058554649353,14453.73896162957,0
305801,65,25265,0.8129259943962097,14454.551887623966,0
305802,65,25266,0.8171926140785217,14455.369080238044,0
305803,65,25267,0.824006199836731,14456.193086437881,0
305804,65,25268,0.8336157202720642,14457.026702158153,0
305805,65,25269,0.8362011909484863,14457.862903349102,0
305806,65,25270,0.8190927505493164,14458.68199609965,0
305807,65,25271,0.8225120902061462,14459.504508189857,0
305808,65,25272,0.8349801301956177,14460.339488320053,0
305809,65,25273,0.8407041430473328,14461.1801924631,0
305810,65,25274,0.8269123435020447,14462.007104806602,0
305811,65,25275,0.8295525312423706,14462.836657337844,0
305812,65,25276,0.8286046385765076,14463.66526197642,0
305813,65,25277,0.8282405734062195,14464.493502549827,0
305814,65,25278,0.8316310048103333,14465.325133554637,0
305815,65,25279,0.8302192091941833,14466.155352763832,0
305816,65,25280,0.834126889705658,14466.989479653537,0
305817,65,25281,0.8408353328704834,14467.830314986408,0
305818,65,25282,0.8429852724075317,14468.673300258815,0
305819,65,25283,0.8298066258430481,14469.503106884658,0
305820,65,25284,0.8368801474571228,14470.339987032115,0
305821,65,25285,0.8366666436195374,14471.176653675735,0
305822,65,25286,0.8471536636352539,14472.02380733937,0
305823,65,25287,0.8346199989318848,14472.858427338302,0
305824,65,25288,0.8421125411987305,14473.7005398795,0
305825,65,25289,0.8339037895202637,14474.534443669021,0
305826,65,25290,0.8372859358787537,14475.3717296049,0
305827,65,25291,0.8345820903778076,14476.206311695278,0
305828,65,25292,0.8413929343223572,14477.0477046296,0
305829,65,25293,0.8520860075950623,14477.899790637195,0
305830,65,25294,0.8573632836341858,14478.75715392083,0
305831,65,25295,0.8395999670028687,14479.596753887832,0
305832,65,25296,0.84896320104599,14480.445717088878,0
305833,65,25297,0.8548098802566528,14481.300526969135,0
305834,65,25298,0.8428764343261719,14482.143403403461,0
305835,65,25299,0.8487488627433777,14482.992152266204,0
305836,65,25300,0.858178973197937,14483.850331239402,0
305837,65,25301,0.8442113995552063,14484.694542638958,0
305838,65,25302,0.8510017395019531,14485.54554437846,0
305839,65,25303,0.8606467843055725,14486.406191162765,0
305840,65,25304,0.8434143662452698,14487.24960552901,0
305841,65,25305,0.8478328585624695,14488.097438387573,0
305842,65,25306,0.8400022387504578,14488.937440626323,0
305843,65,25307,0.8452668786048889,14489.782707504928,0
305844,65,25308,0.8536911606788635,14490.636398665607,0
305845,65,25309,0.859132707118988,14491.495531372726,0
305846,65,25310,0.8602831363677979,14492.355814509094,0
305847,65,25311,0.8425451517105103,14493.198359660804,0
305848,65,25312,0.8517225384712219,14494.050082199275,0
305849,65,25313,0.8460851907730103,14494.896167390049,0
305850,65,25314,0.8519936800003052,14495.748161070049,0
305851,65,25315,0.8568586111068726,14496.605019681156,0
305852,65,25316,0.8623876571655273,14497.467407338321,0
305853,65,25317,0.8434266448020935,14498.310833983123,0
305854,65,25318,0.8480476140975952,14499.15888159722,0
305855,65,25319,0.8615704774856567,14500.020452074707,0
305856,65,25320,0.8442287445068359,14500.864680819213,0
305857,65,25321,0.8475469946861267,14501.7122278139,0
305858,65,25322,0.8549140691757202,14502.567141883075,0
305859,65,25323,0.8414962291717529,14503.408638112247,0
305860,65,25324,0.8437160849571228,14504.252354197204,0
305861,65,25325,0.8424108028411865,14505.094765000045,0
305862,65,25326,0.8478872776031494,14505.942652277648,0
305863,65,25327,0.8403305411338806,14506.782982818782,0
305864,65,25328,0.8457298278808594,14507.628712646663,0
305865,65,25329,0.8421187996864319,14508.47083144635,0
305866,65,25330,0.8472827672958374,14509.318114213645,0
305867,65,25331,0.8398780226707458,14510.157992236316,0
305868,65,25332,0.8439100384712219,14511.001902274787,0
305869,65,25333,0.8395095467567444,14511.841411821544,0
305870,65,25334,0.8412131667137146,14512.682624988258,0
305871,65,25335,0.8478822708129883,14513.53050725907,0
305872,65,25336,0.8401227593421936,14514.370630018413,0
305873,65,25337,0.8436596393585205,14515.214289657772,0
305874,65,25338,0.8469509482383728,14516.06124060601,0
305875,65,25339,0.8372572064399719,14516.89849781245,0
305876,65,25340,0.8454810380935669,14517.743978850543,0
305877,65,25341,0.8395753502845764,14518.583554200828,0
305878,65,25342,0.8440099954605103,14519.427564196289,0
305879,65,25343,0.851455569267273,14520.279019765556,0
305880,65,25344,0.856065571308136,14521.135085336864,0
305881,65,25345,0.8589338660240173,14521.994019202888,0
305882,65,25346,0.8434336185455322,14522.837452821434,0
305883,65,25347,0.8484989404678345,14523.685951761901,0
305884,65,25348,0.8603535294532776,14524.546305291355,0
305885,65,25349,0.8477478623390198,14525.394053153694,0
305886,65,25350,0.8506316542625427,14526.244684807956,0
305887,65,25351,0.8593297004699707,14527.104014508426,0
305888,65,25352,0.8637412190437317,14527.96775572747,0
305889,65,25353,0.8489099144935608,14528.816665641963,0
305890,65,25354,0.8549571633338928,14529.671622805297,0
305891,65,25355,0.8519315123558044,14530.523554317653,0
305892,65,25356,0.8541522026062012,14531.37770652026,0
305893,65,25357,0.8564044237136841,14532.234110943973,0
305894,65,25358,0.8673288226127625,14533.101439766586,0
305895,65,25359,0.8528881669044495,14533.95432793349,0
305896,65,25360,0.8581399321556091,14534.812467865646,0
305897,65,25361,0.8664233088493347,14535.678891174495,0
305898,65,25362,0.8722838759422302,14536.551175050437,0
305899,65,25363,0.873719334602356,14537.42489438504,0
305900,65,25364,0.8728158473968506,14538.297710232437,0
305901,65,25365,0.8541738986968994,14539.151884131134,0
305902,65,25366,0.8545300960540771,14540.006414227188,0
305903,65,25367,0.8647565245628357,14540.87117075175,0
305904,65,25368,0.8545862436294556,14541.72575699538,0
305905,65,25369,0.8568843603134155,14542.582641355693,0
305906,65,25370,0.8636042475700378,14543.446245603263,0
305907,65,25371,0.853745698928833,14544.299991302192,0
305908,65,25372,0.8624907732009888,14545.162482075393,0
305909,65,25373,0.874888002872467,14546.037370078266,0
305910,65,25374,0.8790892958641052,14546.91645937413,0
305911,65,25375,0.8603284358978271,14547.776787810028,0
305912,65,25376,0.8601754307746887,14548.636963240802,0
305913,65,25377,0.8590109348297119,14549.495974175632,0
305914,65,25378,0.8627039194107056,14550.358678095043,0
305915,65,25379,0.8552680611610413,14551.213946156204,0
305916,65,25380,0.8583300709724426,14552.072276227176,0
305917,65,25381,0.8634504675865173,14552.935726694763,0
305918,65,25382,0.8490960597991943,14553.784822754562,0
305919,65,25383,0.8520258069038391,14554.636848561466,0
305920,65,25384,0.858741044998169,14555.495589606464,0
305921,65,25385,0.8498548269271851,14556.345444433391,0
305922,65,25386,0.8551910519599915,14557.200635485351,0
305923,65,25387,0.8663370609283447,14558.06697254628,0
305924,65,25388,0.8493660092353821,14558.916338555515,0
305925,65,25389,0.8485674858093262,14559.764906041324,0
305926,65,25390,0.8545763492584229,14560.619482390583,0
305927,65,25391,0.8627273440361023,14561.482209734619,0
305928,65,25392,0.8674684762954712,14562.349678210914,0
305929,65,25393,0.8701156377792358,14563.219793848693,0
305930,65,25394,0.8720603585243225,14564.091854207218,0
305931,65,25395,0.8570826053619385,14564.94893681258,0
305932,65,25396,0.8673309683799744,14565.81626778096,0
305933,65,25397,0.8719233274459839,14566.688191108406,0
305934,65,25398,0.8781060576438904,14567.56629716605,0
305935,65,25399,0.8680335283279419,14568.434330694377,0
305936,65,25400,0.8761789798736572,14569.310509674251,0
305937,65,25401,0.8746141791343689,14570.185123853385,0
305938,65,25402,0.8820850253105164,14571.067208878696,0
305939,65,25403,0.8745793700218201,14571.941788248718,0
305940,65,25404,0.8819053769111633,14572.823693625629,0
305941,65,25405,0.8770321011543274,14573.700725726783,0
305942,65,25406,0.8803766965866089,14574.58110242337,0
305943,65,25407,0.8885902166366577,14575.469692640007,0
305944,65,25408,0.8964937925338745,14576.36618643254,0
305945,65,25409,0.8987841606140137,14577.264970593154,0
305946,65,25410,0.9008130431175232,14578.165783636272,0
305947,65,25411,0.8860293626785278,14579.05181299895,0
305948,65,25412,0.8954746723175049,14579.947287671268,0
305949,65,25413,0.8947076797485352,14580.841995351017,0
305950,65,25414,0.9091475605964661,14581.751142911613,0
305951,65,25415,0.9200561046600342,14582.671199016273,0
305952,65,25416,0.9267107248306274,14583.597909741104,0
305953,65,25417,0.9076292514801025,14584.505538992584,0
305954,65,25418,0.9077520966529846,14585.413291089237,0
305955,65,25419,0.9091866612434387,14586.32247775048,0
305956,65,25420,0.9166457653045654,14587.239123515785,0
305957,65,25421,0.9264939427375793,14588.165617458522,0
305958,65,25422,0.9140394926071167,14589.07965695113,0
305959,65,25423,0.9167578220367432,14589.996414773166,0
305960,65,25424,0.914138913154602,14590.91055368632,0
305961,65,25425,0.9176114797592163,14591.82816516608,0
305962,65,25426,0.92613285779953,14592.75429802388,0
305963,65,25427,0.9205120205879211,14593.674810044467,0
305964,65,25428,0.9235843420028687,14594.59839438647,0
305965,65,25429,0.9300955533981323,14595.528489939868,0
305966,65,25430,0.9363355040550232,14596.464825443923,0
305967,65,25431,0.9241877198219299,14597.389013163745,0
305968,65,25432,0.9317281246185303,14598.320741288364,0
305969,65,25433,0.9364705085754395,14599.25721179694,0
305970,65,25434,0.9434113502502441,14600.20062314719,0
305971,65,25435,0.9335474967956543,14601.134170643985,0
305972,65,25436,0.9378695487976074,14602.072040192783,0
305973,65,25437,0.9457916617393494,14603.017831854522,0
305974,65,25438,0.9388587474822998,14603.956690602005,0
305975,65,25439,0.9416691064834595,14604.898359708488,0
305976,65,25440,0.9415349960327148,14605.83989470452,0
305977,65,25441,0.9501661062240601,14606.790060810745,0
305978,65,25442,0.9617029428482056,14607.751763753593,0
305979,65,25443,0.9463443756103516,14608.698108129203,0
305980,65,25444,0.9464842677116394,14609.644592396915,0
305981,65,25445,0.9456989169120789,14610.590291313827,0
305982,65,25446,0.9484272599220276,14611.538718573749,0
305983,65,25447,0.952996015548706,14612.491714589298,0
305984,65,25448,0.9601126909255981,14613.451827280223,0
305985,65,25449,0.9660608172416687,14614.417888097465,0
305986,65,25450,0.9680480360984802,14615.385936133564,0
305987,65,25451,0.9527169466018677,14616.338653080165,0
305988,65,25452,0.9624693393707275,14617.301122419536,0
305989,65,25453,0.9627559185028076,14618.263878338039,0
305990,65,25454,0.9776511192321777,14619.241529457271,0
305991,65,25455,0.9714937806129456,14620.213023237884,0
305992,65,25456,0.9771133065223694,14621.190136544406,0
305993,65,25457,0.9731577634811401,14622.163294307888,0
305994,65,25458,0.9724491834640503,14623.135743491352,0
305995,65,25459,0.9811445474624634,14624.116888038814,0
305996,65,25460,0.9898037314414978,14625.106691770256,0
305997,65,25461,0.9798182845115662,14626.086510054767,0
305998,65,25462,0.9853640794754028,14627.071874134243,0
305999,65,25463,0.9864956140518188,14628.058369748294,0
306000,65,25464,0.9977231025695801,14629.056092850864,0
306001,65,25465,0.99101722240448,14630.047110073268,0
306002,65,25466,0.9970279335975647,14631.044138006866,0
306003,65,25467,0.9976258873939514,14632.04176389426,0
306004,65,25468,1.0040491819381714,14633.045813076198,0
306005,65,25469,1.0156097412109375,14634.061422817409,0
306006,65,25470,1.0017346143722534,14635.063157431781,0
306007,65,25471,1.007034182548523,14636.07019161433,0
306008,65,25472,1.0058321952819824,14637.076023809612,0
306009,65,25473,1.0050822496414185,14638.081106059253,0
306010,65,25474,1.0140377283096313,14639.095143787563,0
306011,65,25475,1.009175419807434,14640.10431920737,0
306012,65,25476,1.0150163173675537,14641.119335524738,0
306013,65,25477,1.0238127708435059,14642.143148295581,0
306014,65,25478,1.016645073890686,14643.159793369472,0
306015,65,25479,1.0228646993637085,14644.182658068836,0
306016,65,25480,1.0240874290466309,14645.206745497882,0
306017,65,25481,1.0330777168273926,14646.23982321471,0
306018,65,25482,1.0223735570907593,14647.2621967718,0
306019,65,25483,1.0246998071670532,14648.286896578968,0
306020,65,25484,1.0333564281463623,14649.320253007114,0
306021,65,25485,1.0264759063720703,14650.346728913486,0
306022,65,25486,1.0372854471206665,14651.384014360607,0
306023,65,25487,1.035017490386963,14652.419031850994,0
306024,65,25488,1.043023705482483,14653.462055556476,0
306025,65,25489,1.0530451536178589,14654.515100710094,0
306026,65,25490,1.043426752090454,14655.558527462184,0
306027,65,25491,1.049957513809204,14656.608484975994,0
306028,65,25492,1.058204174041748,14657.666689150035,0
306029,65,25493,1.0510222911834717,14658.717711441219,0
306030,65,25494,1.0575655698776245,14659.775277011096,0
306031,65,25495,1.0552815198898315,14660.830558530986,0
306032,65,25496,1.066112756729126,14661.896671287715,0
306033,65,25497,1.0785152912139893,14662.97518657893,0
306034,65,25498,1.0644214153289795,14664.039607994258,0
306035,65,25499,1.067340612411499,14665.10694860667,0
306036,65,25500,1.0625377893447876,14666.169486396015,0
306037,65,25501,1.0630875825881958,14667.232573978603,0
306038,65,25502,1.0682429075241089,14668.300816886127,0
306039,65,25503,1.0705314874649048,14669.371348373592,0
306040,65,25504,1.0685423612594604,14670.439890734851,0
306041,65,25505,1.067081093788147,14671.50697182864,0
306042,65,25506,1.0657103061676025,14672.572682134807,0
306043,65,25507,1.0484460592269897,14673.621128194034,0
306044,65,25508,1.0529298782348633,14674.674058072269,0
306045,65,25509,1.0562249422073364,14675.730283014476,0
306046,65,25510,1.0598788261413574,14676.790161840618,0
306047,65,25511,1.0700854063034058,14677.860247246921,0
306048,65,25512,1.0577788352966309,14678.918026082218,0
306049,65,25513,1.0623807907104492,14679.980406872928,0
306050,65,25514,1.0566879510879517,14681.037094824016,0
306051,65,25515,1.0639530420303345,14682.101047866046,0
306052,65,25516,1.053626298904419,14683.15467416495,0
306053,65,25517,1.0550779104232788,14684.209752075374,0
306054,65,25518,1.0521034002304077,14685.261855475605,0
306055,65,25519,1.0534659624099731,14686.315321438015,0
306056,65,25520,1.0528570413589478,14687.368178479373,0
306057,65,25521,1.0532371997833252,14688.421415679157,0
306058,65,25522,1.0572504997253418,14689.478666178882,0
306059,65,25523,1.063510537147522,14690.54217671603,0
306060,65,25524,1.050655484199524,14691.59283220023,0
306061,65,25525,1.0563218593597412,14692.649154059589,0
306062,65,25526,1.0509445667266846,14693.700098626316,0
306063,65,25527,1.0594167709350586,14694.75951539725,0
306064,65,25528,1.0506809949874878,14695.810196392238,0
306065,65,25529,1.0563113689422607,14696.86650776118,0
306066,65,25530,1.0642098188400269,14697.93071758002,0
306067,65,25531,1.0711992979049683,14699.001916877925,0
306068,65,25532,1.0724868774414062,14700.074403755367,0
306069,65,25533,1.072609543800354,14701.147013299167,0
306070,65,25534,1.0712172985076904,14702.218230597675,0
306071,65,25535,1.0687587261199951,14703.286989323795,0
306072,65,25536,1.0660386085510254,14704.353027932346,0
306073,65,25537,1.0628411769866943,14705.415869109333,0
306074,65,25538,1.0449175834655762,14706.460786692798,0
306075,65,25539,1.0437217950820923,14707.50450848788,0
306076,65,25540,1.0413694381713867,14708.545877926052,0
306077,65,25541,1.040580153465271,14709.586458079517,0
306078,65,25542,1.0443544387817383,14710.630812518299,0
306079,65,25543,1.047863483428955,14711.678676001728,0
306080,65,25544,1.0465881824493408,14712.725264184177,0
306081,65,25545,1.0444610118865967,14713.769725196064,0
306082,65,25546,1.0415470600128174,14714.811272256076,0
306083,65,25547,1.0224006175994873,14715.833672873676,0
306084,65,25548,1.0226255655288696,14716.856298439205,0
306085,65,25549,1.0290005207061768,14717.88529895991,0
306086,65,25550,1.0111606121063232,14718.896459572017,0
306087,65,25551,1.0100210905075073,14719.906480662525,0
306088,65,25552,1.0135823488235474,14720.920063011348,0
306089,65,25553,1.0111682415008545,14721.93123125285,0
306090,65,25554,1.0087007284164429,14722.939931981266,0
306091,65,25555,0.9883744716644287,14723.92830645293,0
306092,65,25556,0.9941757321357727,14724.922482185066,0
306093,65,25557,0.9875032305717468,14725.909985415637,0
306094,65,25558,0.9894412159919739,14726.89942663163,0
306095,65,25559,0.9840008020401001,14727.88342743367,0
306096,65,25560,0.9825712442398071,14728.86599867791,0
306097,65,25561,0.97793048620224,14729.843929164112,0
306098,65,25562,0.98381108045578,14730.827740244567,0
306099,65,25563,0.9893046617507935,14731.817044906318,0
306100,65,25564,0.9696303606033325,14732.786675266922,0
306101,65,25565,0.972741961479187,14733.7594172284,0
306102,65,25566,0.9668127298355103,14734.726229958236,0
306103,65,25567,0.963615894317627,14735.689845852554,0
306104,65,25568,0.9614866971969604,14736.65133254975,0
306105,65,25569,0.9586054086685181,14737.60993795842,0
306106,65,25570,0.957316517829895,14738.56725447625,0
306107,65,25571,0.9504927396774292,14739.517747215927,0
306108,65,25572,0.949728786945343,14740.467476002872,0
306109,65,25573,0.9448090195655823,14741.412285022438,0
306110,65,25574,0.9463585019111633,14742.358643524349,0
306111,65,25575,0.9343735575675964,14743.293017081916,0
306112,65,25576,0.935237467288971,14744.228254549205,0
306113,65,25577,0.9416589140892029,14745.169913463295,0
306114,65,25578,0.9444826245307922,14746.114396087825,0
306115,65,25579,0.9227603077888489,14747.037156395614,0
306116,65,25580,0.9248051643371582,14747.961961559951,0
306117,65,25581,0.9262897372245789,14748.888251297176,0
306118,65,25582,0.9095394015312195,14749.797790698707,0
306119,65,25583,0.9126142263412476,14750.710404925048,0
306120,65,25584,0.9041066765785217,14751.614511601627,0
306121,65,25585,0.9089807271957397,14752.523492328823,0
306122,65,25586,0.912433922290802,14753.435926251113,0
306123,65,25587,0.9156315326690674,14754.351557783782,0
306124,65,25588,0.8967427015304565,14755.248300485313,0
306125,65,25589,0.9001628756523132,14756.148463360965,0
306126,65,25590,0.9037744998931885,14757.052237860858,0
306127,65,25591,0.9048500061035156,14757.957087866962,0
306128,65,25592,0.8880353569984436,14758.84512322396,0
306129,65,25593,0.8917710781097412,14759.73689430207,0
306130,65,25594,0.8935229182243347,14760.630417220294,0
306131,65,25595,0.8792653679847717,14761.50968258828,0
306132,65,25596,0.8814070820808411,14762.39108967036,0
306133,65,25597,0.8845769762992859,14763.27566664666,0
306134,65,25598,0.8665228486061096,14764.142189495265,0
306135,65,25599,0.8637254238128662,14765.005914919078,0
306136,65,25600,0.8565285801887512,14765.862443499267,0
306137,65,25601,0.8519955277442932,14766.714439027011,0
306138,65,25602,0.8578164577484131,14767.57225548476,0
306139,65,25603,0.8590463399887085,14768.431301824749,0
306140,65,25604,0.8418127298355103,14769.273114554584,0
306141,65,25605,0.8429194688796997,14770.116034023464,0
306142,65,25606,0.846484899520874,14770.962518922985,0
306143,65,25607,0.8495544791221619,14771.812073402107,0
306144,65,25608,0.8486877083778381,14772.660761110485,0
306145,65,25609,0.8297290802001953,14773.490490190685,0
306146,65,25610,0.8316612243652344,14774.32215141505,0
306147,65,25611,0.8382611870765686,14775.160412602127,0
306148,65,25612,0.8428071737289429,14776.003219775856,0
306149,65,25613,0.8208640217781067,14776.824083797634,0
306150,65,25614,0.8199900388717651,14777.644073836505,0
306151,65,25615,0.815574049949646,14778.459647886455,0
306152,65,25616,0.8168220520019531,14779.276469938457,0
306153,65,25617,0.8064291477203369,14780.082899086177,0
306154,65,25618,0.8087785243988037,14780.891677610576,0
306155,65,25619,0.8096216917037964,14781.70129930228,0
306156,65,25620,0.8088223934173584,14782.510121695697,0
306157,65,25621,0.8066373467445374,14783.316759042442,0
306158,65,25622,0.7860652208328247,14784.102824263275,0
306159,65,25623,0.7909187078475952,14784.893742971122,0
306160,65,25624,0.783846914768219,14785.67758988589,0
306161,65,25625,0.7853659391403198,14786.46295582503,0
306162,65,25626,0.7895291447639465,14787.252484969795,0
306163,65,25627,0.7777978181838989,14788.030282787979,0
306164,65,25628,0.7794578075408936,14788.80974059552,0
306165,65,25629,0.7713772058486938,14789.581117801368,0
306166,65,25630,0.7680996656417847,14790.34921746701,0
306167,65,25631,0.7647417783737183,14791.113959245384,0
306168,65,25632,0.7628017067909241,14791.876760952175,0
306169,65,25633,0.7650303244590759,14792.641791276634,0
306170,65,25634,0.755623459815979,14793.39741473645,0
306171,65,25635,0.7554501891136169,14794.152864925563,0
306172,65,25636,0.7492834329605103,14794.902148358524,0
306173,65,25637,0.7552558779716492,14795.657404236495,0
306174,65,25638,0.7567688226699829,14796.414173059165,0
306175,65,25639,0.7579920887947083,14797.17216514796,0
306176,65,25640,0.7360053658485413,14797.908170513809,0
306177,65,25641,0.7344821691513062,14798.64265268296,0
306178,65,25642,0.7446693778038025,14799.387322060764,0
306179,65,25643,0.7331839799880981,14800.120506040752,0
306180,65,25644,0.7324827313423157,14800.852988772094,0
306181,65,25645,0.7260000705718994,14801.578988842666,0
306182,65,25646,0.7260611653327942,14802.305050007999,0
306183,65,25647,0.7325368523597717,14803.037586860359,0
306184,65,25648,0.7359669208526611,14803.773553781211,0
306185,65,25649,0.7339844703674316,14804.507538251579,0
306186,65,25650,0.7319856882095337,14805.239523939788,0
306187,65,25651,0.7126462459564209,14805.952170185745,0
306188,65,25652,0.7139080166816711,14806.666078202426,0
306189,65,25653,0.7240826487541199,14807.39016085118,0
306190,65,25654,0.7301378846168518,14808.120298735797,0
306191,65,25655,0.7059379816055298,14808.826236717403,0
306192,65,25656,0.7065669894218445,14809.532803706825,0
306193,65,25657,0.7070947289466858,14810.239898435771,0
306194,65,25658,0.7059862017631531,14810.945884637535,0
306195,65,25659,0.6857920289039612,14811.631676666439,0
306196,65,25660,0.6906513571739197,14812.322328023612,0
306197,65,25661,0.6811012625694275,14813.003429286182,0
306198,65,25662,0.6808823943138123,14813.684311680496,0
306199,65,25663,0.6804336309432983,14814.364745311439,0
306200,65,25664,0.6682426929473877,14815.032988004386,0
306201,65,25665,0.6705328226089478,14815.703520826995,0
306202,65,25666,0.6756334900856018,14816.379154317081,0
306203,65,25667,0.6786242723464966,14817.057778589427,0
306204,65,25668,0.659773588180542,14817.717552177608,0
306205,65,25669,0.6597960591316223,14818.37734823674,0
306206,65,25670,0.6614325642585754,14819.038780800998,0
306207,65,25671,0.6615622043609619,14819.70034300536,0
306208,65,25672,0.661160945892334,14820.361503951252,0
306209,65,25673,0.6589175462722778,14821.020421497524,0
306210,65,25674,0.6401581764221191,14821.660579673946,0
306211,65,25675,0.6392094492912292,14822.299789123237,0
306212,65,25676,0.6323883533477783,14822.932177476585,0
306213,65,25677,0.6285687685012817,14823.560746245086,0
306214,65,25678,0.6322936415672302,14824.193039886653,0
306215,65,25679,0.6169391870498657,14824.809979073703,0
306216,65,25680,0.6190847158432007,14825.429063789546,0
306217,65,25681,0.6214920878410339,14826.050555877388,0
306218,65,25682,0.6068139672279358,14826.657369844615,0
306219,65,25683,0.6102708578109741,14827.267640702426,0
306220,65,25684,0.6039955019950867,14827.871636204422,0
306221,65,25685,0.60856032371521,14828.480196528137,0
306222,65,25686,0.5989176630973816,14829.079114191234,0
306223,65,25687,0.5958003997802734,14829.674914591014,0
306224,65,25688,0.5998525619506836,14830.274767152965,0
306225,65,25689,0.5886269211769104,14830.863394074142,0
306226,65,25690,0.5919261574745178,14831.455320231616,0
306227,65,25691,0.5802941918373108,14832.035614423454,0
306228,65,25692,0.5819969773292542,14832.617611400783,0
306229,65,25693,0.5749428868293762,14833.192554287612,0
306230,65,25694,0.5798759460449219,14833.772430233657,0
306231,65,25695,0.5719833374023438,14834.34441357106,0
306232,65,25696,0.5729095935821533,14834.917323164642,0
306233,65,25697,0.5791909098625183,14835.496514074504,0
306234,65,25698,0.5817614197731018,14836.078275494277,0
306235,65,25699,0.5597233772277832,14836.637998871505,0
306236,65,25700,0.5613346695899963,14837.199333541095,0
306237,65,25701,0.567152202129364,14837.766485743225,0
306238,65,25702,0.5722092986106873,14838.338695041835,0
306239,65,25703,0.5716336965560913,14838.910328738391,0
306240,65,25704,0.5530157089233398,14839.463344447315,0
306241,65,25705,0.5549197793006897,14840.018264226615,0
306242,65,25706,0.564751386642456,14840.583015613258,0
306243,65,25707,0.5499125719070435,14841.132928185165,0
306244,65,25708,0.5539783239364624,14841.686906509101,0
306245,65,25709,0.5558979511260986,14842.242804460227,0
306246,65,25710,0.555508017539978,14842.798312477767,0
306247,65,25711,0.5371512174606323,14843.335463695228,0
306248,65,25712,0.5399340987205505,14843.875397793949,0
306249,65,25713,0.537849485874176,14844.413247279823,0
306250,65,25714,0.535193681716919,14844.94844096154,0
306251,65,25715,0.5405292510986328,14845.488970212638,0
306252,65,25716,0.5298296809196472,14846.018799893558,0
306253,65,25717,0.5290336012840271,14846.547833494842,0
306254,65,25718,0.5236905217170715,14847.07152401656,0
306255,65,25719,0.5277828574180603,14847.599306873977,0
306256,65,25720,0.5343039035797119,14848.133610777557,0
306257,65,25721,0.5151174068450928,14848.648728184402,0
306258,65,25722,0.5203070640563965,14849.169035248458,0
306259,65,25723,0.5250474810600281,14849.694082729518,0
306260,65,25724,0.5087611079216003,14850.20284383744,0
306261,65,25725,0.5135948061943054,14850.716438643634,0
306262,65,25726,0.5236651301383972,14851.240103773773,0
306263,65,25727,0.5273087024688721,14851.767412476242,0
306264,65,25728,0.5082278847694397,14852.275640361011,0
306265,65,25729,0.5092819929122925,14852.784922353923,0
306266,65,25730,0.5033224821090698,14853.288244836032,0
306267,65,25731,0.5043857097625732,14853.792630545795,0
306268,65,25732,0.5096397399902344,14854.302270285785,0
306269,65,25733,0.5148759484291077,14854.817146234214,0
306270,65,25734,0.5017567873001099,14855.318903021514,0
306271,65,25735,0.5044531226158142,14855.82335614413,0
306272,65,25736,0.49730250239372253,14856.320658646524,0
306273,65,25737,0.4997897148132324,14856.820448361337,0
306274,65,25738,0.49043434858322144,14857.31088270992,0
306275,65,25739,0.49128738045692444,14857.802170090377,0
306276,65,25740,0.489945650100708,14858.292115740478,0
306277,65,25741,0.49261125922203064,14858.7847269997,0
306278,65,25742,0.49887099862098694,14859.283597998321,0
306279,65,25743,0.5010241866111755,14859.784622184932,0
306280,65,25744,0.4984899163246155,14860.283112101257,0
306281,65,25745,0.49650728702545166,14860.779619388282,0
306282,65,25746,0.4782440960407257,14861.257863484323,0
306283,65,25747,0.4816526770591736,14861.739516161382,0
306284,65,25748,0.4915657341480255,14862.23108189553,0
306285,65,25749,0.5004186034202576,14862.73150049895,0
306286,65,25750,0.4810484051704407,14863.212548904121,0
306287,65,25751,0.48412367701530457,14863.696672581136,0
306288,65,25752,0.4941178262233734,14864.19079040736,0
306289,65,25753,0.5009859800338745,14864.691776387393,0
306290,65,25754,0.5008969306945801,14865.192673318088,0
306291,65,25755,0.48150870203971863,14865.674182020128,0
306292,65,25756,0.4844951331615448,14866.15867715329,0
306293,65,25757,0.49468594789505005,14866.653363101184,0
306294,65,25758,0.5004032254219055,14867.153766326606,0
306295,65,25759,0.48702386021614075,14867.640790186822,0
306296,65,25760,0.49160870909690857,14868.13239889592,0
306297,65,25761,0.48707476258277893,14868.619473658502,0
306298,65,25762,0.4939001500606537,14869.113373808563,0
306299,65,25763,0.4950098991394043,14869.608383707702,0
306300,65,25764,0.4933141767978668,14870.1016978845,0
306301,65,25765,0.48422229290008545,14870.5859201774,0
306302,65,25766,0.485559344291687,14871.071479521692,0
306303,65,25767,0.48603636026382446,14871.557515881956,0
306304,65,25768,0.4885639548301697,14872.046079836786,0
306305,65,25769,0.4811002314090729,14872.527180068195,0
306306,65,25770,0.4847046434879303,14873.011884711683,0
306307,65,25771,0.4784375727176666,14873.4903222844,0
306308,65,25772,0.48233070969581604,14873.972652994096,0
306309,65,25773,0.4745497405529022,14874.44720273465,0
306310,65,25774,0.477830171585083,14874.925032906234,0
306311,65,25775,0.4841794967651367,14875.409212403,0
306312,65,25776,0.48919254541397095,14875.898404948413,0
306313,65,25777,0.48842853307724,14876.38683348149,0
306314,65,25778,0.48820003867149353,14876.875033520162,0
306315,65,25779,0.48724913597106934,14877.362282656133,0
306316,65,25780,0.4698946475982666,14877.832177303731,0
306317,65,25781,0.478915810585022,14878.311093114316,0
306318,65,25782,0.48414626717567444,14878.795239381492,0
306319,65,25783,0.4742036461830139,14879.269443027675,0
306320,65,25784,0.4808081388473511,14879.750251166523,0
306321,65,25785,0.4786955714225769,14880.228946737945,0
306322,65,25786,0.4814104735851288,14880.71035721153,0
306323,65,25787,0.4881781339645386,14881.198535345495,0
306324,65,25788,0.4888055622577667,14881.687340907753,0
306325,65,25789,0.4768506586551666,14882.164191566408,0
306326,65,25790,0.4821057617664337,14882.646297328174,0
306327,65,25791,0.49233123660087585,14883.138628564775,0
306328,65,25792,0.47886690497398376,14883.617495469749,0
306329,65,25793,0.4839029610157013,14884.101398430765,0
306330,65,25794,0.4799586534500122,14884.581357084215,0
306331,65,25795,0.48042577505111694,14885.061782859266,0
306332,65,25796,0.48837539553642273,14885.550158254802,0
306333,65,25797,0.47734564542770386,14886.02750390023,0
306334,65,25798,0.4831581711769104,14886.510662071407,0
306335,65,25799,0.4793727993965149,14886.990034870803,0
306336,65,25800,0.4830266237258911,14887.47306149453,0
306337,65,25801,0.4818277955055237,14887.954889290035,0
306338,65,25802,0.4797811508178711,14888.434670440853,0
306339,65,25803,0.48467668890953064,14888.919347129762,0
306340,65,25804,0.49139803647994995,14889.410745166242,0
306341,65,25805,0.4763902425765991,14889.887135408819,0
306342,65,25806,0.48136138916015625,14890.368496797979,0
306343,65,25807,0.47563427686691284,14890.844131074846,0
306344,65,25808,0.480923056602478,14891.325054131448,0
306345,65,25809,0.47280770540237427,14891.79786183685,0
306346,65,25810,0.47291624546051025,14892.270778082311,0
306347,65,25811,0.478855162858963,14892.74963324517,0
306348,65,25812,0.4687705636024475,14893.218403808773,0
306349,65,25813,0.47598445415496826,14893.694388262928,0
306350,65,25814,0.46690139174461365,14894.161289654672,0
306351,65,25815,0.47156447172164917,14894.632854126394,0
306352,65,25816,0.4668006896972656,14895.099654816091,0
306353,65,25817,0.4704284369945526,14895.570083253086,0
306354,65,25818,0.4687253534793854,14896.038808606565,0
306355,65,25819,0.4766959846019745,14896.515504591167,0
306356,65,25820,0.48548856377601624,14897.000993154943,0
306357,65,25821,0.49022671580314636,14897.491219870746,0
306358,65,25822,0.49140462279319763,14897.98262449354,0
306359,65,25823,0.47440358996391296,14898.457028083503,0
306360,65,25824,0.47788235545158386,14898.934910438955,0
306361,65,25825,0.48768720030784607,14899.422597639263,0
306362,65,25826,0.4749370515346527,14899.897534690797,0
306363,65,25827,0.48014891147613525,14900.377683602273,0
306364,65,25828,0.485185444355011,14900.862869046628,0
306365,65,25829,0.48946306109428406,14901.352332107723,0
306366,65,25830,0.4893260896205902,14901.841658197343,0
306367,65,25831,0.4717532694339752,14902.313411466777,0
306368,65,25832,0.4809699058532715,14902.79438137263,0
306369,65,25833,0.4876090884208679,14903.281990461051,0
306370,65,25834,0.47617754340171814,14903.758168004453,0
306371,65,25835,0.48401421308517456,14904.242182217538,0
306372,65,25836,0.48287180066108704,14904.7250540182,0
306373,65,25837,0.483860582113266,14905.208914600313,0
306374,65,25838,0.49170783162117004,14905.700622431934,0
306375,65,25839,0.48602306842803955,14906.186645500362,0
306376,65,25840,0.48455512523651123,14906.671200625598,0
306377,65,25841,0.48492231965065,14907.156122945249,0
306378,65,25842,0.49008727073669434,14907.646210215986,0
306379,65,25843,0.4904558062553406,14908.136666022241,0
306380,65,25844,0.4857806861400604,14908.622446708381,0
306381,65,25845,0.4911392033100128,14909.113585911691,0
306382,65,25846,0.48130491375923157,14909.59489082545,0
306383,65,25847,0.4856750965118408,14910.080565921962,0
306384,65,25848,0.48948609828948975,14910.570052020252,0
306385,65,25849,0.4812626242637634,14911.051314644516,0
306386,65,25850,0.48737674951553345,14911.538691394031,0
306387,65,25851,0.48274892568588257,14912.021440319717,0
306388,65,25852,0.4830613136291504,14912.504501633346,0
306389,65,25853,0.48836851119995117,14912.992870144546,0
306390,65,25854,0.4796448051929474,14913.472514949739,0
306391,65,25855,0.48598065972328186,14913.958495609462,0
306392,65,25856,0.48311346769332886,14914.441609077156,0
306393,65,25857,0.47706466913223267,14914.918673746288,0
306394,65,25858,0.4824734032154083,14915.401147149503,0
306395,65,25859,0.48620888590812683,14915.887356035411,0
306396,65,25860,0.4839951992034912,14916.371351234615,0
306397,65,25861,0.48236727714538574,14916.85371851176,0
306398,65,25862,0.4806607961654663,14917.334379307926,0
306399,65,25863,0.481081485748291,14917.815460793674,0
306400,65,25864,0.47693556547164917,14918.292396359146,0
306401,65,25865,0.4844944477081299,14918.776890806854,0
306402,65,25866,0.4786042273044586,14919.255495034158,0
306403,65,25867,0.4828450381755829,14919.738340072334,0
306404,65,25868,0.48476189374923706,14920.223101966083,0
306405,65,25869,0.47860023379325867,14920.701702199876,0
306406,65,25870,0.47799837589263916,14921.179700575769,0
306407,65,25871,0.4834977984428406,14921.663198374212,0
306408,65,25872,0.47968852519989014,14922.142886899412,0
306409,65,25873,0.48039567470550537,14922.623282574117,0
306410,65,25874,0.48479217290878296,14923.108074747026,0
306411,65,25875,0.48086977005004883,14923.588944517076,0
306412,65,25876,0.48025503754615784,14924.069199554622,0
306413,65,25877,0.4761725664138794,14924.545372121036,0
306414,65,25878,0.4832727015018463,14925.028644822538,0
306415,65,25879,0.48517903685569763,14925.513823859394,0
306416,65,25880,0.48269253969192505,14925.996516399086,0
306417,65,25881,0.4748969078063965,14926.471413306892,0
306418,65,25882,0.47919800877571106,14926.950611315668,0
306419,65,25883,0.4760828912258148,14927.426694206893,0
306420,65,25884,0.4802025556564331,14927.90689676255,0
306421,65,25885,0.4865407645702362,14928.39343752712,0
306422,65,25886,0.4736965000629425,14928.867134027183,0
306423,65,25887,0.47613659501075745,14929.343270622194,0
306424,65,25888,0.48241665959358215,14929.825687281787,0
306425,65,25889,0.4645512104034424,14930.29023849219,0
306426,65,25890,0.4704135060310364,14930.760651998222,0
306427,65,25891,0.4770050048828125,14931.237657003105,0
306428,65,25892,0.46347346901893616,14931.701130472124,0
306429,65,25893,0.4697811007499695,14932.170911572874,0
306430,65,25894,0.47470149397850037,14932.645613066852,0
306431,65,25895,0.47857385873794556,14933.12418692559,0
306432,65,25896,0.4623887538909912,14933.586575679481,0
306433,65,25897,0.4646349847316742,14934.051210664213,0
306434,65,25898,0.47692376375198364,14934.528134427965,0
306435,65,25899,0.46696504950523376,14934.99509947747,0
306436,65,25900,0.47070544958114624,14935.465804927051,0
306437,65,25901,0.46807700395584106,14935.933881931007,0
306438,65,25902,0.4744035601615906,14936.408285491168,0
306439,65,25903,0.4622471332550049,14936.870532624424,0
306440,65,25904,0.46761247515678406,14937.33814509958,0
306441,65,25905,0.4733503758907318,14937.811495475471,0
306442,65,25906,0.4634530246257782,14938.274948500097,0
306443,65,25907,0.46790260076522827,14938.742851100862,0
306444,65,25908,0.4734113812446594,14939.216262482107,0
306445,65,25909,0.47738662362098694,14939.693649105728,0
306446,65,25910,0.4576793909072876,14940.151328496635,0
306447,65,25911,0.4618563652038574,14940.613184861839,0
306448,65,25912,0.4645039439201355,14941.077688805759,0
306449,65,25913,0.4497474133968353,14941.527436219156,0
306450,65,25914,0.45578548312187195,14941.983221702278,0
306451,65,25915,0.44883230328559875,14942.432054005563,0
306452,65,25916,0.4514123797416687,14942.883466385305,0
306453,65,25917,0.45826455950737,14943.341730944812,0
306454,65,25918,0.46028196811676025,14943.802012912929,0
306455,65,25919,0.46139422059059143,14944.26340713352,0
306456,65,25920,0.4429691731929779,14944.706376306713,0
306457,65,25921,0.4464101791381836,14945.15278648585,0
306458,65,25922,0.4478847086429596,14945.600671194494,0
306459,65,25923,0.4541364908218384,14946.054807685316,0
306460,65,25924,0.44673922657966614,14946.501546911895,0
306461,65,25925,0.4494670033454895,14946.95101391524,0
306462,65,25926,0.44326725602149963,14947.394281171262,0
306463,65,25927,0.44383877515792847,14947.83811994642,0
306464,65,25928,0.43784239888191223,14948.275962345302,0
306465,65,25929,0.4389355778694153,14948.714897923172,0
306466,65,25930,0.4347696602344513,14949.149667583406,0
306467,65,25931,0.4344820976257324,14949.584149681032,0
306468,65,25932,0.4419364631175995,14950.02608614415,0
306469,65,25933,0.44626927375793457,14950.472355417907,0
306470,65,25934,0.4277951717376709,14950.900150589645,0
306471,65,25935,0.4315425753593445,14951.331693165004,0
306472,65,25936,0.4289405941963196,14951.7606337592,0
306473,65,25937,0.43293052911758423,14952.193564288318,0
306474,65,25938,0.4249706268310547,14952.61853491515,0
306475,65,25939,0.4257306754589081,14953.044265590608,0
306476,65,25940,0.4190206229686737,14953.463286213577,0
306477,65,25941,0.42018046975135803,14953.883466683328,0
306478,65,25942,0.4228900671005249,14954.306356750429,0
306479,65,25943,0.4247678518295288,14954.731124602258,0
306480,65,25944,0.42506828904151917,14955.1561928913,0
306481,65,25945,0.4248174726963043,14955.581010363996,0
306482,65,25946,0.4227854609489441,14956.003795824945,0
306483,65,25947,0.4055211842060089,14956.409317009151,0
306484,65,25948,0.413502961397171,14956.822819970548,0
306485,65,25949,0.4061598479747772,14957.228979818523,0
306486,65,25950,0.4077043831348419,14957.636684201658,0
306487,65,25951,0.4139726758003235,14958.050656877458,0
306488,65,25952,0.4012500047683716,14958.451906882226,0
306489,65,25953,0.4061931371688843,14958.858100019395,0
306490,65,25954,0.4138655662536621,14959.271965585649,0
306491,65,25955,0.40095728635787964,14959.672922872007,0
306492,65,25956,0.4049963653087616,14960.077919237316,0
306493,65,25957,0.4098314940929413,14960.487750731409,0
306494,65,25958,0.40047380328178406,14960.88822453469,0
306495,65,25959,0.40308278799057007,14961.291307322681,0
306496,65,25960,0.4011569023132324,14961.692464224994,0
306497,65,25961,0.40123966336250305,14962.093703888357,0
306498,65,25962,0.40210458636283875,14962.49580847472,0
306499,65,25963,0.40535810589790344,14962.901166580617,0
306500,65,25964,0.39435309171676636,14963.295519672334,0
306501,65,25965,0.3964172899723053,14963.691936962306,0
306502,65,25966,0.3937909007072449,14964.085727863014,0
306503,65,25967,0.3963848054409027,14964.482112668455,0
306504,65,25968,0.38591963052749634,14964.868032298982,0
306505,65,25969,0.3893807530403137,14965.257413052022,0
306506,65,25970,0.3959556519985199,14965.653368704021,0
306507,65,25971,0.39747098088264465,14966.050839684904,0
306508,65,25972,0.3785535991191864,14966.429393284023,0
306509,65,25973,0.38160356879234314,14966.810996852815,0
306510,65,25974,0.3870484530925751,14967.198045305908,0
306511,65,25975,0.3752027153968811,14967.573248021305,0
306512,65,25976,0.3788115382194519,14967.952059559524,0
306513,65,25977,0.3749397397041321,14968.326999299228,0
306514,65,25978,0.383003830909729,14968.710003130138,0
306515,65,25979,0.39108505845069885,14969.101088188589,0
306516,65,25980,0.3956068158149719,14969.496695004404,0
306517,65,25981,0.3790655732154846,14969.875760577619,0
306518,65,25982,0.3845577836036682,14970.260318361223,0
306519,65,25983,0.3774103820323944,14970.637728743255,0
306520,65,25984,0.38400962948799133,14971.021738372743,0
306521,65,25985,0.37497302889823914,14971.396711401641,0
306522,65,25986,0.3770514726638794,14971.773762874305,0
306523,65,25987,0.38230857253074646,14972.156071446836,0
306524,65,25988,0.383909672498703,14972.539981119335,0
306525,65,25989,0.3849468529224396,14972.924927972257,0
306526,65,25990,0.3670189082622528,14973.29194688052,0
306527,65,25991,0.3701172471046448,14973.662064127624,0
306528,65,25992,0.38181453943252563,14974.043878667057,0
306529,65,25993,0.3882172107696533,14974.432095877826,0
306530,65,25994,0.36893007159233093,14974.801025949419,0
306531,65,25995,0.3722798526287079,14975.173305802047,0
306532,65,25996,0.36561456322669983,14975.538920365274,0
306533,65,25997,0.36402463912963867,14975.902945004404,0
306534,65,25998,0.36609843373298645,14976.269043438137,0
306535,65,25999,0.3590191900730133,14976.62806262821,0
306536,65,26000,0.35869458317756653,14976.986757211387,0
306537,65,26001,0.35345256328582764,14977.340209774673,0
306538,65,26002,0.361706018447876,14977.70191579312,0
306539,65,26003,0.3695816099643707,14978.071497403085,0
306540,65,26004,0.35156041383743286,14978.423057816923,0
306541,65,26005,0.3548310101032257,14978.777888827026,0
306542,65,26006,0.35397934913635254,14979.131868176162,0
306543,65,26007,0.3603689968585968,14979.49223717302,0
306544,65,26008,0.3672786355018616,14979.859515808523,0
306545,65,26009,0.34987303614616394,14980.209388844669,0
306546,65,26010,0.35566410422325134,14980.565052948892,0
306547,65,26011,0.36194324493408203,14980.926996193826,0
306548,65,26012,0.3643868565559387,14981.291383050382,0
306549,65,26013,0.3661690056324005,14981.657552056015,0
306550,65,26014,0.349016010761261,14982.006568066776,0
306551,65,26015,0.35759517550468445,14982.36416324228,0
306552,65,26016,0.3628125488758087,14982.726975791156,0
306553,65,26017,0.3669893443584442,14983.093965135515,0
306554,65,26018,0.3691108524799347,14983.463075987995,0
306555,65,26019,0.36946871876716614,14983.832544706762,0
306556,65,26020,0.36949440836906433,14984.20203911513,0
306557,65,26021,0.3536377251148224,14984.555676840246,0
306558,65,26022,0.36236679553985596,14984.918043635786,0
306559,65,26023,0.36712396144866943,14985.285167597234,0
306560,65,26024,0.35764747858047485,14985.642815075815,0
306561,65,26025,0.3658263683319092,14986.008641444147,0
306562,65,26026,0.37620118260383606,14986.38484262675,0
306563,65,26027,0.3643944263458252,14986.749237053096,0
306564,65,26028,0.36895015835762024,14987.118187211454,0
306565,65,26029,0.36407461762428284,14987.482261829078,0
306566,65,26030,0.3680604100227356,14987.850322239101,0
306567,65,26031,0.3657366633415222,14988.216058902442,0
306568,65,26032,0.37320277094841003,14988.58926167339,0
306569,65,26033,0.3673480153083801,14988.9566096887,0
306570,65,26034,0.3706437349319458,14989.327253423631,0
306571,65,26035,0.36610147356987,14989.693354897201,0
306572,65,26036,0.371327668428421,14990.06468256563,0
306573,65,26037,0.36277103424072266,14990.42745359987,0
306574,65,26038,0.36399105191230774,14990.791444651783,0
306575,65,26039,0.3711842894554138,14991.162628941238,0
306576,65,26040,0.3767567276954651,14991.539385668933,0
306577,65,26041,0.3781360685825348,14991.917521737516,0
306578,65,26042,0.3788231313228607,14992.296344868839,0
306579,65,26043,0.3625175952911377,14992.65886246413,0
306580,65,26044,0.3704679012298584,14993.02933036536,0
306581,65,26045,0.36690399050712585,14993.396234355867,0
306582,65,26046,0.36934155225753784,14993.765575908124,0
306583,65,26047,0.36945879459381104,14994.135034702718,0
306584,65,26048,0.3674732446670532,14994.502507947385,0
306585,65,26049,0.3650835156440735,14994.86759146303,0
306586,65,26050,0.37086424231529236,14995.238455705345,0
306587,65,26051,0.36116164922714233,14995.599617354572,0
306588,65,26052,0.36299771070480347,14995.962615065277,0
306589,65,26053,0.3611322045326233,14996.32374726981,0
306590,65,26054,0.3591584265232086,14996.682905696332,0
306591,65,26055,0.36653661727905273,14997.049442313612,0
306592,65,26056,0.3575240671634674,14997.406966380775,0
306593,65,26057,0.3655589818954468,14997.77252536267,0
306594,65,26058,0.3599367141723633,14998.132462076843,0
306595,65,26059,0.36198389530181885,14998.494445972145,0
306596,65,26060,0.35812267661094666,14998.852568648756,0
306597,65,26061,0.35937657952308655,14999.211945228279,0
306598,65,26062,0.3658757507801056,14999.577820979059,0
306599,65,26063,0.35946959257125854,14999.93729057163,0
306600,65,26064,0.36734139919281006,15000.304631970823,0
306601,65,26065,0.37759262323379517,15000.682224594057,0
306602,65,26066,0.38292330503463745,15001.065147899091,0
306603,65,26067,0.3843488395214081,15001.449496738613,0
306604,65,26068,0.3843207061290741,15001.833817444742,0
306605,65,26069,0.3673333525657654,15002.201150797307,0
306606,65,26070,0.37764355540275574,15002.57879435271,0
306607,65,26071,0.38414105772972107,15002.96293541044,0
306608,65,26072,0.3884923756122589,15003.351427786052,0
306609,65,26073,0.3915039300918579,15003.742931716144,0
306610,65,26074,0.37706848978996277,15004.120000205934,0
306611,65,26075,0.3833402097225189,15004.503340415657,0
306612,65,26076,0.39795982837677,15004.901300244033,0
306613,65,26077,0.40858015418052673,15005.309880398214,0
306614,65,26078,0.394305557012558,15005.704185955226,0
306615,65,26079,0.3995203375816345,15006.103706292808,0
306616,65,26080,0.39468514919281006,15006.498391442,0
306617,65,26081,0.4015200138092041,15006.89991145581,0
306618,65,26082,0.3984082043170929,15007.298319660127,0
306619,65,26083,0.40055057406425476,15007.698870234191,0
306620,65,26084,0.4015313386917114,15008.100401572883,0
306621,65,26085,0.40055811405181885,15008.500959686935,0
306622,65,26086,0.4030354917049408,15008.90399517864,0
306623,65,26087,0.40864041447639465,15009.312635593116,0
306624,65,26088,0.3998767137527466,15009.712512306869,0
306625,65,26089,0.40480300784111023,15010.11731531471,0
306626,65,26090,0.40357115864753723,15010.520886473358,0
306627,65,26091,0.41127434372901917,15010.932160817087,0
306628,65,26092,0.4190022349357605,15011.351163052022,0
306629,65,26093,0.4242452085018158,15011.775408260524,0
306630,65,26094,0.42637813091278076,15012.201786391437,0
306631,65,26095,0.42706936597824097,15012.628855757415,0
306632,65,26096,0.41148948669433594,15013.04034524411,0
306633,65,26097,0.4222164452075958,15013.462561689317,0
306634,65,26098,0.41970282793045044,15013.882264517248,0
306635,65,26099,0.42351099848747253,15014.305775515735,0
306636,65,26100,0.4221802353858948,15014.727955751121,0
306637,65,26101,0.4239741861820221,15015.151929937303,0
306638,65,26102,0.4316248297691345,15015.583554767072,0
306639,65,26103,0.43702924251556396,15016.020584009588,0
306640,65,26104,0.4385916292667389,15016.459175638855,0
306641,65,26105,0.42235666513442993,15016.881532303989,0
306642,65,26106,0.42800700664520264,15017.309539310634,0
306643,65,26107,0.4301936626434326,15017.739732973278,0
306644,65,26108,0.43370264768600464,15018.173435620964,0
306645,65,26109,0.434348464012146,15018.607784084976,0
306646,65,26110,0.4404066205024719,15019.048190705478,0
306647,65,26111,0.44870075583457947,15019.496891461313,0
306648,65,26112,0.4354306757450104,15019.932322137058,0
306649,65,26113,0.4382319450378418,15020.370554082096,0
306650,65,26114,0.4363793134689331,15020.806933395565,0
306651,65,26115,0.43951618671417236,15021.246449582279,0
306652,65,26116,0.4481793940067291,15021.694628976285,0
306653,65,26117,0.4527794420719147,15022.147408418357,0
306654,65,26118,0.4546339213848114,15022.602042339742,0
306655,65,26119,0.4388619363307953,15023.040904276073,0
306656,65,26120,0.4469543695449829,15023.487858645618,0
306657,65,26121,0.45415639877319336,15023.942015044391,0
306658,65,26122,0.4593229293823242,15024.401337973773,0
306659,65,26123,0.4482014775276184,15024.849539451301,0
306660,65,26124,0.4541277587413788,15025.303667210042,0
306661,65,26125,0.46700984239578247,15025.770677052438,0
306662,65,26126,0.4541638195514679,15026.22484087199,0
306663,65,26127,0.4583430290222168,15026.683183901012,0
306664,65,26128,0.45522284507751465,15027.13840674609,0
306665,65,26129,0.4630565345287323,15027.601463280618,0
306666,65,26130,0.45231643319129944,15028.05377971381,0
306667,65,26131,0.4592816233634949,15028.513061337173,0
306668,65,26132,0.46496477723121643,15028.978026114404,0
306669,65,26133,0.46839720010757446,15029.446423314512,0
306670,65,26134,0.45491263270378113,15029.901335947216,0
306671,65,26135,0.45876744389533997,15030.36010339111,0
306672,65,26136,0.4710395038127899,15030.831142894924,0
306673,65,26137,0.45545896887779236,15031.286601863801,0
306674,65,26138,0.45839086174964905,15031.744992725551,0
306675,65,26139,0.45472562313079834,15032.199718348682,0
306676,65,26140,0.4611749053001404,15032.660893253982,0
306677,65,26141,0.46949806809425354,15033.130391322076,0
306678,65,26142,0.472635418176651,15033.603026740253,0
306679,65,26143,0.4738951325416565,15034.076921872795,0
306680,65,26144,0.4731921851634979,15034.550114057958,0
306681,65,26145,0.47347983717918396,15035.023593895137,0
306682,65,26146,0.47398701310157776,15035.497580908239,0
306683,65,26147,0.47497206926345825,15035.972552977502,0
306684,65,26148,0.46101075410842896,15036.43356373161,0
306685,65,26149,0.46695590019226074,15036.900519631803,0
306686,65,26150,0.48193153738975525,15037.382451169193,0
306687,65,26151,0.47108349204063416,15037.853534661233,0
306688,65,26152,0.47753262519836426,15038.331067286432,0
306689,65,26153,0.4735836386680603,15038.8046509251,0
306690,65,26154,0.47486966848373413,15039.279520593584,0
306691,65,26155,0.47323647141456604,15039.752757064998,0
306692,65,26156,0.47813880443573,15040.230895869434,0
306693,65,26157,0.4846467971801758,15040.715542666614,0
306694,65,26158,0.49307212233543396,15041.20861478895,0
306695,65,26159,0.4791478216648102,15041.687762610614,0
306696,65,26160,0.48539862036705017,15042.173161230981,0
306697,65,26161,0.48774421215057373,15042.660905443132,0
306698,65,26162,0.4926735460758209,15043.153578989208,0
306699,65,26163,0.48777347803115845,15043.641352467239,0
306700,65,26164,0.494124174118042,15044.135476641357,0
306701,65,26165,0.5040287375450134,15044.639505378902,0
306702,65,26166,0.5126644968986511,15045.1521698758,0
306703,65,26167,0.4988170564174652,15045.650986932218,0
306704,65,26168,0.5029407739639282,15046.153927706182,0
306705,65,26169,0.5165111422538757,15046.670438848436,0
306706,65,26170,0.5220943093299866,15047.192533157766,0
306707,65,26171,0.5263325572013855,15047.718865714967,0
306708,65,26172,0.5096295475959778,15048.228495262563,0
306709,65,26173,0.5132569074630737,15048.741752170026,0
306710,65,26174,0.5146620273590088,15049.256414197385,0
306711,65,26175,0.516143262386322,15049.772557459772,0
306712,65,26176,0.5271572470664978,15050.299714706838,0
306713,65,26177,0.5206224918365479,15050.820337198675,0
306714,65,26178,0.5268155336380005,15051.347152732313,0
306715,65,26179,0.535083532333374,15051.882236264646,0
306716,65,26180,0.5409747362136841,15052.42321100086,0
306717,65,26181,0.5418538451194763,15052.96506484598,0
306718,65,26182,0.5417171120643616,15053.506781958044,0
306719,65,26183,0.5257959365844727,15054.032577894628,0
306720,65,26184,0.5368975400924683,15054.56947543472,0
306721,65,26185,0.5449445247650146,15055.114419959486,0
306722,65,26186,0.5351444482803345,15055.649564407766,0
306723,65,26187,0.5405991077423096,15056.190163515508,0
306724,65,26188,0.5389280915260315,15056.729091607034,0
306725,65,26189,0.5490694642066956,15057.27816107124,0
306726,65,26190,0.5598332285881042,15057.837994299829,0
306727,65,26191,0.5633080005645752,15058.401302300394,0
306728,65,26192,0.54960036277771,15058.950902663171,0
306729,65,26193,0.5554885268211365,15059.506391189992,0
306730,65,26194,0.552278995513916,15060.058670185506,0
306731,65,26195,0.5524272322654724,15060.611097417772,0
306732,65,26196,0.5545020699501038,15061.165599487722,0
306733,65,26197,0.5634968876838684,15061.729096375406,0
306734,65,26198,0.5705991983413696,15062.299695573747,0
306735,65,26199,0.5754073858261108,15062.875102959573,0
306736,65,26200,0.5774761438369751,15063.45257910341,0
306737,65,26201,0.578274667263031,15064.030853770673,0
306738,65,26202,0.5790272951126099,15064.609881065786,0
306739,65,26203,0.5805588364601135,15065.190439902246,0
306740,65,26204,0.5673143267631531,15065.75775422901,0
306741,65,26205,0.5783593654632568,15066.336113594472,0
306742,65,26206,0.5757678151130676,15066.911881409585,0
306743,65,26207,0.5893355011940002,15067.50121691078,0
306744,65,26208,0.600950300693512,15068.102167211473,0
306745,65,26209,0.6088460683822632,15068.711013279855,0
306746,65,26210,0.6111922264099121,15069.322205506265,0
306747,65,26211,0.5986251831054688,15069.92083068937,0
306748,65,26212,0.6025980710983276,15070.523428760469,0
306749,65,26213,0.6041467785835266,15071.127575539052,0
306750,65,26214,0.6075257062911987,15071.735101245344,0
306751,65,26215,0.6167802810668945,15072.35188152641,0
306752,65,26216,0.606364905834198,15072.958246432245,0
306753,65,26217,0.6136925220489502,15073.571938954294,0
306754,65,26218,0.622508704662323,15074.194447658956,0
306755,65,26219,0.6285849809646606,15074.82303263992,0
306756,65,26220,0.6169654726982117,15075.439998112619,0
306757,65,26221,0.624778687953949,15076.064776800573,0
306758,65,26222,0.6236842274665833,15076.68846102804,0
306759,65,26223,0.628621518611908,15077.317082546651,0
306760,65,26224,0.6234583258628845,15077.940540872514,0
306761,65,26225,0.6238909363746643,15078.564431808889,0
306762,65,26226,0.6308905482292175,15079.195322357118,0
306763,65,26227,0.6227623224258423,15079.818084679544,0
306764,65,26228,0.6302729249000549,15080.448357604444,0
306765,65,26229,0.6366223692893982,15081.084979973733,0
306766,65,26230,0.6429671049118042,15081.727947078645,0
306767,65,26231,0.630574107170105,15082.358521185815,0
306768,65,26232,0.6389460563659668,15082.997467242181,0
306769,65,26233,0.6461960673332214,15083.643663309515,0
306770,65,26234,0.6376116275787354,15084.281274937093,0
306771,65,26235,0.6455178260803223,15084.926792763174,0
306772,65,26236,0.6543043255805969,15085.581097088754,0
306773,65,26237,0.6615511775016785,15086.242648266256,0
306774,65,26238,0.6642528176307678,15086.906901083887,0
306775,65,26239,0.6656453609466553,15087.572546444833,0
306776,65,26240,0.6520705819129944,15088.224617026746,0
306777,65,26241,0.6596375107765198,15088.884254537523,0
306778,65,26242,0.6646032929420471,15089.548857830465,0
306779,65,26243,0.668411910533905,15090.217269740999,0
306780,65,26244,0.6700632572174072,15090.887332998216,0
306781,65,26245,0.6738010048866272,15091.561134003103,0
306782,65,26246,0.6826920509338379,15092.243826054037,0
306783,65,26247,0.689655601978302,15092.933481656015,0
306784,65,26248,0.6965504288673401,15093.630032084882,0
306785,65,26249,0.6843525171279907,15094.31438460201,0
306786,65,26250,0.6914775371551514,15095.005862139165,0
306787,65,26251,0.6911170482635498,15095.696979187429,0
306788,65,26252,0.6963081359863281,15096.393287323415,0
306789,65,26253,0.6995957493782043,15097.092883072793,0
306790,65,26254,0.7016844153404236,15097.794567488134,0
306791,65,26255,0.7110674977302551,15098.505634985864,0
306792,65,26256,0.705705463886261,15099.21134044975,0
306793,65,26257,0.7127116918563843,15099.924052141607,0
306794,65,26258,0.7210073471069336,15100.645059488714,0
306795,65,26259,0.728484570980072,15101.373544059694,0
306796,65,26260,0.7123168706893921,15102.085860930383,0
306797,65,26261,0.7201346755027771,15102.805995605886,0
306798,65,26262,0.7276879549026489,15103.533683560789,0
306799,65,26263,0.7193407416343689,15104.253024302423,0
306800,65,26264,0.7286317348480225,15104.981656037271,0
306801,65,26265,0.7354652881622314,15105.717121325433,0
306802,65,26266,0.7269514203071594,15106.44407274574,0
306803,65,26267,0.7338802814483643,15107.177953027189,0
306804,65,26268,0.7336651682853699,15107.911618195474,0
306805,65,26269,0.7392425537109375,15108.650860749185,0
306806,65,26270,0.7464296221733093,15109.397290371358,0
306807,65,26271,0.7546637058258057,15110.151954077184,0
306808,65,26272,0.7578973174095154,15110.909851394594,0
306809,65,26273,0.7611714005470276,15111.67102279514,0
306810,65,26274,0.7474796772003174,15112.418502472341,0
306811,65,26275,0.7581029534339905,15113.176605425775,0
306812,65,26276,0.7543179392814636,15113.930923365057,0
306813,65,26277,0.7648976445198059,15114.695821009576,0
306814,65,26278,0.759812593460083,15115.455633603036,0
306815,65,26279,0.7658472657203674,15116.221480868757,0
306816,65,26280,0.7762285470962524,15116.997709415853,0
306817,65,26281,0.7850103974342346,15117.782719813287,0
306818,65,26282,0.7848735451698303,15118.567593358457,0
306819,65,26283,0.7854416370391846,15119.353034995496,0
306820,65,26284,0.7803512811660767,15120.133386276662,0
306821,65,26285,0.7857508063316345,15120.919137082994,0
306822,65,26286,0.7867335677146912,15121.705870650709,0
306823,65,26287,0.7784278392791748,15122.484298489988,0
306824,65,26288,0.789100170135498,15123.273398660123,0
306825,65,26289,0.7920799255371094,15124.06547858566,0
306826,65,26290,0.7898609042167664,15124.855339489877,0
306827,65,26291,0.7954766750335693,15125.65081616491,0
306828,65,26292,0.7953605055809021,15126.446176670492,0
306829,65,26293,0.7967911958694458,15127.242967866361,0
306830,65,26294,0.7992584109306335,15128.042226277292,0
306831,65,26295,0.8011783957481384,15128.84340467304,0
306832,65,26296,0.7987275123596191,15129.6421321854,0
306833,65,26297,0.8010874390602112,15130.44321962446,0
306834,65,26298,0.8001921772956848,15131.243411801755,0
306835,65,26299,0.8069431185722351,15132.050354920328,0
306836,65,26300,0.8051292300224304,15132.85548415035,0
306837,65,26301,0.8080610036849976,15133.663545154035,0
306838,65,26302,0.8039959073066711,15134.467541061342,0
306839,65,26303,0.8089908361434937,15135.276531897485,0
306840,65,26304,0.8064531087875366,15136.082985006273,0
306841,65,26305,0.8060159087181091,15136.88900091499,0
306842,65,26306,0.8123919367790222,15137.70139285177,0
306843,65,26307,0.806686520576477,15138.508079372346,0
306844,65,26308,0.811967134475708,15139.320046506822,0
306845,65,26309,0.8065683841705322,15140.126614890993,0
306846,65,26310,0.8100178837776184,15140.93663277477,0
306847,65,26311,0.805558979511261,15141.742191754282,0
306848,65,26312,0.8071621656417847,15142.549353919923,0
306849,65,26313,0.8114390969276428,15143.360793016851,0
306850,65,26314,0.8018943667411804,15144.162687383592,0
306851,65,26315,0.8054962158203125,15144.968183599412,0
306852,65,26316,0.8112935423851013,15145.779477141798,0
306853,65,26317,0.8155540823936462,15146.595031224191,0
306854,65,26318,0.8179625868797302,15147.412993811071,0
306855,65,26319,0.80315101146698,15148.216144822538,0
306856,65,26320,0.8121472597122192,15149.02829208225,0
306857,65,26321,0.818622350692749,15149.846914432943,0
306858,65,26322,0.8215281367301941,15150.668442569673,0
306859,65,26323,0.8227426409721375,15151.491185210645,0
306860,65,26324,0.8240252137184143,15152.315210424364,0
306861,65,26325,0.8097572326660156,15153.12496765703,0
306862,65,26326,0.8201773166656494,15153.945144973695,0
306863,65,26327,0.8250972628593445,15154.770242236555,0
306864,65,26328,0.8160126209259033,15155.58625485748,0
306865,65,26329,0.8240800499916077,15156.410334907472,0
306866,65,26330,0.8375252485275269,15157.247860156,0
306867,65,26331,0.8386210799217224,15158.086481235921,0
306868,65,26332,0.8393208980560303,15158.925802133977,0
306869,65,26333,0.8397384285926819,15159.76554056257,0
306870,65,26334,0.8349362015724182,15160.600476764143,0
306871,65,26335,0.8433534502983093,15161.44383021444,0
306872,65,26336,0.8460484147071838,15162.289878629148,0
306873,65,26337,0.8427748680114746,15163.13265349716,0
306874,65,26338,0.8477066159248352,15163.980360113084,0
306875,65,26339,0.8400278687477112,15164.820387981832,0
306876,65,26340,0.8342213034629822,15165.654609285295,0
306877,65,26341,0.8355132341384888,15166.490122519433,0
306878,65,26342,0.8379592895507812,15167.328081808984,0
306879,65,26343,0.8414918184280396,15168.169573627412,0
306880,65,26344,0.8465592861175537,15169.01613291353,0
306881,65,26345,0.8511484861373901,15169.867281399667,0
306882,65,26346,0.8533816933631897,15170.72066309303,0
306883,65,26347,0.856462836265564,15171.577125929296,0
306884,65,26348,0.8493527173995972,15172.426478646696,0
306885,65,26349,0.8506730794906616,15173.277151726186,0
306886,65,26350,0.8457938432693481,15174.122945569456,0
306887,65,26351,0.8503824472427368,15174.973328016698,0
306888,65,26352,0.8583372235298157,15175.831665240228,0
306889,65,26353,0.86311936378479,15176.694784604013,0
306890,65,26354,0.8618152737617493,15177.556599877775,0
306891,65,26355,0.8630443215370178,15178.419644199312,0
306892,65,26356,0.863365650177002,15179.283009849489,0
306893,65,26357,0.8486130237579346,15180.131622873247,0
306894,65,26358,0.8492887020111084,15180.980911575258,0
306895,65,26359,0.846474826335907,15181.827386401594,0
306896,65,26360,0.8498493432998657,15182.677235744894,0
306897,65,26361,0.8425326943397522,15183.519768439233,0
306898,65,26362,0.8463830947875977,15184.36615153402,0
306899,65,26363,0.8392602801322937,15185.205411814153,0
306900,65,26364,0.8395128846168518,15186.04492469877,0
306901,65,26365,0.8322866559028625,15186.877211354673,0
306902,65,26366,0.8318179249763489,15187.70902927965,0
306903,65,26367,0.8261584639549255,15188.535187743604,0
306904,65,26368,0.8341233730316162,15189.369311116636,0
306905,65,26369,0.8284397721290588,15190.197750888765,0
306906,65,26370,0.8274345397949219,15191.02518542856,0
306907,65,26371,0.8224882483482361,15191.847673676908,0
306908,65,26372,0.8223312497138977,15192.670004926622,0
306909,65,26373,0.819733202457428,15193.48973812908,0
306910,65,26374,0.819319486618042,15194.309057615697,0
306911,65,26375,0.8242172598838806,15195.133274875581,0
306912,65,26376,0.8322157859802246,15195.965490661561,0
306913,65,26377,0.8212481737136841,15196.786738835275,0
306914,65,26378,0.8265582919120789,15197.613297127187,0
306915,65,26379,0.8338907957077026,15198.447187922895,0
306916,65,26380,0.8189545273780823,15199.266142450273,0
306917,65,26381,0.8196905255317688,15200.085832975805,0
306918,65,26382,0.829562246799469,15200.915395222604,0
306919,65,26383,0.8210575580596924,15201.736452780664,0
306920,65,26384,0.8236156105995178,15202.560068391263,0
306921,65,26385,0.8290455341339111,15203.389113925397,0
306922,65,26386,0.8150151968002319,15204.204129122198,0
306923,65,26387,0.8193114399909973,15205.023440562189,0
306924,65,26388,0.8296127319335938,15205.853053294122,0
306925,65,26389,0.8204168081283569,15206.67347010225,0
306926,65,26390,0.825783908367157,15207.499254010618,0
306927,65,26391,0.8344966769218445,15208.33375068754,0
306928,65,26392,0.8214422464370728,15209.155192933977,0
306929,65,26393,0.8255861401557922,15209.980779074132,0
306930,65,26394,0.8251506686210632,15210.805929742754,0
306931,65,26395,0.8285138607025146,15211.634443603456,0
306932,65,26396,0.8340328335762024,15212.468476437032,0
306933,65,26397,0.8195734620094299,15213.288049899042,0
306934,65,26398,0.8215738534927368,15214.109623752534,0
306935,65,26399,0.832740843296051,15214.94236459583,0
306936,65,26400,0.8215457201004028,15215.76391031593,0
306937,65,26401,0.8260170817375183,15216.589927397668,0
306938,65,26402,0.8235355615615845,15217.41346295923,0
306939,65,26403,0.8249935507774353,15218.238456510007,0
306940,65,26404,0.8318771123886108,15219.070333622396,0
306941,65,26405,0.8363276720046997,15219.9066612944,0
306942,65,26406,0.8392720818519592,15220.745933376253,0
306943,65,26407,0.8408104777336121,15221.586743853986,0
306944,65,26408,0.825615644454956,15222.412359498441,0
306945,65,26409,0.8303684592247009,15223.242727957666,0
306946,65,26410,0.8331510424613953,15224.075879000127,0
306947,65,26411,0.8232957720756531,15224.899174772203,0
306948,65,26412,0.830207109451294,15225.729381881654,0
306949,65,26413,0.8393905162811279,15226.568772397935,0
306950,65,26414,0.8397321105003357,15227.408504508436,0
306951,65,26415,0.8393213748931885,15228.247825883329,0
306952,65,26416,0.8244453072547913,15229.072271190584,0
306953,65,26417,0.8318432569503784,15229.904114447534,0
306954,65,26418,0.8268965482711792,15230.731010995805,0
306955,65,26419,0.8357871770858765,15231.566798172891,0
306956,65,26420,0.8272548317909241,15232.394053004682,0
306957,65,26421,0.8299647569656372,15233.224017761648,0
306958,65,26422,0.8230567574501038,15234.047074519098,0
306959,65,26423,0.825789749622345,15234.87286426872,0
306960,65,26424,0.8192999958992004,15235.69216426462,0
306961,65,26425,0.8177704215049744,15236.509934686124,0
306962,65,26426,0.8238404393196106,15237.333775125444,0
306963,65,26427,0.8119422197341919,15238.145717345178,0
306964,65,26428,0.8133133053779602,15238.959030650556,0
306965,65,26429,0.8189041018486023,15239.777934752405,0
306966,65,26430,0.821087658405304,15240.59902241081,0
306967,65,26431,0.805131733417511,15241.404154144228,0
306968,65,26432,0.8112292885780334,15242.215383432806,0
306969,65,26433,0.8145434856414795,15243.029926918447,0
306970,65,26434,0.8038994073867798,15243.833826325834,0
306971,65,26435,0.8107832074165344,15244.64460953325,0
306972,65,26436,0.8078581690788269,15245.45246770233,0
306973,65,26437,0.8125564455986023,15246.265024147928,0
306974,65,26438,0.8062797784805298,15247.071303926408,0
306975,65,26439,0.8091518878936768,15247.880455814302,0
306976,65,26440,0.8042888045310974,15248.684744618833,0
306977,65,26441,0.8116059303283691,15249.496350549161,0
306978,65,26442,0.8031246662139893,15250.299475215375,0
306979,65,26443,0.8080984950065613,15251.107573710382,0
306980,65,26444,0.8014246225357056,15251.908998332918,0
306981,65,26445,0.8069906830787659,15252.715989015996,0
306982,65,26446,0.8113951683044434,15253.5273841843,0
306983,65,26447,0.7984738945960999,15254.325858078897,0
306984,65,26448,0.8004952073097229,15255.126353286207,0
306985,65,26449,0.8032615780830383,15255.92961486429,0
306986,65,26450,0.7911583781242371,15256.720773242414,0
306987,65,26451,0.7918396592140198,15257.512612901628,0
306988,65,26452,0.7884542346000671,15258.301067136228,0
306989,65,26453,0.78912353515625,15259.090190671384,0
306990,65,26454,0.795997142791748,15259.886187814176,0
306991,65,26455,0.7865371108055115,15260.672724924982,0
306992,65,26456,0.7908661961555481,15261.463591121137,0
306993,65,26457,0.7854267358779907,15262.249017857015,0
306994,65,26458,0.7871118187904358,15263.036129675806,0
306995,65,26459,0.7945232391357422,15263.830652914941,0
306996,65,26460,0.8010020852088928,15264.63165500015,0
306997,65,26461,0.7860519886016846,15265.417706988752,0
306998,65,26462,0.7920390367507935,15266.209746025503,0
306999,65,26463,0.7870776057243347,15266.996823631227,0
307000,65,26464,0.796398401260376,15267.793222032487,0
307001,65,26465,0.7890427708625793,15268.58226480335,0
307002,65,26466,0.7926433682441711,15269.374908171594,0
307003,65,26467,0.7976264357566833,15270.17253460735,0
307004,65,26468,0.8002780079841614,15270.972812615335,0
307005,65,26469,0.8025342226028442,15271.775346837938,0
307006,65,26470,0.7856125831604004,15272.560959421098,0
307007,65,26471,0.7944915294647217,15273.355450950563,0
307008,65,26472,0.8011056184768677,15274.15655656904,0
307009,65,26473,0.7909532785415649,15274.947509847581,0
307010,65,26474,0.7978634834289551,15275.74537333101,0
307011,65,26475,0.7949262857437134,15276.540299616754,0
307012,65,26476,0.7953861951828003,15277.335685811937,0
307013,65,26477,0.8016148805618286,15278.137300692499,0
307014,65,26478,0.8078612685203552,15278.945161961019,0
307015,65,26479,0.794571578502655,15279.739733539522,0
307016,65,26480,0.8021498322486877,15280.54188337177,0
307017,65,26481,0.7979645729064941,15281.339847944677,0
307018,65,26482,0.8057950139045715,15282.145642958581,0
307019,65,26483,0.8158843517303467,15282.961527310312,0
307020,65,26484,0.8038256168365479,15283.765352927148,0
307021,65,26485,0.8061966896057129,15284.571549616754,0
307022,65,26486,0.8162954449653625,15285.38784506172,0
307023,65,26487,0.8045334219932556,15286.192378483713,0
307024,65,26488,0.8107925653457642,15287.003171049058,0
307025,65,26489,0.8179251551628113,15287.821096204221,0
307026,65,26490,0.8227105140686035,15288.64380671829,0
307027,65,26491,0.8233568072319031,15289.467163525522,0
307028,65,26492,0.8073835372924805,15290.274547062814,0
307029,65,26493,0.8130583763122559,15291.087605439126,0
307030,65,26494,0.8143231272697449,15291.901928566396,0
307031,65,26495,0.8189200162887573,15292.720848582685,0
307032,65,26496,0.8257791996002197,15293.546627782285,0
307033,65,26497,0.8133030533790588,15294.359930835664,0
307034,65,26498,0.8199416995048523,15295.17987253517,0
307035,65,26499,0.8175602555274963,15295.997432790697,0
307036,65,26500,0.8170958757400513,15296.814528666437,0
307037,65,26501,0.8173829913139343,15297.63191165775,0
307038,65,26502,0.8229393362998962,15298.45485099405,0
307039,65,26503,0.8155154585838318,15299.270366452634,0
307040,65,26504,0.8186732530593872,15300.089039705694,0
307041,65,26505,0.8258859515190125,15300.914925657213,0
307042,65,26506,0.8161132335662842,15301.731038890779,0
307043,65,26507,0.8198480010032654,15302.550886891782,0
307044,65,26508,0.8313032388687134,15303.382190130651,0
307045,65,26509,0.8180784583091736,15304.20026858896,0
307046,65,26510,0.8203275203704834,15305.02059610933,0
307047,65,26511,0.8178898692131042,15305.838485978544,0
307048,65,26512,0.8262974619865417,15306.66478344053,0
307049,65,26513,0.8195309638977051,15307.484314404428,0
307050,65,26514,0.8249518275260925,15308.309266231954,0
307051,65,26515,0.8331990242004395,15309.142465256155,0
307052,65,26516,0.8404301404953003,15309.98289539665,0
307053,65,26517,0.8254302740097046,15310.80832567066,0
307054,65,26518,0.832399308681488,15311.640724979341,0
307055,65,26519,0.8376126885414124,15312.478337667882,0
307056,65,26520,0.8280661702156067,15313.306403838098,0
307057,65,26521,0.8355843424797058,15314.141988180578,0
307058,65,26522,0.8441876769065857,15314.986175857484,0
307059,65,26523,0.8289991021156311,15315.8151749596,0
307060,65,26524,0.8322343826293945,15316.64740934223,0
307061,65,26525,0.8280124664306641,15317.47542180866,0
307062,65,26526,0.8353644013404846,15318.31078621,0
307063,65,26527,0.8425552845001221,15319.1533414945,0
307064,65,26528,0.8317239880561829,15319.985065482557,0
307065,65,26529,0.837503969669342,15320.822569452226,0
307066,65,26530,0.8351598381996155,15321.657729290426,0
307067,65,26531,0.8434200882911682,15322.501149378717,0
307068,65,26532,0.8509032726287842,15323.352052651346,0
307069,65,26533,0.8554404377937317,15324.20749308914,0
307070,65,26534,0.8385584950447083,15325.046051584184,0
307071,65,26535,0.8448029160499573,15325.890854500234,0
307072,65,26536,0.8497331738471985,15326.740587674081,0
307073,65,26537,0.8387227654457092,15327.579310439527,0
307074,65,26538,0.8454853892326355,15328.42479582876,0
307075,65,26539,0.8416637778282166,15329.266459606588,0
307076,65,26540,0.8500673174858093,15330.116526924074,0
307077,65,26541,0.856720507144928,15330.973247431219,0
307078,65,26542,0.8447540998458862,15331.818001531065,0
307079,65,26543,0.8478339314460754,15332.66583546251,0
307080,65,26544,0.8547418713569641,15333.520577333868,0
307081,65,26545,0.8461886644363403,15334.366765998304,0
307082,65,26546,0.8526758551597595,15335.219441853464,0
307083,65,26547,0.8618690371513367,15336.081310890615,0
307084,65,26548,0.8676347136497498,15336.948945604265,0
307085,65,26549,0.8693682551383972,15337.818313859403,0
307086,65,26550,0.8524675965309143,15338.670781455934,0
307087,65,26551,0.8557007312774658,15339.526482187212,0
307088,65,26552,0.8683898448944092,15340.394872032106,0
307089,65,26553,0.8788695335388184,15341.273741565645,0
307090,65,26554,0.8619779944419861,15342.135719560087,0
307091,65,26555,0.8688604831695557,15343.004580043256,0
307092,65,26556,0.8654531836509705,15343.870033226907,0
307093,65,26557,0.8692351579666138,15344.739268384874,0
307094,65,26558,0.8769059181213379,15345.616174302995,0
307095,65,26559,0.8712691068649292,15346.48744340986,0
307096,65,26560,0.8754504919052124,15347.362893901765,0
307097,65,26561,0.8753933906555176,15348.23828729242,0
307098,65,26562,0.8815392851829529,15349.119826577604,0
307099,65,26563,0.8741462230682373,15349.993972800672,0
307100,65,26564,0.8773919343948364,15350.871364735067,0
307101,65,26565,0.8732320070266724,15351.744596742094,0
307102,65,26566,0.8770837783813477,15352.621680520475,0
307103,65,26567,0.8846216201782227,15353.506302140653,0
307104,65,26568,0.8765026926994324,15354.382804833353,0
307105,65,26569,0.8815486431121826,15355.264353476465,0
307106,65,26570,0.8800455927848816,15356.14439906925,0
307107,65,26571,0.8836294412612915,15357.028028510511,0
307108,65,26572,0.8924387693405151,15357.920467279851,0
307109,65,26573,0.8839200735092163,15358.80438735336,0
307110,65,26574,0.8882504105567932,15359.692637763917,0
307111,65,26575,0.8948883414268494,15360.587526105344,0
307112,65,26576,0.8793908953666687,15361.466917000711,0
307113,65,26577,0.8835086822509766,15362.350425682962,0
307114,65,26578,0.8878500461578369,15363.23827572912,0
307115,65,26579,0.8926972150802612,15364.1309729442,0
307116,65,26580,0.8934307098388672,15365.024403654039,0
307117,65,26581,0.8782655000686646,15365.902669154108,0
307118,65,26582,0.8854007720947266,15366.788069926202,0
307119,65,26583,0.8896622061729431,15367.677732132375,0
307120,65,26584,0.8793042302131653,15368.557036362588,0
307121,65,26585,0.8860852718353271,15369.443121634424,0
307122,65,26586,0.8888475894927979,15370.331969223917,0
307123,65,26587,0.8767799735069275,15371.208749197423,0
307124,65,26588,0.8808145523071289,15372.08956374973,0
307125,65,26589,0.8857800364494324,15372.97534378618,0
307126,65,26590,0.8877142667770386,15373.863058052957,0
307127,65,26591,0.873940646648407,15374.736998699605,0
307128,65,26592,0.8776953220367432,15375.614694021642,0
307129,65,26593,0.8739742040634155,15376.488668225706,0
307130,65,26594,0.8802531957626343,15377.368921421468,0
307131,65,26595,0.8860844969749451,15378.255005918443,0
307132,65,26596,0.8741532564163208,15379.12915917486,0
307133,65,26597,0.8791270852088928,15380.008286260068,0
307134,65,26598,0.8727346062660217,15380.881020866334,0
307135,65,26599,0.8746517300605774,15381.755672596395,0
307136,65,26600,0.8792844414710999,15382.634957037866,0
307137,65,26601,0.8732360601425171,15383.508193098009,0
307138,65,26602,0.8754429817199707,15384.383636079729,0
307139,65,26603,0.8749029040336609,15385.258538983762,0
307140,65,26604,0.8828310370445251,15386.141370020807,0
307141,65,26605,0.8901768922805786,15387.031546913087,0
307142,65,26606,0.8936634659767151,15387.925210379064,0
307143,65,26607,0.8771035671234131,15388.802313946187,0
307144,65,26608,0.8794768452644348,15389.681790791452,0
307145,65,26609,0.8790520429611206,15390.560842834413,0
307146,65,26610,0.8850950598716736,15391.445937894285,0
307147,65,26611,0.8901788592338562,15392.336116753519,0
307148,65,26612,0.8941176533699036,15393.230234406888,0
307149,65,26613,0.8782740831375122,15394.108508490026,0
307150,65,26614,0.8835493922233582,15394.99205788225,0
307151,65,26615,0.8930193781852722,15395.885077260435,0
307152,65,26616,0.8848851919174194,15396.769962452352,0
307153,65,26617,0.8881285786628723,15397.658091031015,0
307154,65,26618,0.894766628742218,15398.552857659757,0
307155,65,26619,0.8859380483627319,15399.43879570812,0
307156,65,26620,0.8908512592315674,15400.329646967351,0
307157,65,26621,0.8942869901657104,15401.223933957517,0
307158,65,26622,0.8838340640068054,15402.107768021524,0
307159,65,26623,0.8873627185821533,15402.995130740106,0
307160,65,26624,0.8801720142364502,15403.875302754343,0
307161,65,26625,0.8848744034767151,15404.76017715782,0
307162,65,26626,0.8799669742584229,15405.640144132078,0
307163,65,26627,0.887999951839447,15406.528144083917,0
307164,65,26628,0.8829609751701355,15407.411105059087,0
307165,65,26629,0.8888564705848694,15408.299961529672,0
307166,65,26630,0.8972554802894592,15409.197217009962,0
307167,65,26631,0.8848921060562134,15410.082109116018,0
307168,65,26632,0.8905582427978516,15410.972667358816,0
307169,65,26633,0.8987850546836853,15411.8714524135,0
307170,65,26634,0.8900467753410339,15412.76149918884,0
307171,65,26635,0.8934119343757629,15413.654911123216,0
307172,65,26636,0.9026153683662415,15414.557526491582,0
307173,65,26637,0.8912971615791321,15415.448823653162,0
307174,65,26638,0.8946956396102905,15416.343519292772,0
307175,65,26639,0.8913291096687317,15417.23484840244,0
307176,65,26640,0.8956782221794128,15418.13052662462,0
307177,65,26641,0.8941488265991211,15419.024675451219,0
307178,65,26642,0.8925356864929199,15419.917211137712,0
307179,65,26643,0.8968308568000793,15420.814041994512,0
307180,65,26644,0.9033135175704956,15421.717355512083,0
307181,65,26645,0.9052184820175171,15422.6225739941,0
307182,65,26646,0.9062643647193909,15423.52883835882,0
307183,65,26647,0.8914302587509155,15424.42026861757,0
307184,65,26648,0.8973532319068909,15425.317621849477,0
307185,65,26649,0.8991096615791321,15426.216731511056,0
307186,65,26650,0.9057723879814148,15427.122503899038,0
307187,65,26651,0.9112755656242371,15428.033779464662,0
307188,65,26652,0.9005858898162842,15428.934365354478,0
307189,65,26653,0.907726526260376,15429.842091880739,0
307190,65,26654,0.9055455923080444,15430.747637473047,0
307191,65,26655,0.9155182838439941,15431.66315575689,0
307192,65,26656,0.9110246300697327,15432.57418038696,0
307193,65,26657,0.9150004982948303,15433.489180885255,0
307194,65,26658,0.9236071705818176,15434.412788055837,0
307195,65,26659,0.9264039397239685,15435.339191995561,0
307196,65,26660,0.9117904901504517,15436.250982485712,0
307197,65,26661,0.9160264134407043,15437.167008899152,0
307198,65,26662,0.9254589080810547,15438.092467807233,0
307199,65,26663,0.9144807457923889,15439.006948553026,0
307200,65,26664,0.9200119972229004,15439.926960550249,0
