timestep,episode,step_in_episode,reward,cumulative_reward,done
296961,101,723,0.11625096946954727,278.88242813944817,0
296962,101,724,0.12804670631885529,279.010474845767,0
296963,101,725,0.12303576618432999,279.13351061195135,0
296964,101,726,0.1116534098982811,279.24516402184963,0
296965,101,727,0.12455333024263382,279.36971735209227,0
296966,101,728,0.12203934788703918,279.4917566999793,0
296967,101,729,0.11471716314554214,279.60647386312485,0
296968,101,730,0.11100690811872482,279.7174807712436,0
296969,101,731,0.10781056433916092,279.82529133558273,0
296970,101,732,0.10665503144264221,279.9319463670254,0
296971,101,733,0.11931183934211731,280.0512582063675,0
296972,101,734,0.11520370841026306,280.16646191477776,0
296973,101,735,0.11690019816160202,280.28336211293936,0
296974,101,736,0.11339511722326279,280.3967572301626,0
296975,101,737,0.11559636890888214,280.5123535990715,0
296976,101,738,0.11046035587787628,280.6228139549494,0
296977,101,739,0.10611815005540848,280.7289321050048,0
296978,101,740,0.10202868282794952,280.83096078783274,0
296979,101,741,0.1003105416893959,280.93127132952213,0
296980,101,742,0.10002288222312927,281.03129421174526,0
296981,101,743,0.10054564476013184,281.1318398565054,0
296982,101,744,0.10123962163925171,281.23307947814465,0
296983,101,745,0.10187254846096039,281.3349520266056,0
296984,101,746,0.1024637520313263,281.43741577863693,0
296985,101,747,0.1029081642627716,281.5403239428997,0
296986,101,748,0.10329830646514893,281.64362224936485,0
296987,101,749,0.11551057547330856,281.75913282483816,0
296988,101,750,0.11216605454683304,281.871298879385,0
296989,101,751,0.10006175935268402,281.9713606387377,0
296990,101,752,0.1128925010561943,282.0842531397939,0
296991,101,753,0.1081334725022316,282.1923866122961,0
296992,101,754,0.11299895495176315,282.30538556724787,0
296993,101,755,0.1077880784869194,282.4131736457348,0
296994,101,756,0.11191058903932571,282.5250842347741,0
296995,101,757,0.10964400321245193,282.63472823798656,0
296996,101,758,0.11210433393716812,282.74683257192373,0
296997,101,759,0.10577798634767532,282.8526105582714,0
296998,101,760,0.11455792933702469,282.96716848760843,0
296999,101,761,0.11021368205547333,283.0773821696639,0
297000,101,762,0.10326424986124039,283.18064641952515,0
297001,101,763,0.09870974719524384,283.2793561667204,0
297002,101,764,0.11176726967096329,283.39112343639135,0
297003,101,765,0.10823296010494232,283.4993563964963,0
297004,101,766,0.11120498925447464,283.61056138575077,0
297005,101,767,0.11084027588367462,283.72140166163445,0
297006,101,768,0.1148456484079361,283.8362473100424,0
297007,101,769,0.11297080665826797,283.94921811670065,0
297008,101,770,0.10701064765453339,284.0562287643552,0
297009,101,771,0.11845257133245468,284.17468133568764,0
297010,101,772,0.11713171750307083,284.2918130531907,0
297011,101,773,0.10838571935892105,284.40019877254963,0
297012,101,774,0.12080974131822586,284.52100851386786,0
297013,101,775,0.11893058568239212,284.63993909955025,0
297014,101,776,0.11408022791147232,284.7540193274617,0
297015,101,777,0.12370987981557846,284.8777292072773,0
297016,101,778,0.11861929297447205,284.99634850025177,0
297017,101,779,0.12245161086320877,285.118800111115,0
297018,101,780,0.11560174077749252,285.23440185189247,0
297019,101,781,0.1081724613904953,285.34257431328297,0
297020,101,782,0.10396886616945267,285.4465431794524,0
297021,101,783,0.1172783374786377,285.56382151693106,0
297022,101,784,0.11186987161636353,285.6756913885474,0
297023,101,785,0.11599879711866379,285.7916901856661,0
297024,101,786,0.11356089264154434,285.90525107830763,0
297025,101,787,0.10852725058794022,286.01377832889557,0
297026,101,788,0.10343581438064575,286.1172141432762,0
297027,101,789,0.11483627557754517,286.23205041885376,0
297028,101,790,0.10902170091867447,286.34107211977243,0
297029,101,791,0.11492063105106354,286.4559927508235,0
297030,101,792,0.11058146506547928,286.566574215889,0
297031,101,793,0.11316092312335968,286.67973513901234,0
297032,101,794,0.1083126813173294,286.78804782032967,0
297033,101,795,0.11411488056182861,286.9021627008915,0
297034,101,796,0.11288747936487198,287.01505018025637,0
297035,101,797,0.1159583330154419,287.1310085132718,0
297036,101,798,0.10988055169582367,287.24088906496763,0
297037,101,799,0.1031356006860733,287.3440246656537,0
297038,101,800,0.09848953783512115,287.4425142034888,0
297039,101,801,0.09635230898857117,287.5388665124774,0
297040,101,802,0.09561938792467117,287.63448590040207,0
297041,101,803,0.09546215832233429,287.7299480587244,0
297042,101,804,0.09571912884712219,287.8256671875715,0
297043,101,805,0.09570194035768509,287.9213691279292,0
297044,101,806,0.0956670343875885,288.0170361623168,0
297045,101,807,0.09548364579677582,288.1125198081136,0
297046,101,808,0.09522176533937454,288.20774157345295,0
297047,101,809,0.09494394063949585,288.30268551409245,0
297048,101,810,0.10645397007465363,288.4091394841671,0
297049,101,811,0.09839886426925659,288.50753834843636,0
297050,101,812,0.0993640124797821,288.60690236091614,0
297051,101,813,0.09879755973815918,288.7056999206543,0
297052,101,814,0.09928181022405624,288.80498173087835,0
297053,101,815,0.1000397801399231,288.9050215110183,0
297054,101,816,0.09480486810207367,288.99982637912035,0
297055,101,817,0.10136353969573975,289.1011899188161,0
297056,101,818,0.0946701243519783,289.19586004316807,0
297057,101,819,0.10080640017986298,289.29666644334793,0
297058,101,820,0.09665627777576447,289.3933227211237,0
297059,101,821,0.10146486759185791,289.49478758871555,0
297060,101,822,0.09898184984922409,289.5937694385648,0
297061,101,823,0.10395057499408722,289.69772001355886,0
297062,101,824,0.09792322665452957,289.7956432402134,0
297063,101,825,0.1033301129937172,289.8989733532071,0
297064,101,826,0.10109736025333405,290.00007071346045,0
297065,101,827,0.10560141503810883,290.10567212849855,0
297066,101,828,0.10582318902015686,290.2114953175187,0
297067,101,829,0.10162240266799927,290.3131177201867,0
297068,101,830,0.09615030884742737,290.40926802903414,0
297069,101,831,0.09293598681688309,290.502204015851,0
297070,101,832,0.09253092110157013,290.5947349369526,0
297071,101,833,0.09349095821380615,290.6882258951664,0
297072,101,834,0.09363450855016708,290.78186040371656,0
297073,101,835,0.09435173869132996,290.8762121424079,0
297074,101,836,0.10659625381231308,290.9828083962202,0
297075,101,837,0.1027577668428421,291.08556616306305,0
297076,101,838,0.10161206126213074,291.1871782243252,0
297077,101,839,0.0975276306271553,291.28470585495234,0
297078,101,840,0.09293521195650101,291.37764106690884,0
297079,101,841,0.10092893242835999,291.4785699993372,0
297080,101,842,0.09853044152259827,291.5771004408598,0
297081,101,843,0.09340333938598633,291.6705037802458,0
297082,101,844,0.08914533257484436,291.7596491128206,0
297083,101,845,0.09975434839725494,291.8594034612179,0
297084,101,846,0.09702996909618378,291.95643343031406,0
297085,101,847,0.09929551184177399,292.05572894215584,0
297086,101,848,0.0933348760008812,292.1490638181567,0
297087,101,849,0.10326436907052994,292.25232818722725,0
297088,101,850,0.10271179676055908,292.3550399839878,0
297089,101,851,0.09592711925506592,292.4509671032429,0
297090,101,852,0.0940084382891655,292.54497554153204,0
297091,101,853,0.0918862521648407,292.6368617936969,0
297092,101,854,0.10585695505142212,292.7427187487483,0
297093,101,855,0.10010804235935211,292.84282679110765,0
297094,101,856,0.0977146103978157,292.94054140150547,0
297095,101,857,0.09435765445232391,293.0348990559578,0
297096,101,858,0.0925140529870987,293.1274131089449,0
297097,101,859,0.1057172417640686,293.23313035070896,0
297098,101,860,0.09969598799943924,293.3328263387084,0
297099,101,861,0.10199157893657684,293.434817917645,0
297100,101,862,0.10055892169475555,293.53537683933973,0
297101,101,863,0.09575831890106201,293.6311351582408,0
297102,101,864,0.09096217155456543,293.72209732979536,0
297103,101,865,0.08799037337303162,293.8100877031684,0
297104,101,866,0.09998651593923569,293.9100742191076,0
297105,101,867,0.0968661680817604,294.0069403871894,0
297106,101,868,0.09219398349523544,294.0991343706846,0
297107,101,869,0.09001471102237701,294.189149081707,0
297108,101,870,0.08984869718551636,294.2789977788925,0
297109,101,871,0.10240209847688675,294.3813998773694,0
297110,101,872,0.0980144515633583,294.47941432893276,0
297111,101,873,0.09062265604734421,294.5700369849801,0
297112,101,874,0.0836496353149414,294.65368662029505,0
297113,101,875,0.0992308184504509,294.7529174387455,0
297114,101,876,0.10024639964103699,294.85316383838654,0
297115,101,877,0.09169616550207138,294.9448600038886,0
297116,101,878,0.099469393491745,295.04432939738035,0
297117,101,879,0.09715677797794342,295.1414861753583,0
297118,101,880,0.10266201198101044,295.2441481873393,0
297119,101,881,0.09697454422712326,295.34112273156643,0
297120,101,882,0.09055180102586746,295.4316745325923,0
297121,101,883,0.08984525501728058,295.5215197876096,0
297122,101,884,0.10632415115833282,295.6278439387679,0
297123,101,885,0.10497866570949554,295.7328226044774,0
297124,101,886,0.1050073578953743,295.8378299623728,0
297125,101,887,0.10245664417743683,295.9402866065502,0
297126,101,888,0.09785126149654388,296.03813786804676,0
297127,101,889,0.10892228782176971,296.14706015586853,0
297128,101,890,0.10474664717912674,296.25180680304766,0
297129,101,891,0.09601161628961563,296.3478184193373,0
297130,101,892,0.10713742673397064,296.45495584607124,0
297131,101,893,0.10447470843791962,296.55943055450916,0
297132,101,894,0.10638806968927383,296.66581862419844,0
297133,101,895,0.10499829798936844,296.7708169221878,0
297134,101,896,0.10741765052080154,296.8782345727086,0
297135,101,897,0.1077035665512085,296.9859381392598,0
297136,101,898,0.10874813050031662,297.09468626976013,0
297137,101,899,0.10149665921926498,297.1961829289794,0
297138,101,900,0.10868916660547256,297.30487209558487,0
297139,101,901,0.10539179295301437,297.4102638885379,0
297140,101,902,0.10672490298748016,297.51698879152536,0
297141,101,903,0.10145694762468338,297.61844573915005,0
297142,101,904,0.10728168487548828,297.72572742402554,0
297143,101,905,0.10295099765062332,297.82867842167616,0
297144,101,906,0.10556937009096146,297.9342477917671,0
297145,101,907,0.10570365935564041,298.03995145112276,0
297146,101,908,0.10149217396974564,298.1414436250925,0
297147,101,909,0.10474240779876709,298.2461860328913,0
297148,101,910,0.10793448239564896,298.3541205152869,0
297149,101,911,0.106625996530056,298.460746511817,0
297150,101,912,0.10813315212726593,298.56887966394424,0
297151,101,913,0.10232953727245331,298.6712092012167,0
297152,101,914,0.09771417826414108,298.76892337948084,0
297153,101,915,0.10816509276628494,298.8770884722471,0
297154,101,916,0.10359042137861252,298.98067889362574,0
297155,101,917,0.10753756016492844,299.08821645379066,0
297156,101,918,0.0987929254770279,299.1870093792677,0
297157,101,919,0.10582025349140167,299.2928296327591,0
297158,101,920,0.10189414024353027,299.3947237730026,0
297159,101,921,0.09445913136005402,299.4891829043627,0
297160,101,922,0.10445482283830643,299.593637727201,0
297161,101,923,0.10064075887203217,299.694278486073,0
297162,101,924,0.09482315927743912,299.78910164535046,0
297163,101,925,0.09211987257003784,299.8812215179205,0
297164,101,926,0.1017608791589737,299.98298239707947,0
297165,101,927,0.0966525599360466,300.0796349570155,0
297166,101,928,0.09745398163795471,300.17708893865347,0
297167,101,929,0.09206279367208481,300.26915173232555,0
297168,101,930,0.09926889836788177,300.36842063069344,0
297169,101,931,0.09919681400060654,300.46761744469404,0
297170,101,932,0.09186623990535736,300.5594836845994,0
297171,101,933,0.08623363822698593,300.6457173228264,0
297172,101,934,0.08445211499929428,300.7301694378257,0
297173,101,935,0.09793611615896225,300.82810555398464,0
297174,101,936,0.09310457855463028,300.9212101325393,0
297175,101,937,0.08805184066295624,301.00926197320223,0
297176,101,938,0.08418554067611694,301.09344751387835,0
297177,101,939,0.08361616730690002,301.17706368118525,0
297178,101,940,0.08247390389442444,301.25953758507967,0
297179,101,941,0.09538162499666214,301.35491921007633,0
297180,101,942,0.088785320520401,301.44370453059673,0
297181,101,943,0.08586816489696503,301.5295726954937,0
297182,101,944,0.08445276319980621,301.6140254586935,0
297183,101,945,0.08296982198953629,301.69699528068304,0
297184,101,946,0.08243956416845322,301.7794348448515,0
297185,101,947,0.09462469071149826,301.874059535563,0
297186,101,948,0.09195239841938019,301.9660119339824,0
297187,101,949,0.08160866051912308,302.0476205945015,0
297188,101,950,0.09232398867607117,302.13994458317757,0
297189,101,951,0.08805440366268158,302.22799898684025,0
297190,101,952,0.09317080676555634,302.3211697936058,0
297191,101,953,0.08865287154912949,302.40982266515493,0
297192,101,954,0.0821482241153717,302.4919708892703,0
297193,101,955,0.09441598504781723,302.5863868743181,0
297194,101,956,0.09289361536502838,302.67928048968315,0
297195,101,957,0.0975615456700325,302.7768420353532,0
297196,101,958,0.09622550010681152,302.87306753546,0
297197,101,959,0.09211889654397964,302.965186432004,0
297198,101,960,0.08794572204351425,303.0531321540475,0
297199,101,961,0.10030189156532288,303.1534340456128,0
297200,101,962,0.0959545448422432,303.24938859045506,0
297201,101,963,0.09834439307451248,303.34773298352957,0
297202,101,964,0.09698619693517685,303.44471918046474,0
297203,101,965,0.09360187500715256,303.5383210554719,0
297204,101,966,0.08875435590744019,303.62707541137934,0
297205,101,967,0.085931695997715,303.71300710737705,0
297206,101,968,0.08653966337442398,303.7995467707515,0
297207,101,969,0.08690837025642395,303.8864551410079,0
297208,101,970,0.10034286975860596,303.9867980107665,0
297209,101,971,0.0937504917383194,304.0805485025048,0
297210,101,972,0.09707280248403549,304.17762130498886,0
297211,101,973,0.09431932866573334,304.2719406336546,0
297212,101,974,0.09385943412780762,304.3658000677824,0
297213,101,975,0.0957205519080162,304.4615206196904,0
297214,101,976,0.09086086601018906,304.5523814857006,0
297215,101,977,0.08548203855752945,304.63786352425814,0
297216,101,978,0.08224237710237503,304.7201059013605,0
297217,101,979,0.08114444464445114,304.80125034600496,0
297218,101,980,0.08132696151733398,304.8825773075223,0
297219,101,981,0.0946711078286171,304.9772484153509,0
297220,101,982,0.09204063564538956,305.0692890509963,0
297221,101,983,0.083770751953125,305.15305980294943,0
297222,101,984,0.07906761020421982,305.23212741315365,0
297223,101,985,0.07696415483951569,305.30909156799316,0
297224,101,986,0.09453225880861282,305.4036238268018,0
297225,101,987,0.08822876214981079,305.4918525889516,0
297226,101,988,0.0931662768125534,305.58501886576414,0
297227,101,989,0.08997850865125656,305.6749973744154,0
297228,101,990,0.08450256288051605,305.7594999372959,0
297229,101,991,0.07991556078195572,305.83941549807787,0
297230,101,992,0.09402133524417877,305.93343683332205,0
297231,101,993,0.08980453014373779,306.0232413634658,0
297232,101,994,0.09262605756521225,306.115867421031,0
297233,101,995,0.09470604360103607,306.21057346463203,0
297234,101,996,0.08822373300790787,306.29879719763994,0
297235,101,997,0.0827738344669342,306.3815710321069,0
297236,101,998,0.08164024353027344,306.46321127563715,0
297237,101,999,0.08217080682516098,306.5453820824623,0
297238,101,1000,0.09617987275123596,306.64156195521355,0
297239,101,1001,0.09035704284906387,306.7319189980626,0
297240,101,1002,0.09460937231779099,306.8265283703804,0
297241,101,1003,0.08574190735816956,306.91227027773857,0
297242,101,1004,0.07697688788175583,306.9892471656203,0
297243,101,1005,0.07455211877822876,307.06379928439856,0
297244,101,1006,0.07639690488576889,307.1401961892843,0
297245,101,1007,0.092030368745327,307.23222655802965,0
297246,101,1008,0.08978898078203201,307.3220155388117,0
297247,101,1009,0.08155152946710587,307.4035670682788,0
297248,101,1010,0.0734347552061081,307.4770018234849,0
297249,101,1011,0.07036726921796799,307.54736909270287,0
297250,101,1012,0.08566682040691376,307.6330359131098,0
297251,101,1013,0.08210323750972748,307.7151391506195,0
297252,101,1014,0.08251915127038956,307.7976583018899,0
297253,101,1015,0.07820985466241837,307.8758681565523,0
297254,101,1016,0.08259084075689316,307.9584589973092,0
297255,101,1017,0.08199142664670944,308.0404504239559,0
297256,101,1018,0.07647324353456497,308.1169236674905,0
297257,101,1019,0.07214007526636124,308.18906374275684,0
297258,101,1020,0.08224724978208542,308.27131099253893,0
297259,101,1021,0.07765898108482361,308.34896997362375,0
297260,101,1022,0.08043405413627625,308.42940402776003,0
297261,101,1023,0.07945004105567932,308.5088540688157,0
297262,101,1024,0.08227396011352539,308.59112802892923,0
297263,101,1025,0.07982441782951355,308.67095244675875,0
297264,101,1026,0.07309243828058243,308.74404488503933,0
297265,101,1027,0.06778618693351746,308.81183107197285,0
297266,101,1028,0.06669959425926208,308.8785306662321,0
297267,101,1029,0.081253282725811,308.9597839489579,0
297268,101,1030,0.07897888869047165,309.0387628376484,0
297269,101,1031,0.07750540971755981,309.11626824736595,0
297270,101,1032,0.07850878685712814,309.1947770342231,0
297271,101,1033,0.07855258136987686,309.27332961559296,0
297272,101,1034,0.07932384312152863,309.3526534587145,0
297273,101,1035,0.07317917793989182,309.4258326366544,0
297274,101,1036,0.07953966408967972,309.50537230074406,0
297275,101,1037,0.0772426500916481,309.5826149508357,0
297276,101,1038,0.06923115253448486,309.6518461033702,0
297277,101,1039,0.08278848975896835,309.73463459312916,0
297278,101,1040,0.07742579281330109,309.81206038594246,0
297279,101,1041,0.08472855389118195,309.89678893983364,0
297280,101,1042,0.07828433811664581,309.9750732779503,0
297281,101,1043,0.0704609677195549,310.04553424566984,0
297282,101,1044,0.0825679674744606,310.1281022131443,0
297283,101,1045,0.07844098657369614,310.206543199718,0
297284,101,1046,0.07315744459629059,310.2797006443143,0
297285,101,1047,0.07192162424325943,310.35162226855755,0
297286,101,1048,0.06960337609052658,310.4212256446481,0
297287,101,1049,0.08338125795125961,310.50460690259933,0
297288,101,1050,0.07897884398698807,310.5835857465863,0
297289,101,1051,0.08138570189476013,310.6649714484811,0
297290,101,1052,0.07604949176311493,310.7410209402442,0
297291,101,1053,0.06894996762275696,310.80997090786695,0
297292,101,1054,0.08275001496076584,310.8927209228277,0
297293,101,1055,0.08031414449214935,310.97303506731987,0
297294,101,1056,0.07301954180002213,311.0460546091199,0
297295,101,1057,0.06655332446098328,311.1126079335809,0
297296,101,1058,0.06366774439811707,311.176275677979,0
297297,101,1059,0.06313297152519226,311.2394086495042,0
297298,101,1060,0.06482632458209991,311.3042349740863,0
297299,101,1061,0.07844511419534683,311.38268008828163,0
297300,101,1062,0.0751526728272438,311.4578327611089,0
297301,101,1063,0.07621580362319946,311.5340485647321,0
297302,101,1064,0.07556154578924179,311.6096101105213,0
297303,101,1065,0.07897568494081497,311.68858579546213,0
297304,101,1066,0.07880347222089767,311.76738926768303,0
297305,101,1067,0.08156970143318176,311.8489589691162,0
297306,101,1068,0.08394819498062134,311.93290716409683,0
297307,101,1069,0.07860089093446732,312.0115080550313,0
297308,101,1070,0.08417171239852905,312.09567976742983,0
297309,101,1071,0.07992489635944366,312.1756046637893,0
297310,101,1072,0.08515391498804092,312.2607585787773,0
297311,101,1073,0.08082155883312225,312.34158013761044,0
297312,101,1074,0.08536399900913239,312.42694413661957,0
297313,101,1075,0.08372809737920761,312.5106722339988,0
297314,101,1076,0.08778783679008484,312.59846007078886,0
297315,101,1077,0.0877261757850647,312.6861862465739,0
297316,101,1078,0.08563991636037827,312.7718261629343,0
297317,101,1079,0.07997468113899231,312.8518008440733,0
297318,101,1080,0.07661327719688416,312.9284141212702,0
297319,101,1081,0.07700546830892563,313.0054195895791,0
297320,101,1082,0.09017327427864075,313.09559286385775,0
297321,101,1083,0.08606411516666412,313.1816569790244,0
297322,101,1084,0.08122029900550842,313.2628772780299,0
297323,101,1085,0.08969209343194962,313.35256937146187,0
297324,101,1086,0.08261743932962418,313.4351868107915,0
297325,101,1087,0.07585123181343079,313.5110380426049,0
297326,101,1088,0.08870698511600494,313.5997450277209,0
297327,101,1089,0.08619222044944763,313.6859372481704,0
297328,101,1090,0.08824191987514496,313.7741791680455,0
297329,101,1091,0.088399238884449,313.86257840692997,0
297330,101,1092,0.0887364000082016,313.95131480693817,0
297331,101,1093,0.08201467990875244,314.0333294868469,0
297332,101,1094,0.09027383476495743,314.1236033216119,0
297333,101,1095,0.0857398509979248,314.2093431726098,0
297334,101,1096,0.07808157801628113,314.2874247506261,0
297335,101,1097,0.08986321836709976,314.3772879689932,0
297336,101,1098,0.08694881945848465,314.4642367884517,0
297337,101,1099,0.0903363972902298,314.5545731857419,0
297338,101,1100,0.08591819554567337,314.6404913812876,0
297339,101,1101,0.0782848373055458,314.7187762185931,0
297340,101,1102,0.07662926614284515,314.79540548473597,0
297341,101,1103,0.0928768739104271,314.8882823586464,0
297342,101,1104,0.08827681094408035,314.9765591695905,0
297343,101,1105,0.08293817192316055,315.05949734151363,0
297344,101,1106,0.09383042901754379,315.1533277705312,0
297345,101,1107,0.08825527876615524,315.24158304929733,0
297346,101,1108,0.09215757995843887,315.3337406292558,0
297347,101,1109,0.08838365972042084,315.4221242889762,0
297348,101,1110,0.08170834928750992,315.5038326382637,0
297349,101,1111,0.07777664065361023,315.5816092789173,0
297350,101,1112,0.09197747707366943,315.673586755991,0
297351,101,1113,0.0898381695151329,315.7634249255061,0
297352,101,1114,0.08864136785268784,315.8520662933588,0
297353,101,1115,0.08705936372280121,315.9391256570816,0
297354,101,1116,0.08229456096887589,316.0214202180505,0
297355,101,1117,0.0892515480518341,316.1106717661023,0
297356,101,1118,0.08917287737131119,316.1998446434736,0
297357,101,1119,0.09003977477550507,316.28988441824913,0
297358,101,1120,0.09209327399730682,316.38197769224644,0
297359,101,1121,0.08643798530101776,316.46841567754745,0
297360,101,1122,0.08056804537773132,316.5489837229252,0
297361,101,1123,0.09079836308956146,316.63978208601475,0
297362,101,1124,0.0882234126329422,316.7280054986477,0
297363,101,1125,0.09124668687582016,316.8192521855235,0
297364,101,1126,0.09054362028837204,316.9097958058119,0
297365,101,1127,0.09491663426160812,317.0047124400735,0
297366,101,1128,0.09096905589103699,317.0956814959645,0
297367,101,1129,0.09590097516775131,317.1915824711323,0
297368,101,1130,0.09545683115720749,317.2870393022895,0
297369,101,1131,0.09781564027070999,317.3848549425602,0
297370,101,1132,0.09964469075202942,317.4844996333122,0
297371,101,1133,0.09381093829870224,317.5783105716109,0
297372,101,1134,0.10148867964744568,317.6797992512584,0
297373,101,1135,0.09628168493509293,317.77608093619347,0
297374,101,1136,0.1016177162528038,317.87769865244627,0
297375,101,1137,0.10194042325019836,317.97963907569647,0
297376,101,1138,0.098240427672863,318.07787950336933,0
297377,101,1139,0.09556437283754349,318.1734438762069,0
297378,101,1140,0.09616027027368546,318.26960414648056,0
297379,101,1141,0.09718754142522812,318.3667916879058,0
297380,101,1142,0.0964394360780716,318.46323112398386,0
297381,101,1143,0.10143813490867615,318.56466925889254,0
297382,101,1144,0.0954575315117836,318.6601267904043,0
297383,101,1145,0.09991688281297684,318.7600436732173,0
297384,101,1146,0.09746380895376205,318.85750748217106,0
297385,101,1147,0.10105631500482559,318.9585637971759,0
297386,101,1148,0.10000019520521164,319.0585639923811,0
297387,101,1149,0.10247442126274109,319.16103841364384,0
297388,101,1150,0.09737168997526169,319.2584101036191,0
297389,101,1151,0.10230056941509247,319.3607106730342,0
297390,101,1152,0.09824599325656891,319.45895666629076,0
297391,101,1153,0.0962398499250412,319.5551965162158,0
297392,101,1154,0.09366804361343384,319.64886455982924,0
297393,101,1155,0.0938209667801857,319.7426855266094,0
297394,101,1156,0.09559224545955658,319.838277772069,0
297395,101,1157,0.10181140154600143,319.940089173615,0
297396,101,1158,-10.0,309.940089173615,1
297397,102,1,0.152165487408638,0.152165487408638,0
297398,102,2,0.14880484342575073,0.30097033083438873,0
297399,102,3,0.15083128213882446,0.4518016129732132,0
297400,102,4,0.14961063861846924,0.6014122515916824,0
297401,102,5,0.14727924764156342,0.7486914992332458,0
297402,102,6,0.1498989760875702,0.898590475320816,0
297403,102,7,0.15164636075496674,1.0502368360757828,0
297404,102,8,0.14853990077972412,1.198776736855507,0
297405,102,9,0.1472979485988617,1.3460746854543686,0
297406,102,10,0.15180276334285736,1.497877448797226,0
297407,102,11,0.14660541713237762,1.6444828659296036,0
297408,102,12,0.14570097625255585,1.7901838421821594,0
297409,102,13,0.1442454755306244,1.9344293177127838,0
297410,102,14,0.14680707454681396,2.081236392259598,0
297411,102,15,0.15090394020080566,2.2321403324604034,0
297412,102,16,0.1506231129169464,2.38276344537735,0
297413,102,17,0.14951719343662262,2.5322806388139725,0
297414,102,18,0.14855796098709106,2.6808385998010635,0
297415,102,19,0.14797519147396088,2.8288137912750244,0
297416,102,20,0.15175150334835052,2.980565294623375,0
297417,102,21,0.1445387452840805,3.1251040399074554,0
297418,102,22,0.14598195254802704,3.2710859924554825,0
297419,102,23,0.14869527518749237,3.419781267642975,0
297420,102,24,0.15093573927879333,3.570717006921768,0
297421,102,25,0.15059465169906616,3.7213116586208344,0
297422,102,26,0.14936022460460663,3.870671883225441,0
297423,102,27,0.14952395856380463,4.020195841789246,0
297424,102,28,0.1496097892522812,4.169805631041527,0
297425,102,29,0.1498698592185974,4.319675490260124,0
297426,102,30,0.1501791775226593,4.4698546677827835,0
297427,102,31,0.15048553049564362,4.620340198278427,0
297428,102,32,0.15077292919158936,4.7711131274700165,0
297429,102,33,0.15104228258132935,4.922155410051346,0
297430,102,34,0.15130165219306946,5.073457062244415,0
297431,102,35,0.15155534446239471,5.22501240670681,0
297432,102,36,0.15180276334285736,5.376815170049667,0
297433,102,37,0.14393119513988495,5.520746365189552,0
297434,102,38,0.1484462022781372,5.6691925674676895,0
297435,102,39,0.149665966629982,5.8188585340976715,0
297436,102,40,0.15303903818130493,5.971897572278976,0
297437,102,41,0.15358953177928925,6.125487104058266,0
297438,102,42,0.15093305706977844,6.276420161128044,0
297439,102,43,0.1494569182395935,6.425877079367638,0
297440,102,44,0.15386058390140533,6.579737663269043,0
297441,102,45,0.15407903492450714,6.73381669819355,0
297442,102,46,0.15060746669769287,6.884424164891243,0
297443,102,47,0.14905458688735962,7.033478751778603,0
297444,102,48,0.14873139560222626,7.182210147380829,0
297445,102,49,0.14934538304805756,7.331555530428886,0
297446,102,50,0.149712935090065,7.481268465518951,0
297447,102,51,0.15419012308120728,7.635458588600159,0
297448,102,52,0.15676283836364746,7.792221426963806,0
297449,102,53,0.15784525871276855,7.950066685676575,0
297450,102,54,0.15614987909793854,8.106216564774513,0
297451,102,55,0.1589590311050415,8.265175595879555,0
297452,102,56,0.15784189105033875,8.423017486929893,0
297453,102,57,0.15777792036533356,8.580795407295227,0
297454,102,58,0.15838399529457092,8.739179402589798,0
297455,102,59,0.1585405319929123,8.89771993458271,0
297456,102,60,0.16025011241436005,9.05797004699707,0
297457,102,61,0.15841378271579742,9.216383829712868,0
297458,102,62,0.15874995291233063,9.375133782625198,0
297459,102,63,0.16019034385681152,9.53532412648201,0
297460,102,64,0.15958018600940704,9.694904312491417,0
297461,102,65,0.1553409844636917,9.850245296955109,0
297462,102,66,0.15435664355754852,10.004601940512657,0
297463,102,67,0.16139301657676697,10.165994957089424,0
297464,102,68,0.1611989140510559,10.32719387114048,0
297465,102,69,0.16394273936748505,10.491136610507965,0
297466,102,70,0.16355815529823303,10.654694765806198,0
297467,102,71,0.16385571658611298,10.818550482392311,0
297468,102,72,0.1575336456298828,10.976084128022194,0
297469,102,73,0.16456207633018494,11.140646204352379,0
297470,102,74,0.1645590215921402,11.305205225944519,0
297471,102,75,0.1579979658126831,11.463203191757202,0
297472,102,76,0.1533292531967163,11.616532444953918,0
297473,102,77,0.16547508537769318,11.782007530331612,0
297474,102,78,0.1645231693983078,11.94653069972992,0
297475,102,79,0.16657297313213348,12.113103672862053,0
297476,102,80,0.162941575050354,12.276045247912407,0
297477,102,81,0.1578226238489151,12.433867871761322,0
297478,102,82,0.15433941781520844,12.58820728957653,0
297479,102,83,0.15443602204322815,12.742643311619759,0
297480,102,84,0.15439927577972412,12.897042587399483,0
297481,102,85,0.16700927913188934,13.064051866531372,0
297482,102,86,0.16138789057731628,13.225439757108688,0
297483,102,87,0.1585744023323059,13.384014159440994,0
297484,102,88,0.15579567849636078,13.539809837937355,0
297485,102,89,0.1543770581483841,13.69418689608574,0
297486,102,90,0.15532179176807404,13.849508687853813,0
297487,102,91,0.167406365275383,14.016915053129196,0
297488,102,92,0.16183042526245117,14.178745478391647,0
297489,102,93,0.16546256840229034,14.344208046793938,0
297490,102,94,0.16371047496795654,14.507918521761894,0
297491,102,95,0.15986254811286926,14.667781069874763,0
297492,102,96,0.15719470381736755,14.824975773692131,0
297493,102,97,0.15557017922401428,14.980545952916145,0
297494,102,98,0.15532943606376648,15.135875388979912,0
297495,102,99,0.15649035573005676,15.292365744709969,0
297496,102,100,0.15746094286441803,15.449826687574387,0
297497,102,101,0.15869945287704468,15.608526140451431,0
297498,102,102,0.16004584729671478,15.768571987748146,0
297499,102,103,0.16142861545085907,15.930000603199005,0
297500,102,104,0.16282148659229279,16.092822089791298,0
297501,102,105,0.16413499414920807,16.256957083940506,0
297502,102,106,0.1764947921037674,16.433451876044273,0
297503,102,107,0.17104370892047882,16.604495584964752,0
297504,102,108,0.16732405126094818,16.7718196362257,0
297505,102,109,0.16503141820430756,16.936851054430008,0
297506,102,110,0.16535291075706482,17.102203965187073,0
297507,102,111,0.17798681557178497,17.280190780758858,0
297508,102,112,0.17461146414279938,17.454802244901657,0
297509,102,113,0.16677550971508026,17.621577754616737,0
297510,102,114,0.17768831551074982,17.799266070127487,0
297511,102,115,0.17633056640625,17.975596636533737,0
297512,102,116,0.1721881777048111,18.14778481423855,0
297513,102,117,0.1809389293193817,18.32872374355793,0
297514,102,118,0.17870904505252838,18.50743278861046,0
297515,102,119,0.1747012585401535,18.682134047150612,0
297516,102,120,0.17374064028263092,18.855874687433243,0
297517,102,121,0.17264710366725922,19.028521791100502,0
297518,102,122,0.18608742952346802,19.21460922062397,0
297519,102,123,0.18253940343856812,19.397148624062538,0
297520,102,124,0.18647289276123047,19.58362151682377,0
297521,102,125,0.18825136125087738,19.771872878074646,0
297522,102,126,0.184553861618042,19.956426739692688,0
297523,102,127,0.1809065192937851,20.137333258986473,0
297524,102,128,0.18024976551532745,20.3175830245018,0
297525,102,129,0.18000054359436035,20.49758356809616,0
297526,102,130,0.1816023588180542,20.679185926914215,0
297527,102,131,0.18294841051101685,20.862134337425232,0
297528,102,132,0.1957370638847351,21.057871401309967,0
297529,102,133,0.19015228748321533,21.248023688793182,0
297530,102,134,0.18666736781597137,21.434691056609154,0
297531,102,135,0.19420211017131805,21.628893166780472,0
297532,102,136,0.19240616261959076,21.821299329400063,0
297533,102,137,0.18878857791423798,22.0100879073143,0
297534,102,138,0.18581341207027435,22.195901319384575,0
297535,102,139,0.18442580103874207,22.380327120423317,0
297536,102,140,0.18449249863624573,22.564819619059563,0
297537,102,141,0.19814442098140717,22.76296404004097,0
297538,102,142,0.1975592076778412,22.96052324771881,0
297539,102,143,0.19881848990917206,23.159341737627983,0
297540,102,144,0.19606319069862366,23.355404928326607,0
297541,102,145,0.20007652044296265,23.55548144876957,0
297542,102,146,0.19720381498336792,23.752685263752937,0
297543,102,147,0.1936696618795395,23.946354925632477,0
297544,102,148,0.2083950936794281,24.154750019311905,0
297545,102,149,0.20771470665931702,24.362464725971222,0
297546,102,150,0.20093317329883575,24.563397899270058,0
297547,102,151,0.19656886160373688,24.759966760873795,0
297548,102,152,0.21020932495594025,24.970176085829735,0
297549,102,153,0.20682644844055176,25.177002534270287,0
297550,102,154,0.20512722432613373,25.38212975859642,0
297551,102,155,0.21532414853572845,25.59745390713215,0
297552,102,156,0.2121589332818985,25.809612840414047,0
297553,102,157,0.21811911463737488,26.027731955051422,0
297554,102,158,0.21527832746505737,26.24301028251648,0
297555,102,159,0.2113054394721985,26.454315721988678,0
297556,102,160,0.20795795321464539,26.662273675203323,0
297557,102,161,0.2090529054403305,26.871326580643654,0
297558,102,162,0.21102119982242584,27.08234778046608,0
297559,102,163,0.2121368646621704,27.29448464512825,0
297560,102,164,0.21369144320487976,27.50817608833313,0
297561,102,165,0.2154809534549713,27.7236570417881,0
297562,102,166,0.22815893590450287,27.951815977692604,0
297563,102,167,0.22356843948364258,28.175384417176247,0
297564,102,168,0.2199195921421051,28.39530400931835,0
297565,102,169,0.21760116517543793,28.61290517449379,0
297566,102,170,0.22758527100086212,28.840490445494652,0
297567,102,171,0.22527827322483063,29.065768718719482,0
297568,102,172,0.22170543670654297,29.287474155426025,0
297569,102,173,0.23027704656124115,29.517751201987267,0
297570,102,174,0.2280048280954361,29.745756030082703,0
297571,102,175,0.22430597245693207,29.970062002539635,0
297572,102,176,0.23390516638755798,30.203967168927193,0
297573,102,177,0.23540306091308594,30.43937022984028,0
297574,102,178,0.23153990507125854,30.670910134911537,0
297575,102,179,0.22821329534053802,30.899123430252075,0
297576,102,180,0.22667856514453888,31.125801995396614,0
297577,102,181,0.22838778793811798,31.354189783334732,0
297578,102,182,0.2293747067451477,31.58356449007988,0
297579,102,183,0.23089832067489624,31.814462810754776,0
297580,102,184,0.2328738123178482,32.047336623072624,0
297581,102,185,0.23475001752376556,32.28208664059639,0
297582,102,186,0.23670729994773865,32.51879394054413,0
297583,102,187,0.24982671439647675,32.768620654940605,0
297584,102,188,0.2489403933286667,33.01756104826927,0
297585,102,189,0.23943202197551727,33.25699307024479,0
297586,102,190,0.2508823573589325,33.50787542760372,0
297587,102,191,0.2489786297082901,33.75685405731201,0
297588,102,192,0.25559094548225403,34.012445002794266,0
297589,102,193,0.25251534581184387,34.26496034860611,0
297590,102,194,0.24724599719047546,34.512206345796585,0
297591,102,195,0.24518774449825287,34.75739409029484,0
297592,102,196,0.24664662778377533,35.00404071807861,0
297593,102,197,0.24855098128318787,35.2525916993618,0
297594,102,198,0.25122109055519104,35.50381278991699,0
297595,102,199,0.2543148696422577,35.75812765955925,0
297596,102,200,0.25737908482551575,36.015506744384766,0
297597,102,201,0.27156028151512146,36.28706702589989,0
297598,102,202,0.2668769657611847,36.55394399166107,0
297599,102,203,0.26468315720558167,36.81862714886665,0
297600,102,204,0.2639896869659424,37.082616835832596,0
297601,102,205,0.2654181718826294,37.348035007715225,0
297602,102,206,0.26826584339141846,37.616300851106644,0
297603,102,207,0.2715047299861908,37.887805581092834,0
297604,102,208,0.27487999200820923,38.162685573101044,0
297605,102,209,0.27820464968681335,38.44089022278786,0
297606,102,210,0.2816092371940613,38.72249945998192,0
297607,102,211,0.2850692868232727,39.00756874680519,0
297608,102,212,0.2884730398654938,39.296041786670685,0
297609,102,213,0.30287373065948486,39.59891551733017,0
297610,102,214,0.3037625253200531,39.90267804265022,0
297611,102,215,0.3052081763744354,40.20788621902466,0
297612,102,216,0.305462121963501,40.51334834098816,0
297613,102,217,0.31401607394218445,40.827364414930344,0
297614,102,218,0.31254085898399353,41.13990527391434,0
297615,102,219,0.3087182939052582,41.448623567819595,0
297616,102,220,0.31054583191871643,41.75916939973831,0
297617,102,221,0.32724156975746155,42.08641096949577,0
297618,102,222,0.327046662569046,42.41345763206482,0
297619,102,223,0.3205947279930115,42.73405236005783,0
297620,102,224,0.31922647356987,43.0532788336277,0
297621,102,225,0.33604398369789124,43.38932281732559,0
297622,102,226,0.3341805040836334,43.723503321409225,0
297623,102,227,0.34028470516204834,44.063788026571274,0
297624,102,228,0.3407522737979889,44.40454030036926,0
297625,102,229,0.33847102522850037,44.74301132559776,0
297626,102,230,0.33654701709747314,45.079558342695236,0
297627,102,231,0.3366183638572693,45.416176706552505,0
297628,102,232,0.35091716051101685,45.76709386706352,0
297629,102,233,0.34838131070137024,46.11547517776489,0
297630,102,234,0.34663456678390503,46.4621097445488,0
297631,102,235,0.3461531698703766,46.808262914419174,0
297632,102,236,0.34728342294692993,47.155546337366104,0
297633,102,237,0.35083019733428955,47.506376534700394,0
297634,102,238,0.3656226098537445,47.87199914455414,0
297635,102,239,0.3654245436191559,48.237423688173294,0
297636,102,240,0.371084064245224,48.60850775241852,0
297637,102,241,0.3741113543510437,48.98261910676956,0
297638,102,242,0.37916141748428345,49.361780524253845,0
297639,102,243,0.3787871301174164,49.74056765437126,0
297640,102,244,0.37561163306236267,50.116179287433624,0
297641,102,245,0.3746775686740875,50.49085685610771,0
297642,102,246,0.3781278729438782,50.86898472905159,0
297643,102,247,0.3932746350765228,51.26225936412811,0
297644,102,248,0.3951636254787445,51.65742298960686,0
297645,102,249,0.38971418142318726,52.047137171030045,0
297646,102,250,0.3891851603984833,52.43632233142853,0
297647,102,251,0.3921302258968353,52.82845255732536,0
297648,102,252,0.41110992431640625,53.23956248164177,0
297649,102,253,0.4117133915424347,53.651275873184204,0
297650,102,254,0.40689513087272644,54.05817100405693,0
297651,102,255,0.41847243905067444,54.476643443107605,0
297652,102,256,0.41772404313087463,54.89436748623848,0
297653,102,257,0.425274133682251,55.31964161992073,0
297654,102,258,0.4270094633102417,55.74665108323097,0
297655,102,259,0.4272608160972595,56.17391189932823,0
297656,102,260,0.42611387372016907,56.6000257730484,0
297657,102,261,0.42590293288230896,57.02592870593071,0
297658,102,262,0.4274073839187622,57.45333608984947,0
297659,102,263,0.43012911081314087,57.88346520066261,0
297660,102,264,0.44529926776885986,58.32876446843147,0
297661,102,265,0.44367849826812744,58.7724429666996,0
297662,102,266,0.4506354033946991,59.2230783700943,0
297663,102,267,0.4508938491344452,59.673972219228745,0
297664,102,268,0.4536178410053253,60.12759006023407,0
297665,102,269,0.45890340209007263,60.58649346232414,0
297666,102,270,0.4565230906009674,61.04301655292511,0
297667,102,271,0.45338350534439087,61.4964000582695,0
297668,102,272,0.4522872865200043,61.948687344789505,0
297669,102,273,0.4661684036254883,62.41485574841499,0
297670,102,274,0.4639407992362976,62.87879654765129,0
297671,102,275,0.4619249105453491,63.34072145819664,0
297672,102,276,0.46244609355926514,63.803167551755905,0
297673,102,277,0.47626402974128723,64.27943158149719,0
297674,102,278,0.47410497069358826,64.75353655219078,0
297675,102,279,0.4803631603717804,65.23389971256256,0
297676,102,280,0.48053815960884094,65.7144378721714,0
297677,102,281,0.48613426089286804,66.20057213306427,0
297678,102,282,0.4846441447734833,66.68521627783775,0
297679,102,283,0.48085758090019226,67.16607385873795,0
297680,102,284,0.480761855840683,67.64683571457863,0
297681,102,285,0.4840095639228821,68.13084527850151,0
297682,102,286,0.4871186316013336,68.61796391010284,0
297683,102,287,0.49052301049232483,69.10848692059517,0
297684,102,288,0.4947112202644348,69.6031981408596,0
297685,102,289,0.4986906051635742,70.10188874602318,0
297686,102,290,0.5140541791915894,70.61594292521477,0
297687,102,291,0.5114504098892212,71.12739333510399,0
297688,102,292,0.5100822448730469,71.63747557997704,0
297689,102,293,0.5218976736068726,72.15937325358391,0
297690,102,294,0.5211226344108582,72.68049588799477,0
297691,102,295,0.5215947031974792,73.20209059119225,0
297692,102,296,0.5207162499427795,73.72280684113503,0
297693,102,297,0.5221803188323975,74.24498715996742,0
297694,102,298,0.5248493552207947,74.76983651518822,0
297695,102,299,0.5287571549415588,75.29859367012978,0
297696,102,300,0.5453938245773315,75.84398749470711,0
297697,102,301,0.5429103374481201,76.38689783215523,0
297698,102,302,0.5497367978096008,76.93663462996483,0
297699,102,303,0.5511757135391235,77.48781034350395,0
297700,102,304,0.5526063442230225,78.04041668772697,0
297701,102,305,0.5519429445266724,78.59235963225365,0
297702,102,306,0.5541931986808777,79.14655283093452,0
297703,102,307,0.5574381351470947,79.70399096608162,0
297704,102,308,0.5626116394996643,80.26660260558128,0
297705,102,309,0.5680609345436096,80.8346635401249,0
297706,102,310,0.5852029323577881,81.41986647248268,0
297707,102,311,0.5887255668640137,82.0085920393467,0
297708,102,312,0.586123526096344,82.59471556544304,0
297709,102,313,0.6017136573791504,83.19642922282219,0
297710,102,314,0.6042221784591675,83.80065140128136,0
297711,102,315,0.6137597560882568,84.41441115736961,0
297712,102,316,0.6130887866020203,85.02749994397163,0
297713,102,317,0.6245372295379639,85.6520371735096,0
297714,102,318,0.6275786757469177,86.27961584925652,0
297715,102,319,0.6372821927070618,86.91689804196358,0
297716,102,320,0.6373817920684814,87.55427983403206,0
297717,102,321,0.6357965469360352,88.1900763809681,0
297718,102,322,0.6526528596878052,88.8427292406559,0
297719,102,323,0.6561639904975891,89.49889323115349,0
297720,102,324,0.6667656302452087,90.1656588613987,0
297721,102,325,0.6658264398574829,90.83148530125618,0
297722,102,326,0.6659438610076904,91.49742916226387,0
297723,102,327,0.6828480362892151,92.18027719855309,0
297724,102,328,0.6858373284339905,92.86611452698708,0
297725,102,329,0.694378674030304,93.56049320101738,0
297726,102,330,0.6923379302024841,94.25283113121986,0
297727,102,331,0.6894379258155823,94.94226905703545,0
297728,102,332,0.692274808883667,95.63454386591911,0
297729,102,333,0.6962947249412537,96.33083859086037,0
297730,102,334,0.7024608850479126,97.03329947590828,0
297731,102,335,0.7205139994621277,97.7538134753704,0
297732,102,336,0.725397527217865,98.47921100258827,0
297733,102,337,0.7241784930229187,99.20338949561119,0
297734,102,338,0.7384462952613831,99.94183579087257,0
297735,102,339,0.7405934929847717,100.68242928385735,0
297736,102,340,0.7404754757881165,101.42290475964546,0
297737,102,341,0.7556607127189636,102.17856547236443,0
297738,102,342,0.7578359842300415,102.93640145659447,0
297739,102,343,0.7597243785858154,103.69612583518028,0
297740,102,344,0.7736985683441162,104.4698244035244,0
297741,102,345,0.7776578068733215,105.24748221039772,0
297742,102,346,0.7810297012329102,106.02851191163063,0
297743,102,347,0.7835705280303955,106.81208243966103,0
297744,102,348,0.7897440791130066,107.60182651877403,0
297745,102,349,0.7890506386756897,108.39087715744972,0
297746,102,350,0.7907103300094604,109.18158748745918,0
297747,102,351,0.7935092449188232,109.975096732378,0
297748,102,352,0.7977963089942932,110.7728930413723,0
297749,102,353,0.8030228018760681,111.57591584324837,0
297750,102,354,0.8086800575256348,112.384595900774,0
297751,102,355,0.8147171139717102,113.19931301474571,0
297752,102,356,0.8281629085540771,114.02747592329979,0
297753,102,357,0.8350068926811218,114.86248281598091,0
297754,102,358,0.833647608757019,115.69613042473793,0
297755,102,359,0.8497356176376343,116.54586604237556,0
297756,102,360,0.8532206416130066,117.39908668398857,0
297757,102,361,0.8542476296424866,118.25333431363106,0
297758,102,362,0.8546878695487976,119.10802218317986,0
297759,102,363,0.8711355328559875,119.97915771603584,0
297760,102,364,0.8724353313446045,120.85159304738045,0
297761,102,365,0.8731467723846436,121.72473981976509,0
297762,102,366,0.8750184178352356,122.59975823760033,0
297763,102,367,0.8806480169296265,123.48040625452995,0
297764,102,368,0.8869025707244873,124.36730882525444,0
297765,102,369,0.8930526375770569,125.2603614628315,0
297766,102,370,0.8998714685440063,126.1602329313755,0
297767,102,371,0.9072962403297424,127.06752917170525,0
297768,102,372,0.9152069091796875,127.98273608088493,0
297769,102,373,0.9235208034515381,128.90625688433647,0
297770,102,374,0.9433930516242981,129.84964993596077,0
297771,102,375,0.9452491998672485,130.79489913582802,0
297772,102,376,0.956828236579895,131.7517273724079,0
297773,102,377,0.9619502425193787,132.7136776149273,0
297774,102,378,0.9644888639450073,133.6781664788723,0
297775,102,379,0.9673513770103455,134.64551785588264,0
297776,102,380,0.9716317057609558,135.6171495616436,0
297777,102,381,0.9793637990951538,136.59651336073875,0
297778,102,382,0.9879729151725769,137.58448627591133,0
297779,102,383,0.9969476461410522,138.58143392205238,0
297780,102,384,1.0063544511795044,139.5877883732319,0
297781,102,385,1.0164092779159546,140.60419765114784,0
297782,102,386,1.027036428451538,141.63123407959938,0
297783,102,387,1.0379265546798706,142.66916063427925,0
297784,102,388,1.0602339506149292,143.72939458489418,0
297785,102,389,1.064239740371704,144.79363432526588,0
297786,102,390,1.0694931745529175,145.8631274998188,0
297787,102,391,1.0662860870361328,146.92941358685493,0
297788,102,392,1.0537716150283813,147.98318520188332,0
297789,102,393,1.0427136421203613,149.02589884400368,0
297790,102,394,1.043127179145813,150.0690260231495,0
297791,102,395,1.026793122291565,151.09581914544106,0
297792,102,396,1.0168039798736572,152.1126231253147,0
297793,102,397,1.0036967992782593,153.11631992459297,0
297794,102,398,0.9893439412117004,154.10566386580467,0
297795,102,399,0.976195752620697,155.08185961842537,0
297796,102,400,0.9646918177604675,156.04655143618584,0
297797,102,401,0.9542407393455505,157.0007921755314,0
297798,102,402,0.9442212581634521,157.94501343369484,0
297799,102,403,0.9461942911148071,158.89120772480965,0
297800,102,404,0.9303003549575806,159.82150807976723,0
297801,102,405,0.9163916110992432,160.73789969086647,0
297802,102,406,0.9041303396224976,161.64203003048897,0
297803,102,407,0.9039238095283508,162.54595384001732,0
297804,102,408,0.8916165232658386,163.43757036328316,0
297805,102,409,0.8795040845870972,164.31707444787025,0
297806,102,410,0.8771079182624817,165.19418236613274,0
297807,102,411,0.8680856227874756,166.0622679889202,0
297808,102,412,0.862934410572052,166.92520239949226,0
297809,102,413,0.855864405632019,167.78106680512428,0
297810,102,414,0.8464266657829285,168.6274934709072,0
297811,102,415,0.8472994565963745,169.4747929275036,0
297812,102,416,0.8377999663352966,170.31259289383888,0
297813,102,417,0.8262587189674377,171.13885161280632,0
297814,102,418,0.8181633353233337,171.95701494812965,0
297815,102,419,0.8091339468955994,172.76614889502525,0
297816,102,420,0.8014034032821655,173.56755229830742,0
297817,102,421,0.8068564534187317,174.37440875172615,0
297818,102,422,0.7950549721717834,175.16946372389793,0
297819,102,423,0.7928014397621155,175.96226516366005,0
297820,102,424,0.7851811051368713,176.74744626879692,0
297821,102,425,0.7771367430686951,177.52458301186562,0
297822,102,426,0.7687124013900757,178.2932954132557,0
297823,102,427,0.760401725769043,179.05369713902473,0
297824,102,428,0.7532394528388977,179.80693659186363,0
297825,102,429,0.7591619491577148,180.56609854102135,0
297826,102,430,0.7506464719772339,181.31674501299858,0
297827,102,431,0.7446890473365784,182.06143406033516,0
297828,102,432,0.7355032563209534,182.7969373166561,0
297829,102,433,0.7252060174942017,183.52214333415031,0
297830,102,434,0.7161983847618103,184.23834171891212,0
297831,102,435,0.7213422656059265,184.95968398451805,0
297832,102,436,0.711061954498291,185.67074593901634,0
297833,102,437,0.7080861330032349,186.37883207201958,0
297834,102,438,0.6941760778427124,187.0730081498623,0
297835,102,439,0.6952919960021973,187.7683001458645,0
297836,102,440,0.6894403100013733,188.45774045586586,0
297837,102,441,0.6880723834037781,189.14581283926964,0
297838,102,442,0.6791890263557434,189.82500186562538,0
297839,102,443,0.6699599027633667,190.49496176838875,0
297840,102,444,0.6644257307052612,191.159387499094,0
297841,102,445,0.6595077514648438,191.81889525055885,0
297842,102,446,0.6548622846603394,192.4737575352192,0
297843,102,447,0.6511459946632385,193.12490352988243,0
297844,102,448,0.6465355753898621,193.7714391052723,0
297845,102,449,0.6416862607002258,194.41312536597252,0
297846,102,450,0.6365501284599304,195.04967549443245,0
297847,102,451,0.6311264038085938,195.68080189824104,0
297848,102,452,0.6367484927177429,196.3175503909588,0
297849,102,453,0.6244574785232544,196.94200786948204,0
297850,102,454,0.6144643425941467,197.5564722120762,0
297851,102,455,0.6065595746040344,198.16303178668022,0
297852,102,456,0.5995893478393555,198.76262113451958,0
297853,102,457,0.5929340124130249,199.3555551469326,0
297854,102,458,0.5867231488227844,199.9422782957554,0
297855,102,459,0.5931503772735596,200.53542867302895,0
297856,102,460,0.5836709141731262,201.11909958720207,0
297857,102,461,0.5767986178398132,201.69589820504189,0
297858,102,462,0.5684242248535156,202.2643224298954,0
297859,102,463,0.5629032254219055,202.8272256553173,0
297860,102,464,0.5566993951797485,203.38392505049706,0
297861,102,465,0.5510287284851074,203.93495377898216,0
297862,102,466,0.5571253299713135,204.49207910895348,0
297863,102,467,0.5456759929656982,205.03775510191917,0
297864,102,468,0.5443679690361023,205.58212307095528,0
297865,102,469,0.532893180847168,206.11501625180244,0
297866,102,470,0.5351766347885132,206.65019288659096,0
297867,102,471,0.5281414985656738,207.17833438515663,0
297868,102,472,0.5204938054084778,207.6988281905651,0
297869,102,473,0.5263814926147461,208.22520968317986,0
297870,102,474,0.518189013004303,208.74339869618416,0
297871,102,475,0.5181862115859985,209.26158490777016,0
297872,102,476,0.5104859471321106,209.77207085490227,0
297873,102,477,0.5007568597793579,210.27282771468163,0
297874,102,478,0.4944673776626587,210.76729509234428,0
297875,102,479,0.5014321804046631,211.26872727274895,0
297876,102,480,0.49309995770454407,211.7618272304535,0
297877,102,481,0.48599866032600403,212.2478258907795,0
297878,102,482,0.47872063517570496,212.7265465259552,0
297879,102,483,0.47280558943748474,213.19935211539268,0
297880,102,484,0.47987237572669983,213.67922449111938,0
297881,102,485,0.47069451212882996,214.14991900324821,0
297882,102,486,0.4682261347770691,214.61814513802528,0
297883,102,487,0.46340465545654297,215.08154979348183,0
297884,102,488,0.45479628443717957,215.536346077919,0
297885,102,489,0.46185511350631714,215.99820119142532,0
297886,102,490,0.4551839530467987,216.45338514447212,0
297887,102,491,0.45459339022636414,216.9079785346985,0
297888,102,492,0.4531711935997009,217.3611497282982,0
297889,102,493,0.451236367225647,217.81238609552383,0
297890,102,494,0.45076674222946167,218.2631528377533,0
297891,102,495,0.44308605790138245,218.70623889565468,0
297892,102,496,0.44484245777130127,219.15108135342598,0
297893,102,497,0.43988072872161865,219.5909620821476,0
297894,102,498,0.43217912316322327,220.02314120531082,0
297895,102,499,0.43611106276512146,220.45925226807594,0
297896,102,500,0.43055257201194763,220.8898048400879,0
297897,102,501,0.4300735294818878,221.31987836956978,0
297898,102,502,0.4270481467247009,221.74692651629448,0
297899,102,503,0.419829398393631,222.1667559146881,0
297900,102,504,0.4124663770198822,222.579222291708,0
297901,102,505,0.4075911045074463,222.98681339621544,0
297902,102,506,0.41664189100265503,223.4034552872181,0
297903,102,507,0.41184577345848083,223.81530106067657,0
297904,102,508,0.41059133410453796,224.2258923947811,0
297905,102,509,0.4076116383075714,224.63350403308868,0
297906,102,510,0.4104618430137634,225.04396587610245,0
297907,102,511,0.40476685762405396,225.4487327337265,0
297908,102,512,0.39984625577926636,225.84857898950577,0
297909,102,513,0.39410194754600525,226.24268093705177,0
297910,102,514,0.39126303791999817,226.63394397497177,0
297911,102,515,0.3888673484325409,227.0228113234043,0
297912,102,516,0.3989380896091461,227.42174941301346,0
297913,102,517,0.39096763730049133,227.81271705031395,0
297914,102,518,0.3842921853065491,228.1970092356205,0
297915,102,519,0.37888598442077637,228.57589522004128,0
297916,102,520,0.3747418224811554,228.95063704252243,0
297917,102,521,0.3833732008934021,229.33401024341583,0
297918,102,522,0.3769313395023346,229.71094158291817,0
297919,102,523,0.37653106451034546,230.0874726474285,0
297920,102,524,0.3658196032047272,230.45329225063324,0
297921,102,525,0.37044745683670044,230.82373970746994,0
297922,102,526,0.36589494347572327,231.18963465094566,0
297923,102,527,0.36860767006874084,231.5582423210144,0
297924,102,528,0.36847585439682007,231.92671817541122,0
297925,102,529,0.36116713285446167,232.2878853082657,0
297926,102,530,0.35430818796157837,232.64219349622726,0
297927,102,531,0.3625122904777527,233.00470578670502,0
297928,102,532,0.3581881821155548,233.36289396882057,0
297929,102,533,0.3584299385547638,233.72132390737534,0
297930,102,534,0.35344862937927246,234.0747725367546,0
297931,102,535,0.34606897830963135,234.42084151506424,0
297932,102,536,0.34060877561569214,234.76145029067993,0
297933,102,537,0.3539338707923889,235.11538416147232,0
297934,102,538,0.351265549659729,235.46664971113205,0
297935,102,539,0.34301289916038513,235.80966261029243,0
297936,102,540,0.33500412106513977,236.14466673135757,0
297937,102,541,0.3305298686027527,236.47519659996033,0
297938,102,542,0.3281358778476715,236.803332477808,0
297939,102,543,0.3265184760093689,237.12985095381737,0
297940,102,544,0.33741486072540283,237.46726581454277,0
297941,102,545,0.3321588337421417,237.7994246482849,0
297942,102,546,0.32164841890335083,238.12107306718826,0
297943,102,547,0.31452158093452454,238.4355946481228,0
297944,102,548,0.327576607465744,238.76317125558853,0
297945,102,549,0.3242708146572113,239.08744207024574,0
297946,102,550,0.32419756054878235,239.41163963079453,0
297947,102,551,0.31856802105903625,239.73020765185356,0
297948,102,552,0.322788268327713,240.05299592018127,0
297949,102,553,0.31621018052101135,240.36920610070229,0
297950,102,554,0.30728235840797424,240.67648845911026,0
297951,102,555,0.30067136883735657,240.97715982794762,0
297952,102,556,0.29671743512153625,241.27387726306915,0
297953,102,557,0.29427385330200195,241.56815111637115,0
297954,102,558,0.2933119535446167,241.86146306991577,0
297955,102,559,0.2916375994682312,242.153100669384,0
297956,102,560,0.30153635144233704,242.45463702082634,0
297957,102,561,0.292461097240448,242.7470981180668,0
297958,102,562,0.2874862253665924,243.03458434343338,0
297959,102,563,0.2820226550102234,243.3166069984436,0
297960,102,564,0.27777257561683655,243.59437957406044,0
297961,102,565,0.2875022292137146,243.88188180327415,0
297962,102,566,0.2798108756542206,244.16169267892838,0
297963,102,567,0.2760632336139679,244.43775591254234,0
297964,102,568,0.27239516377449036,244.71015107631683,0
297965,102,569,0.2796628773212433,244.98981395363808,0
297966,102,570,0.2720840275287628,245.26189798116684,0
297967,102,571,0.27285677194595337,245.5347547531128,0
297968,102,572,0.2690548300743103,245.8038095831871,0
297969,102,573,0.26176825165748596,246.0655778348446,0
297970,102,574,0.2558995187282562,246.32147735357285,0
297971,102,575,0.2539209723472595,246.5753983259201,0
297972,102,576,0.2641294300556183,246.83952775597572,0
297973,102,577,0.25693878531455994,247.09646654129028,0
297974,102,578,0.2515223026275635,247.34798884391785,0
297975,102,579,0.2586365342140198,247.60662537813187,0
297976,102,580,0.2532985508441925,247.85992392897606,0
297977,102,581,0.24779044091701508,248.10771436989307,0
297978,102,582,0.24473950266838074,248.35245387256145,0
297979,102,583,0.25409820675849915,248.60655207931995,0
297980,102,584,0.24828578531742096,248.85483786463737,0
297981,102,585,0.24229280650615692,249.09713067114353,0
297982,102,586,0.23837624490261078,249.33550691604614,0
297983,102,587,0.2483910620212555,249.5838979780674,0
297984,102,588,0.24416989088058472,249.82806786894798,0
297985,102,589,0.24739211797714233,250.07545998692513,0
297986,102,590,0.2457713931798935,250.32123138010502,0
297987,102,591,0.24033521115779877,250.56156659126282,0
297988,102,592,0.23442035913467407,250.7959869503975,0
297989,102,593,0.23026177287101746,251.0262487232685,0
297990,102,594,0.240665465593338,251.26691418886185,0
297991,102,595,0.2356928288936615,251.5026070177555,0
297992,102,596,0.23675329983234406,251.73936031758785,0
297993,102,597,0.2360125184059143,251.97537283599377,0
297994,102,598,0.23367755115032196,252.2090503871441,0
297995,102,599,0.22859160602092743,252.43764199316502,0
297996,102,600,0.22467203438282013,252.66231402754784,0
297997,102,601,0.22378037869930267,252.88609440624714,0
297998,102,602,0.22259707748889923,253.10869148373604,0
297999,102,603,0.22188493609428406,253.33057641983032,0
298000,102,604,0.23298372328281403,253.56356014311314,0
298001,102,605,0.22512613236904144,253.78868627548218,0
298002,102,606,0.22084368765354156,254.00952996313572,0
298003,102,607,0.21705642342567444,254.2265863865614,0
298004,102,608,0.2141353338956833,254.44072172045708,0
298005,102,609,0.22539308667182922,254.6661148071289,0
298006,102,610,0.21857647597789764,254.8846912831068,0
298007,102,611,0.2130672037601471,255.09775848686695,0
298008,102,612,0.20991115272045135,255.3076696395874,0
298009,102,613,0.20700044929981232,255.51467008888721,0
298010,102,614,0.20524418354034424,255.71991427242756,0
298011,102,615,0.20495553314685822,255.92486980557442,0
298012,102,616,0.20436154305934906,256.12923134863377,0
298013,102,617,0.2154254913330078,256.3446568399668,0
298014,102,618,0.2074947953224182,256.5521516352892,0
298015,102,619,0.20191656053066254,256.75406819581985,0
298016,102,620,0.20772413909435272,256.9617923349142,0
298017,102,621,0.2023901641368866,257.1641824990511,0
298018,102,622,0.2086697518825531,257.37285225093365,0
298019,102,623,0.20655524730682373,257.57940749824047,0
298020,102,624,0.19996075332164764,257.7793682515621,0
298021,102,625,0.20908279716968536,257.9884510487318,0
298022,102,626,0.20521403849124908,258.19366508722305,0
298023,102,627,0.2086830586194992,258.40234814584255,0
298024,102,628,0.20376624166965485,258.6061143875122,0
298025,102,629,0.19889003038406372,258.80500441789627,0
298026,102,630,0.19440363347530365,258.9994080513716,0
298027,102,631,0.20571623742580414,259.2051242887974,0
298028,102,632,0.20165787637233734,259.4067821651697,0
298029,102,633,0.20323948562145233,259.61002165079117,0
298030,102,634,0.19466246664524078,259.8046841174364,0
298031,102,635,0.20017947256565094,260.00486359000206,0
298032,102,636,0.1954721361398697,260.20033572614193,0
298033,102,637,0.19019441306591034,260.39053013920784,0
298034,102,638,0.20020350813865662,260.5907336473465,0
298035,102,639,0.19878260791301727,260.7895162552595,0
298036,102,640,0.19329024851322174,260.98280650377274,0
298037,102,641,0.19044320285320282,261.17324970662594,0
298038,102,642,0.18918444216251373,261.36243414878845,0
298039,102,643,0.2012661099433899,261.56370025873184,0
298040,102,644,0.19788385927677155,261.7615841180086,0
298041,102,645,0.1974162608385086,261.9590003788471,0
298042,102,646,0.19262287020683289,262.15162324905396,0
298043,102,647,0.1963174045085907,262.34794065356255,0
298044,102,648,0.19542106986045837,262.543361723423,0
298045,102,649,0.18950045108795166,262.73286217451096,0
298046,102,650,0.18505744636058807,262.91791962087154,0
298047,102,651,0.18126608431339264,263.09918570518494,0
298048,102,652,0.19361235201358795,263.2927980571985,0
298049,102,653,0.1877395510673523,263.4805376082659,0
298050,102,654,0.1903761327266693,263.67091374099255,0
298051,102,655,0.18875952064990997,263.85967326164246,0
298052,102,656,0.18697598576545715,264.0466492474079,0
298053,102,657,0.17961916327476501,264.2262684106827,0
298054,102,658,0.18988576531410217,264.4161541759968,0
298055,102,659,0.1891869753599167,264.6053411513567,0
298056,102,660,0.1825494021177292,264.7878905534744,0
298057,102,661,0.18933847546577454,264.9772290289402,0
298058,102,662,0.18437601625919342,265.1616050451994,0
298059,102,663,0.177954763174057,265.33955980837345,0
298060,102,664,0.17416496574878693,265.51372477412224,0
298061,102,665,0.18763425946235657,265.7013590335846,0
298062,102,666,0.18744051456451416,265.8887995481491,0
298063,102,667,0.1779174655675888,266.0667170137167,0
298064,102,668,0.17137323319911957,266.2380902469158,0
298065,102,669,0.16924309730529785,266.4073333442211,0
298066,102,670,0.16943155229091644,266.57676489651203,0
298067,102,671,0.18135318160057068,266.7581180781126,0
298068,102,672,0.17614024877548218,266.9342583268881,0
298069,102,673,0.17066000401973724,267.1049183309078,0
298070,102,674,0.16823609173297882,267.2731544226408,0
298071,102,675,0.1661181002855301,267.43927252292633,0
298072,102,676,0.1641044169664383,267.60337693989277,0
298073,102,677,0.17461435496807098,267.77799129486084,0
298074,102,678,0.16926956176757812,267.9472608566284,0
298075,102,679,0.1637239307165146,268.11098478734493,0
298076,102,680,0.16921623051166534,268.2802010178566,0
298077,102,681,0.16144463419914246,268.44164565205574,0
298078,102,682,0.15499264001846313,268.5966382920742,0
298079,102,683,0.14997892081737518,268.7466172128916,0
298080,102,684,0.14898911118507385,268.89560632407665,0
298081,102,685,0.16353239119052887,269.0591387152672,0
298082,102,686,0.157620370388031,269.2167590856552,0
298083,102,687,0.16158193349838257,269.3783410191536,0
298084,102,688,0.1579948514699936,269.5363358706236,0
298085,102,689,0.1549052745103836,269.691241145134,0
298086,102,690,0.16170477867126465,269.85294592380524,0
298087,102,691,0.15696470439434052,270.0099106281996,0
298088,102,692,0.1486046463251114,270.1585152745247,0
298089,102,693,0.14309066534042358,270.3016059398651,0
298090,102,694,0.15508808195590973,270.456694021821,0
298091,102,695,0.15243808925151825,270.60913211107254,0
298092,102,696,0.15353327989578247,270.7626653909683,0
298093,102,697,0.15139707922935486,270.9140624701977,0
298094,102,698,0.14796166121959686,271.0620241314173,0
298095,102,699,0.1453612744808197,271.2073854058981,0
298096,102,700,0.1441313624382019,271.3515167683363,0
298097,102,701,0.14348936080932617,271.4950061291456,0
298098,102,702,0.15567028522491455,271.65067641437054,0
298099,102,703,0.14904560148715973,271.7997220158577,0
298100,102,704,0.15338224172592163,271.9531042575836,0
298101,102,705,0.14476503431797028,272.0978692919016,0
298102,102,706,0.15404902398586273,272.25191831588745,0
298103,102,707,0.15053363144397736,272.40245194733143,0
298104,102,708,0.1450941115617752,272.5475460588932,0
298105,102,709,0.14219802618026733,272.68974408507347,0
298106,102,710,0.14153416454792023,272.8312782496214,0
298107,102,711,0.15441292524337769,272.98569117486477,0
298108,102,712,0.15066376328468323,273.13635493814945,0
298109,102,713,0.15076802670955658,273.287122964859,0
298110,102,714,0.14922942221164703,273.43635238707066,0
298111,102,715,0.15321022272109985,273.58956260979176,0
298112,102,716,0.15201479196548462,273.74157740175724,0
298113,102,717,0.1476583182811737,273.8892357200384,0
298114,102,718,0.15652784705162048,274.04576356709003,0
298115,102,719,0.15069621801376343,274.1964597851038,0
298116,102,720,0.14260649681091309,274.3390662819147,0
298117,102,721,0.15392372012138367,274.4929900020361,0
298118,102,722,0.15316957235336304,274.64615957438946,0
298119,102,723,0.14543235301971436,274.7915919274092,0
298120,102,724,0.13971351087093353,274.9313054382801,0
298121,102,725,0.13983188569545746,275.07113732397556,0
298122,102,726,0.15283441543579102,275.22397173941135,0
298123,102,727,0.15136228501796722,275.3753340244293,0
298124,102,728,0.15493415296077728,275.5302681773901,0
298125,102,729,0.1506694108247757,275.6809375882149,0
298126,102,730,0.14746016263961792,275.8283977508545,0
298127,102,731,0.1578916311264038,275.9862893819809,0
298128,102,732,0.15503664314746857,276.14132602512836,0
298129,102,733,0.1466895490884781,276.28801557421684,0
298130,102,734,0.14122644066810608,276.42924201488495,0
298131,102,735,0.14205817878246307,276.5713001936674,0
298132,102,736,0.14259107410907745,276.7138912677765,0
298133,102,737,0.15682923793792725,276.8707205057144,0
298134,102,738,0.15428942441940308,277.0250099301338,0
298135,102,739,0.1439015418291092,277.16891147196293,0
298136,102,740,0.1539275199174881,277.3228389918804,0
298137,102,741,0.15009894967079163,277.4729379415512,0
298138,102,742,0.14736172556877136,277.62029966712,0
298139,102,743,0.15581586956977844,277.77611553668976,0
298140,102,744,0.1532006859779358,277.9293162226677,0
298141,102,745,0.1479223519563675,278.07723857462406,0
298142,102,746,0.15671415627002716,278.2339527308941,0
298143,102,747,0.15311510860919952,278.3870678395033,0
298144,102,748,0.15385961532592773,278.5409274548292,0
298145,102,749,0.14933675527572632,278.69026421010494,0
298146,102,750,0.15535002946853638,278.8456142395735,0
298147,102,751,0.15575245022773743,279.0013666898012,0
298148,102,752,0.14938411116600037,279.1507508009672,0
298149,102,753,0.14384303987026215,279.2945938408375,0
298150,102,754,0.15525828301906586,279.44985212385654,0
298151,102,755,0.15000900626182556,279.59986113011837,0
298152,102,756,0.14349590241909027,279.74335703253746,0
298153,102,757,0.13692574203014374,279.8802827745676,0
298154,102,758,0.1351427435874939,280.0154255181551,0
298155,102,759,0.15004587173461914,280.1654713898897,0
298156,102,760,0.14817534387111664,280.31364673376083,0
298157,102,761,0.13881361484527588,280.4524603486061,0
298158,102,762,0.1306721568107605,280.58313250541687,0
298159,102,763,0.12824177742004395,280.7113742828369,0
298160,102,764,0.12803082168102264,280.83940510451794,0
298161,102,765,0.12777918577194214,280.9671842902899,0
298162,102,766,0.14065036177635193,281.10783465206623,0
298163,102,767,0.13777948915958405,281.2456141412258,0
298164,102,768,0.13689954578876495,281.3825136870146,0
298165,102,769,0.1327260285615921,281.5152397155762,0
298166,102,770,0.12510165572166443,281.64034137129784,0
298167,102,771,0.1348767727613449,281.7752181440592,0
298168,102,772,0.13081151247024536,281.9060296565294,0
298169,102,773,0.12522850930690765,282.03125816583633,0
298170,102,774,0.12129103392362595,282.15254919975996,0
298171,102,775,0.11976137012243271,282.2723105698824,0
298172,102,776,0.1335199922323227,282.4058305621147,0
298173,102,777,0.13033990561962128,282.53617046773434,0
298174,102,778,0.12005674093961716,282.65622720867395,0
298175,102,779,0.11249110847711563,282.76871831715107,0
298176,102,780,0.10937228053808212,282.87809059768915,0
298177,102,781,0.10884211212396622,282.9869327098131,0
298178,102,782,0.11012981086969376,283.0970625206828,0
298179,102,783,0.12352637946605682,283.22058890014887,0
298180,102,784,0.11880075931549072,283.33938965946436,0
298181,102,785,0.12357495725154877,283.4629646167159,0
298182,102,786,0.11485179513692856,283.57781641185284,0
298183,102,787,0.12278945744037628,283.7006058692932,0
298184,102,788,0.11966162919998169,283.8202674984932,0
298185,102,789,0.11341065168380737,283.933678150177,0
298186,102,790,0.12358511984348297,284.0572632700205,0
298187,102,791,0.12023328244686127,284.17749655246735,0
298188,102,792,0.12203619629144669,284.2995327487588,0
298189,102,793,0.12416903674602509,284.4237017855048,0
298190,102,794,0.11920575052499771,284.5429075360298,0
298191,102,795,0.12768596410751343,284.67059350013733,0
298192,102,796,0.12503907084465027,284.795632570982,0
298193,102,797,0.12994550168514252,284.9255780726671,0
298194,102,798,0.1274092197418213,285.05298729240894,0
298195,102,799,0.12160484492778778,285.17459213733673,0
298196,102,800,0.1306169480085373,285.30520908534527,0
298197,102,801,0.12704028189182281,285.4322493672371,0
298198,102,802,0.1221938356757164,285.5544432029128,0
298199,102,803,0.11912162601947784,285.6735648289323,0
298200,102,804,0.11711152642965317,285.79067635536194,0
298201,102,805,0.11697784811258316,285.9076542034745,0
298202,102,806,0.11719554662704468,286.02484975010157,0
298203,102,807,0.1301305592060089,286.1549803093076,0
298204,102,808,0.1254662573337555,286.28044656664133,0
298205,102,809,0.12809781730175018,286.4085443839431,0
298206,102,810,0.11958305537700653,286.5281274393201,0
298207,102,811,0.12589839100837708,286.65402583032846,0
298208,102,812,0.12280453741550446,286.77683036774397,0
298209,102,813,0.11664877086877823,286.89347913861275,0
298210,102,814,0.11252368986606598,287.0060028284788,0
298211,102,815,0.11282872408628464,287.1188315525651,0
298212,102,816,0.12568989396095276,287.24452144652605,0
298213,102,817,0.12017841637134552,287.3646998628974,0
298214,102,818,0.11574334651231766,287.4804432094097,0
298215,102,819,0.1132115051150322,287.59365471452475,0
298216,102,820,0.12516267597675323,287.7188173905015,0
298217,102,821,0.12006166577339172,287.8388790562749,0
298218,102,822,0.11744118481874466,287.95632024109364,0
298219,102,823,0.11591818928718567,288.0722384303808,0
298220,102,824,0.1138824000954628,288.1861208304763,0
298221,102,825,0.11350735276937485,288.29962818324566,0
298222,102,826,0.1135096400976181,288.4131378233433,0
298223,102,827,0.11388756334781647,288.5270253866911,0
298224,102,828,0.11446238309144974,288.64148776978254,0
298225,102,829,0.1149957925081253,288.75648356229067,0
298226,102,830,0.11548344045877457,288.87196700274944,0
298227,102,831,0.11587339639663696,288.9878403991461,0
298228,102,832,0.11624720692634583,289.1040876060724,0
298229,102,833,0.11655224114656448,289.220639847219,0
298230,102,834,0.12847469747066498,289.34911454468966,0
298231,102,835,0.12100191414356232,289.4701164588332,0
298232,102,836,0.12277714163064957,289.59289360046387,0
298233,102,837,0.12156283855438232,289.71445643901825,0
298234,102,838,0.11897797137498856,289.83343441039324,0
298235,102,839,0.12498544901609421,289.95841985940933,0
298236,102,840,0.11971443891525269,290.0781342983246,0
298237,102,841,0.12488206475973129,290.2030163630843,0
298238,102,842,0.12281517684459686,290.3258315399289,0
298239,102,843,0.11787045747041702,290.44370199739933,0
298240,102,844,0.1160658672451973,290.5597678646445,0
298241,102,845,0.11503016948699951,290.6747980341315,0
298242,102,846,0.12899240851402283,290.80379044264555,0
298243,102,847,0.12319304049015045,290.9269834831357,0
298244,102,848,0.11791402846574783,291.04489751160145,0
298245,102,849,0.11468419432640076,291.15958170592785,0
298246,102,850,0.12621118128299713,291.28579288721085,0
298247,102,851,0.12170792371034622,291.4075008109212,0
298248,102,852,0.12442360818386078,291.53192441910505,0
298249,102,853,0.12401522696018219,291.65593964606524,0
298250,102,854,0.1183779388666153,291.77431758493185,0
298251,102,855,0.1272542029619217,291.9015717878938,0
298252,102,856,0.12590329349040985,292.0274750813842,0
298253,102,857,0.12082701921463013,292.1483021005988,0
298254,102,858,0.11907438933849335,292.2673764899373,0
298255,102,859,0.116181880235672,292.383558370173,0
298256,102,860,0.11478227376937866,292.49834064394236,0
298257,102,861,0.11421628296375275,292.6125569269061,0
298258,102,862,0.12609229981899261,292.7386492267251,0
298259,102,863,0.1190209910273552,292.85767021775246,0
298260,102,864,0.11640671640634537,292.9740769341588,0
298261,102,865,0.11485619843006134,293.08893313258886,0
298262,102,866,0.1237797737121582,293.212712906301,0
298263,102,867,0.11889790743589401,293.3316108137369,0
298264,102,868,0.1116202101111412,293.44323102384806,0
298265,102,869,0.10522748529911041,293.54845850914717,0
298266,102,870,0.10371316224336624,293.65217167139053,0
298267,102,871,0.10448507964611053,293.75665675103664,0
298268,102,872,0.1190413162112236,293.87569806724787,0
298269,102,873,0.11164070665836334,293.98733877390623,0
298270,102,874,0.11748401820659637,294.1048227921128,0
298271,102,875,0.10948584228754044,294.21430863440037,0
298272,102,876,0.11290007084608078,294.32720870524645,0
298273,102,877,0.1077909991145134,294.43499970436096,0
298274,102,878,0.11210285872220993,294.5471025630832,0
298275,102,879,0.10698185861110687,294.6540844216943,0
298276,102,880,0.11124790459871292,294.765332326293,0
298277,102,881,0.10547991842031479,294.8708122447133,0
298278,102,882,0.11088765412569046,294.981699898839,0
298279,102,883,0.10964442789554596,295.09134432673454,0
298280,102,884,0.11283072084188461,295.2041750475764,0
298281,102,885,0.10879863798618317,295.3129736855626,0
298282,102,886,0.11440225690603256,295.42737594246864,0
298283,102,887,0.11194252222776413,295.5393184646964,0
298284,102,888,0.11792054027318954,295.6572390049696,0
298285,102,889,0.11193479597568512,295.7691738009453,0
298286,102,890,0.10504290461540222,295.8742167055607,0
298287,102,891,0.10237210988998413,295.97658881545067,0
298288,102,892,0.11453788727521896,296.0911267027259,0
298289,102,893,0.11191647499799728,296.2030431777239,0
298290,102,894,0.1131250411272049,296.3161682188511,0
298291,102,895,0.11051377654075623,296.42668199539185,0
298292,102,896,0.11289104074239731,296.53957303613424,0
298293,102,897,0.11076393723487854,296.6503369733691,0
298294,102,898,0.11485355347394943,296.76519052684307,0
298295,102,899,0.11263681948184967,296.8778273463249,0
298296,102,900,0.1131262481212616,296.9909535944462,0
298297,102,901,0.10624520480632782,297.0971987992525,0
298298,102,902,0.1160595491528511,297.21325834840536,0
298299,102,903,0.11190485209226608,297.3251632004976,0
298300,102,904,0.10588333010673523,297.43104653060436,0
298301,102,905,0.11524542421102524,297.5462919548154,0
298302,102,906,0.112822525203228,297.6591144800186,0
298303,102,907,0.11591789126396179,297.7750323712826,0
298304,102,908,0.11077538132667542,297.88580775260925,0
298305,102,909,0.10345155745744705,297.9892593100667,0
298306,102,910,0.11495710164308548,298.1042164117098,0
298307,102,911,0.11082201451063156,298.2150384262204,0
298308,102,912,0.10829857736825943,298.3233370035887,0
298309,102,913,0.10579994320869446,298.42913694679737,0
298310,102,914,0.10480593889951706,298.5339428856969,0
298311,102,915,0.10399513691663742,298.6379380226135,0
298312,102,916,0.1163259968161583,298.7542640194297,0
298313,102,917,0.11226082593202591,298.8665248453617,0
298314,102,918,0.1025090143084526,298.96903385967016,0
298315,102,919,0.09492045640945435,299.0639543160796,0
298316,102,920,0.09291771054267883,299.1568720266223,0
298317,102,921,0.11043892800807953,299.2673109546304,0
298318,102,922,0.10857262462377548,299.37588357925415,0
298319,102,923,0.10914983600378036,299.48503341525793,0
298320,102,924,0.10415470600128174,299.5891881212592,0
298321,102,925,0.09880737960338593,299.6879955008626,0
298322,102,926,0.11034620553255081,299.79834170639515,0
298323,102,927,0.10823261737823486,299.9065743237734,0
298324,102,928,0.09960999339818954,300.0061843171716,0
298325,102,929,0.10839565843343735,300.114579975605,0
298326,102,930,0.10417929291725159,300.21875926852226,0
298327,102,931,0.107389435172081,300.32614870369434,0
298328,102,932,0.10278444737195969,300.4289331510663,0
298329,102,933,0.10659188032150269,300.5355250313878,0
298330,102,934,0.10402826964855194,300.63955330103636,0
298331,102,935,0.0976499691605568,300.7372032701969,0
298332,102,936,0.11073978990316391,300.8479430601001,0
298333,102,937,0.10668323934078217,300.95462629944086,0
298334,102,938,0.10131655633449554,301.05594285577536,0
298335,102,939,0.11091186106204987,301.1668547168374,0
298336,102,940,0.1076168492436409,301.27447156608105,0
298337,102,941,0.10275497287511826,301.37722653895617,0
298338,102,942,0.09905920922756195,301.4762857481837,0
298339,102,943,0.11234236508607864,301.5886281132698,0
298340,102,944,0.10899423062801361,301.6976223438978,0
298341,102,945,0.1127343624830246,301.81035670638084,0
298342,102,946,0.10853718966245651,301.9188938960433,0
298343,102,947,0.11680153012275696,302.03569542616606,0
298344,102,948,0.11171243339776993,302.1474078595638,0
298345,102,949,0.11875475198030472,302.26616261154413,0
298346,102,950,0.11383382976055145,302.3799964413047,0
298347,102,951,0.11918891966342926,302.4991853609681,0
298348,102,952,0.11717832833528519,302.6163636893034,0
298349,102,953,0.11772207915782928,302.7340857684612,0
298350,102,954,0.11750833690166473,302.8515941053629,0
298351,102,955,0.11387660354375839,302.96547070890665,0
298352,102,956,0.12130625545978546,303.08677696436644,0
298353,102,957,0.11561818420886993,303.2023951485753,0
298354,102,958,0.10963653028011322,303.3120316788554,0
298355,102,959,0.10598140954971313,303.41801308840513,0
298356,102,960,0.12052156776189804,303.53853465616703,0
298357,102,961,0.11806772649288177,303.6566023826599,0
298358,102,962,0.11656323820352554,303.77316562086344,0
298359,102,963,0.11516096442937851,303.8883265852928,0
298360,102,964,0.10928473621606827,303.9976113215089,0
298361,102,965,0.10422005504369736,304.1018313765526,0
298362,102,966,0.1023816242814064,304.204213000834,0
298363,102,967,0.11455527693033218,304.3187682777643,0
298364,102,968,0.10971667617559433,304.4284849539399,0
298365,102,969,0.11199326068162918,304.54047821462154,0
298366,102,970,0.10820864140987396,304.6486868560314,0
298367,102,971,0.11068236082792282,304.75936921685934,0
298368,102,972,0.10915952920913696,304.8685287460685,0
298369,102,973,0.11393960565328598,304.98246835172176,0
298370,102,974,0.11268416047096252,305.0951525121927,0
298371,102,975,0.1066516637802124,305.20180417597294,0
298372,102,976,0.11614523828029633,305.31794941425323,0
298373,102,977,0.1132432147860527,305.4311926290393,0
298374,102,978,0.10510552674531937,305.5362981557846,0
298375,102,979,0.09925363957881927,305.6355517953634,0
298376,102,980,0.09639184921979904,305.7319436445832,0
298377,102,981,0.09723152220249176,305.8291751667857,0
298378,102,982,0.097049281001091,305.9262244477868,0
298379,102,983,0.09723710268735886,306.02346155047417,0
298380,102,984,0.0973811149597168,306.1208426654339,0
298381,102,985,0.09744112938642502,306.2182837948203,0
298382,102,986,0.10933304578065872,306.32761684060097,0
298383,102,987,0.10679583251476288,306.43441267311573,0
298384,102,988,0.1056039035320282,306.54001657664776,0
298385,102,989,0.10146425664424896,306.641480833292,0
298386,102,990,0.09583400189876556,306.7373148351908,0
298387,102,991,0.0944773480296135,306.8317921832204,0
298388,102,992,0.10507722198963165,306.93686940521,0
298389,102,993,0.09992039948701859,307.03678980469704,0
298390,102,994,0.10462111979722977,307.14141092449427,0
298391,102,995,0.10442514717578888,307.24583607167006,0
298392,102,996,0.10314177721738815,307.34897784888744,0
298393,102,997,0.10638236999511719,307.45536021888256,0
298394,102,998,0.10104568302631378,307.5564059019089,0
298395,102,999,0.09520745277404785,307.6516133546829,0
298396,102,1000,0.1061534434556961,307.7577667981386,0
298397,102,1001,0.10467789322137833,307.86244469136,0
298398,102,1002,0.1015930250287056,307.9640377163887,0
298399,102,1003,0.09855242818593979,308.06259014457464,0
298400,102,1004,0.09646880626678467,308.1590589508414,0
298401,102,1005,0.10881742835044861,308.2678763791919,0
298402,102,1006,0.10564395785331726,308.3735203370452,0
298403,102,1007,0.10654155164957047,308.48006188869476,0
298404,102,1008,0.10244238376617432,308.58250427246094,0
298405,102,1009,0.10908964276313782,308.6915939152241,0
298406,102,1010,0.107383131980896,308.79897704720497,0
298407,102,1011,0.10735201090574265,308.9063290581107,0
298408,102,1012,0.10743571817874908,309.01376477628946,0
298409,102,1013,0.10200953483581543,309.1157743111253,0
298410,102,1014,0.09635108709335327,309.21212539821863,0
298411,102,1015,0.10646548867225647,309.3185908868909,0
298412,102,1016,0.10152126848697662,309.42011215537786,0
298413,102,1017,0.10694274306297302,309.52705489844084,0
298414,102,1018,0.1043604388833046,309.63141533732414,0
298415,102,1019,0.10985101759433746,309.7412663549185,0
298416,102,1020,0.1047419011592865,309.84600825607777,0
298417,102,1021,0.11144322156906128,309.9574514776468,0
298418,102,1022,0.11027766764163971,310.06772914528847,0
298419,102,1023,0.11322401463985443,310.1809531599283,0
298420,102,1024,0.10737600177526474,310.2883291617036,0
298421,102,1025,0.10059475153684616,310.38892391324043,0
298422,102,1026,0.09964803606271744,310.48857194930315,0
298423,102,1027,0.11350011825561523,310.60207206755877,0
298424,102,1028,0.10977572202682495,310.7118477895856,0
298425,102,1029,0.11099249869585037,310.82284028828144,0
298426,102,1030,0.10796685516834259,310.9308071434498,0
298427,102,1031,0.10524753481149673,311.0360546782613,0
298428,102,1032,0.10118598490953445,311.1372406631708,0
298429,102,1033,0.0994272232055664,311.2366678863764,0
298430,102,1034,0.10038009285926819,311.33704797923565,0
298431,102,1035,0.11317490041255951,311.4502228796482,0
298432,102,1036,0.1065228134393692,311.5567456930876,0
298433,102,1037,0.10957338660955429,311.66631907969713,0
298434,102,1038,0.10883770883083344,311.77515678852797,0
298435,102,1039,0.10758252441883087,311.8827393129468,0
298436,102,1040,0.10309278219938278,311.9858320951462,0
298437,102,1041,0.11465882509946823,312.10049092024565,0
298438,102,1042,0.11326440423727036,312.2137553244829,0
298439,102,1043,0.1169714704155922,312.3307267948985,0
298440,102,1044,0.11382418870925903,312.44455098360777,0
298441,102,1045,0.11702234297990799,312.5615733265877,0
298442,102,1046,0.11062996089458466,312.67220328748226,0
298443,102,1047,0.10383454710245132,312.7760378345847,0
298444,102,1048,0.09976060688495636,312.87579844146967,0
298445,102,1049,0.09895242005586624,312.97475086152554,0
298446,102,1050,0.11276359856128693,313.0875144600868,0
298447,102,1051,0.10888098180294037,313.19639544188976,0
298448,102,1052,0.10384919494390488,313.30024463683367,0
298449,102,1053,0.11064339429140091,313.41088803112507,0
298450,102,1054,0.10750473290681839,313.5183927640319,0
298451,102,1055,0.10224922001361847,313.6206419840455,0
298452,102,1056,0.10867659002542496,313.72931857407093,0
298453,102,1057,0.10144354403018951,313.8307621181011,0
298454,102,1058,0.10623471438884735,313.93699683248997,0
298455,102,1059,0.10351473838090897,314.0405115708709,0
298456,102,1060,0.09678401798009872,314.137295588851,0
298457,102,1061,0.09174599498510361,314.2290415838361,0
298458,102,1062,0.08917438983917236,314.31821597367525,0
298459,102,1063,0.08824435621500015,314.40646032989025,0
298460,102,1064,0.08810564875602722,314.4945659786463,0
298461,102,1065,0.10105179250240326,314.5956177711487,0
298462,102,1066,0.09893830120563507,314.6945560723543,0
298463,102,1067,0.10139430314302444,314.79595037549734,0
298464,102,1068,0.09907001256942749,314.89502038806677,0
298465,102,1069,0.10162029415369034,314.99664068222046,0
298466,102,1070,0.09990806877613068,315.0965487509966,0
298467,102,1071,0.10106341540813446,315.1976121664047,0
298468,102,1072,0.10463722795248032,315.3022493943572,0
298469,102,1073,0.09904637932777405,315.401295773685,0
298470,102,1074,0.09348972141742706,315.4947854951024,0
298471,102,1075,0.08962088823318481,315.5844063833356,0
298472,102,1076,0.10295803099870682,315.6873644143343,0
298473,102,1077,0.09849163144826889,315.78585604578257,0
298474,102,1078,0.0934041440486908,315.87926018983126,0
298475,102,1079,0.08943632990121841,315.9686965197325,0
298476,102,1080,0.09946354478597641,316.06816006451845,0
298477,102,1081,0.09414012730121613,316.16230019181967,0
298478,102,1082,0.08902479708194733,316.2513249889016,0
298479,102,1083,0.08489864319562912,316.33622363209724,0
298480,102,1084,0.08358238637447357,316.4198060184717,0
298481,102,1085,0.08242204785346985,316.5022280663252,0
298482,102,1086,0.09470361471176147,316.59693168103695,0
298483,102,1087,0.09056071192026138,316.6874923929572,0
298484,102,1088,0.09265510737895966,316.78014750033617,0
298485,102,1089,0.0902169942855835,316.87036449462175,0
298486,102,1090,0.08624325692653656,316.9566077515483,0
298487,102,1091,0.09197336435317993,317.04858111590147,0
298488,102,1092,0.08934388309717178,317.13792499899864,0
298489,102,1093,0.0928213894367218,317.23074638843536,0
298490,102,1094,0.08601619303226471,317.31676258146763,0
298491,102,1095,0.09386111795902252,317.41062369942665,0
298492,102,1096,0.09173817932605743,317.5023618787527,0
298493,102,1097,0.08451306819915771,317.58687494695187,0
298494,102,1098,0.08245100826025009,317.6693259552121,0
298495,102,1099,0.09485446661710739,317.7641804218292,0
298496,102,1100,0.09201066941022873,317.85619109123945,0
298497,102,1101,0.08718918263912201,317.9433802738786,0
298498,102,1102,0.08358564972877502,318.02696592360735,0
298499,102,1103,0.09442497044801712,318.12139089405537,0
298500,102,1104,0.08924712240695953,318.2106380164623,0
298501,102,1105,0.0856805369257927,318.2963185533881,0
298502,102,1106,0.08195389062166214,318.3782724440098,0
298503,102,1107,0.09247943758964539,318.4707518815994,0
298504,102,1108,0.08742296695709229,318.5581748485565,0
298505,102,1109,0.0922190397977829,318.6503938883543,0
298506,102,1110,0.08737192302942276,318.7377658113837,0
298507,102,1111,0.08117637783288956,318.8189421892166,0
298508,102,1112,0.09674764424562454,318.91568983346224,0
298509,102,1113,0.0948459655046463,319.0105357989669,0
298510,102,1114,0.09961435943841934,319.1101501584053,0
298511,102,1115,0.09319422394037247,319.2033443823457,0
298512,102,1116,0.08806425333023071,319.2914086356759,0
298513,102,1117,0.09882962703704834,319.39023826271296,0
298514,102,1118,0.09727784246206284,319.487516105175,0
298515,102,1119,0.10006018728017807,319.5875762924552,0
298516,102,1120,0.09735006839036942,319.68492636084557,0
298517,102,1121,0.0905381366610527,319.7754644975066,0
298518,102,1122,0.08773744106292725,319.86320193856955,0
298519,102,1123,0.10252554714679718,319.96572748571634,0
298520,102,1124,0.0992116630077362,320.0649391487241,0
298521,102,1125,0.09007856994867325,320.15501771867275,0
298522,102,1126,0.10176073759794235,320.2567784562707,0
298523,102,1127,0.09814413636922836,320.3549225926399,0
298524,102,1128,0.10175574570894241,320.45667833834887,0
298525,102,1129,0.09748391807079315,320.55416225641966,0
298526,102,1130,0.10421004146337509,320.65837229788303,0
298527,102,1131,0.10009260475635529,320.7584649026394,0
298528,102,1132,0.10339576005935669,320.86186066269875,0
298529,102,1133,0.10058216750621796,320.96244283020496,0
298530,102,1134,0.09667691588401794,321.059119746089,0
298531,102,1135,0.0914110615849495,321.15053080767393,0
298532,102,1136,0.10423819720745087,321.2547690048814,0
298533,102,1137,0.10052813589572906,321.3552971407771,0
298534,102,1138,0.10209447145462036,321.45739161223173,0
298535,102,1139,0.10049718618392944,321.55788879841566,0
298536,102,1140,0.10173215717077255,321.65962095558643,0
298537,102,1141,0.10136380046606064,321.7609847560525,0
298538,102,1142,0.10021939873695374,321.86120415478945,0
298539,102,1143,0.1024717390537262,321.9636758938432,0
298540,102,1144,0.1039322018623352,322.0676080957055,0
298541,102,1145,0.10486824065446854,322.17247633636,0
298542,102,1146,0.09996137768030167,322.2724377140403,0
298543,102,1147,0.10616090893745422,322.37859862297773,0
298544,102,1148,0.10039426386356354,322.4789928868413,0
298545,102,1149,0.10550981014966965,322.58450269699097,0
298546,102,1150,0.10188612341880798,322.6863888204098,0
298547,102,1151,0.09469185769557953,322.78108067810535,0
298548,102,1152,0.1049993634223938,322.88608004152775,0
298549,102,1153,0.10097690671682358,322.9870569482446,0
298550,102,1154,0.09701483696699142,323.08407178521156,0
298551,102,1155,0.09215157479047775,323.17622336000204,0
298552,102,1156,0.10227125138044357,323.2784946113825,0
298553,102,1157,0.09883137047290802,323.3773259818554,0
298554,102,1158,0.09452182054519653,323.4718478024006,0
298555,102,1159,0.10350333154201508,323.5753511339426,0
298556,102,1160,0.10039550811052322,323.6757466420531,0
298557,102,1161,0.09507479518651962,323.77082143723965,0
298558,102,1162,0.08997505903244019,323.8607964962721,0
298559,102,1163,0.0993165522813797,323.96011304855347,0
298560,102,1164,0.09286890178918839,324.05298195034266,0
298561,102,1165,0.09905459731817245,324.1520365476608,0
298562,102,1166,0.09756496548652649,324.24960151314735,0
298563,102,1167,0.09979438781738281,324.34939590096474,0
298564,102,1168,0.09414564073085785,324.4435415416956,0
298565,102,1169,0.08651794493198395,324.5300594866276,0
298566,102,1170,0.10024019330739975,324.630299679935,0
298567,102,1171,0.09691465646028519,324.72721433639526,0
298568,102,1172,0.09658399224281311,324.8237983286381,0
298569,102,1173,0.09056075662374496,324.9143590852618,0
298570,102,1174,0.0871405228972435,325.00149960815907,0
298571,102,1175,0.10087153315544128,325.1023711413145,0
298572,102,1176,0.09483707696199417,325.1972082182765,0
298573,102,1177,0.09920576214790344,325.2964139804244,0
298574,102,1178,0.09221357852220535,325.3886275589466,0
298575,102,1179,0.0852358341217041,325.4738633930683,0
298576,102,1180,0.08288552612066269,325.556748919189,0
298577,102,1181,0.08222710341215134,325.6389760226011,0
298578,102,1182,0.08195619285106659,325.7209322154522,0
298579,102,1183,0.0952373519539833,325.8161695674062,0
298580,102,1184,0.08895764499902725,325.9051272124052,0
298581,102,1185,0.08460123091936111,325.98972844332457,0
298582,102,1186,0.08101002871990204,326.07073847204447,0
298583,102,1187,0.09110483527183533,326.1618433073163,0
298584,102,1188,0.08742822706699371,326.2492715343833,0
298585,102,1189,0.09059234708547592,326.3398638814688,0
298586,102,1190,0.08805932849645615,326.42792320996523,0
298587,102,1191,0.09249740839004517,326.5204206183553,0
298588,102,1192,0.09124912321567535,326.61166974157095,0
298589,102,1193,0.09321437776088715,326.70488411933184,0
298590,102,1194,0.0873371958732605,326.7922213152051,0
298591,102,1195,0.0809464082121849,326.8731677234173,0
298592,102,1196,0.09466004371643066,326.9678277671337,0
298593,102,1197,0.0931466817855835,327.0609744489193,0
298594,102,1198,0.08422552794218063,327.1451999768615,0
298595,102,1199,0.0788622796535492,327.224062256515,0
298596,102,1200,0.09478891640901566,327.31885117292404,0
298597,102,1201,0.09202772378921509,327.41087889671326,0
298598,102,1202,0.09688574820756912,327.5077646449208,0
298599,102,1203,0.0933612585067749,327.6011259034276,0
298600,102,1204,0.09470203518867493,327.6958279386163,0
298601,102,1205,0.08787409216165543,327.78370203077793,0
298602,102,1206,0.08231689035892487,327.86601892113686,0
298603,102,1207,0.09386944025754929,327.9598883613944,0
298604,102,1208,0.0897827297449112,328.0496710911393,0
298605,102,1209,0.09408688545227051,328.1437579765916,0
298606,102,1210,0.0897010937333107,328.2334590703249,0
298607,102,1211,0.09385961294174194,328.32731868326664,0
298608,102,1212,0.09204096347093582,328.4193596467376,0
298609,102,1213,0.08658576756715775,328.50594541430473,0
298610,102,1214,0.08219768106937408,328.5881430953741,0
298611,102,1215,0.07960505783557892,328.6677481532097,0
298612,102,1216,0.07953587919473648,328.7472840324044,0
298613,102,1217,0.08048732578754425,328.82777135819197,0
298614,102,1218,0.09392581135034561,328.9216971695423,0
298615,102,1219,0.08784648030996323,329.0095436498523,0
298616,102,1220,0.08314885199069977,329.092692501843,0
298617,102,1221,0.08128483593463898,329.1739773377776,0
298618,102,1222,0.09263305366039276,329.266610391438,0
298619,102,1223,0.08712460100650787,329.3537349924445,0
298620,102,1224,0.08968497812747955,329.443419970572,0
298621,102,1225,0.08747433125972748,329.5308943018317,0
298622,102,1226,0.08174563944339752,329.6126399412751,0
298623,102,1227,0.08046616613864899,329.69310610741377,0
298624,102,1228,0.09290269017219543,329.78600879758596,0
298625,102,1229,0.0895993709564209,329.8756081685424,0
298626,102,1230,0.0851290225982666,329.96073719114065,0
298627,102,1231,0.08158327639102936,330.0423204675317,0
298628,102,1232,0.07959609478712082,330.1219165623188,0
298629,102,1233,0.09335379302501678,330.2152703553438,0
298630,102,1234,0.08874551206827164,330.3040158674121,0
298631,102,1235,0.07770325243473053,330.3817191198468,0
298632,102,1236,0.08873176574707031,330.4704508855939,0
298633,102,1237,0.08848030865192413,330.5589311942458,0
298634,102,1238,0.08949779719114304,330.64842899143696,0
298635,102,1239,0.09214676916599274,330.74057576060295,0
298636,102,1240,0.08602475374937057,330.8266005143523,0
298637,102,1241,0.09254011511802673,330.91914062947035,0
298638,102,1242,0.08670681715011597,331.00584744662046,0
298639,102,1243,0.0952928364276886,331.10114028304815,0
298640,102,1244,0.09075238555669785,331.19189266860485,0
298641,102,1245,0.09629342705011368,331.28818609565496,0
298642,102,1246,0.09313860535621643,331.3813247010112,0
298643,102,1247,0.10001801699399948,331.4813427180052,0
298644,102,1248,0.09688380360603333,331.5782265216112,0
298645,102,1249,0.09978406876325607,331.67801059037447,0
298646,102,1250,0.09732545167207718,331.77533604204655,0
298647,102,1251,0.1014004647731781,331.8767365068197,0
298648,102,1252,0.09940211474895477,331.9761386215687,0
298649,102,1253,0.09517674148082733,332.0713153630495,0
298650,102,1254,0.10508624464273453,332.17640160769224,0
298651,102,1255,0.1002432182431221,332.27664482593536,0
298652,102,1256,0.09387747198343277,332.3705222979188,0
298653,102,1257,0.10537776350975037,332.47590006142855,0
298654,102,1258,0.09977883845567703,332.5756788998842,0
298655,102,1259,0.10586001724004745,332.68153891712427,0
298656,102,1260,0.10270150005817413,332.78424041718245,0
298657,102,1261,0.0969282016158104,332.88116861879826,0
298658,102,1262,0.09185881167650223,332.97302743047476,0
298659,102,1263,0.10391867160797119,333.07694610208273,0
298660,102,1264,0.10165561735630035,333.17860171943903,0
298661,102,1265,0.10530317574739456,333.2839048951864,0
298662,102,1266,0.09611676633358002,333.38002166152,0
298663,102,1267,0.10321588069200516,333.483237542212,0
298664,102,1268,0.09931349754333496,333.58255103975534,0
298665,102,1269,0.10302826762199402,333.68557930737734,0
298666,102,1270,0.10248442739248276,333.7880637347698,0
298667,102,1271,0.09963877499103546,333.88770250976086,0
298668,102,1272,0.09704791754484177,333.9847504273057,0
298669,102,1273,0.10344751179218292,334.0881979390979,0
298670,102,1274,0.10519366711378098,334.19339160621166,0
298671,102,1275,0.10342446714639664,334.29681607335806,0
298672,102,1276,0.10413020849227905,334.40094628185034,0
298673,102,1277,0.09842188656330109,334.49936816841364,0
298674,102,1278,0.10023980587720871,334.59960797429085,0
298675,102,1279,0.1026143953204155,334.70222236961126,0
298676,102,1280,0.10284046083688736,334.80506283044815,0
298677,102,1281,0.09877080470323563,334.9038336351514,0
298678,102,1282,0.09684427082538605,335.0006779059768,0
298679,102,1283,0.10232638567686081,335.10300429165363,0
298680,102,1284,0.10225389897823334,335.20525819063187,0
298681,102,1285,0.10490074753761292,335.3101589381695,0
298682,102,1286,0.09657976776361465,335.4067387059331,0
298683,102,1287,0.09052448719739914,335.4972631931305,0
298684,102,1288,0.1045379564166069,335.6018011495471,0
298685,102,1289,0.09853938966989517,335.700340539217,0
298686,102,1290,0.10528381913900375,335.805624358356,0
298687,102,1291,0.10083957016468048,335.9064639285207,0
298688,102,1292,0.0978069081902504,336.00427083671093,0
298689,102,1293,0.09271666407585144,336.0969875007868,0
298690,102,1294,0.10349585860967636,336.20048335939646,0
298691,102,1295,0.10339970141649246,336.30388306081295,0
298692,102,1296,0.1036599799990654,336.407543040812,0
298693,102,1297,0.101915143430233,336.50945818424225,0
298694,102,1298,0.09486706554889679,336.60432524979115,0
298695,102,1299,0.08931977301836014,336.6936450228095,0
298696,102,1300,0.10040440410375595,336.79404942691326,0
298697,102,1301,0.09528502076864243,336.8893344476819,0
298698,102,1302,0.10159066319465637,336.99092511087656,0
298699,102,1303,0.10105255246162415,337.0919776633382,0
298700,102,1304,0.1037522554397583,337.19572991877794,0
298701,102,1305,0.10246774554252625,337.29819766432047,0
298702,102,1306,0.0983443409204483,337.3965420052409,0
298703,102,1307,0.09625488519668579,337.4927968904376,0
298704,102,1308,0.09513787180185318,337.58793476223946,0
298705,102,1309,0.09898168593645096,337.6869164481759,0
298706,102,1310,0.10410793870687485,337.7910243868828,0
298707,102,1311,0.10174664855003357,337.8927710354328,0
298708,102,1312,0.1005590558052063,337.993330091238,0
298709,102,1313,0.09422280639410019,338.0875528976321,0
298710,102,1314,0.0919812023639679,338.1795340999961,0
298711,102,1315,0.09113889187574387,338.27067299187183,0
298712,102,1316,0.09142625331878662,338.3620992451906,0
298713,102,1317,0.1036963239312172,338.46579556912184,0
298714,102,1318,0.10291852056980133,338.56871408969164,0
298715,102,1319,0.09132117033004761,338.6600352600217,0
298716,102,1320,0.10163376480340958,338.7616690248251,0
298717,102,1321,0.1003638282418251,338.8620328530669,0
298718,102,1322,0.09628830850124359,338.95832116156816,0
298719,102,1323,0.09080342948436737,339.04912459105253,0
298720,102,1324,0.08873332291841507,339.13785791397095,0
298721,102,1325,0.08971534669399261,339.22757326066494,0
298722,102,1326,0.09133803099393845,339.3189112916589,0
298723,102,1327,0.09234670549631119,339.4112579971552,0
298724,102,1328,0.093429334461689,339.5046873316169,0
298725,102,1329,0.10236845165491104,339.6070557832718,0
298726,102,1330,0.10009158402681351,339.7071473672986,0
298727,102,1331,0.09525473415851593,339.8024021014571,0
298728,102,1332,0.09200082719326019,339.8944029286504,0
298729,102,1333,0.09118925780057907,339.98559218645096,0
298730,102,1334,0.10365809500217438,340.08925028145313,0
298731,102,1335,0.09910079836845398,340.1883510798216,0
298732,102,1336,0.10311371833086014,340.29146479815245,0
298733,102,1337,0.100058414041996,340.39152321219444,0
298734,102,1338,0.10200072079896927,340.4935239329934,0
298735,102,1339,0.10198043286800385,340.5955043658614,0
298736,102,1340,0.10095903277397156,340.6964633986354,0
298737,102,1341,0.10185863077640533,340.7983220294118,0
298738,102,1342,0.0979071632027626,340.89622919261456,0
298739,102,1343,0.09926197677850723,340.99549116939306,0
298740,102,1344,0.09567256271839142,341.09116373211145,0
298741,102,1345,0.09746178239583969,341.1886255145073,0
298742,102,1346,0.10328494012355804,341.29191045463085,0
298743,102,1347,0.09620653092861176,341.38811698555946,0
298744,102,1348,0.09998981654644012,341.4881068021059,0
298745,102,1349,0.09542566537857056,341.5835324674845,0
298746,102,1350,0.09671581536531448,341.6802482828498,0
298747,102,1351,0.10195958614349365,341.7822078689933,0
298748,102,1352,0.10175695270299911,341.8839648216963,0
298749,102,1353,0.10190396755933762,341.9858687892556,0
298750,102,1354,0.10131055116653442,342.08717934042215,0
298751,102,1355,0.10143595188856125,342.1886152923107,0
298752,102,1356,0.10178830474615097,342.29040359705687,0
298753,102,1357,0.0929723009467125,342.3833758980036,0
298754,102,1358,0.10076241195201874,342.4841383099556,0
298755,102,1359,0.1022523045539856,342.5863906145096,0
298756,102,1360,0.09829403460025787,342.68468464910984,0
298757,102,1361,0.0966217964887619,342.7813064455986,0
298758,102,1362,0.09859317541122437,342.8798996210098,0
298759,102,1363,0.10227465629577637,342.9821742773056,0
298760,102,1364,0.09948582947254181,343.08166010677814,0
298761,102,1365,0.09588375687599182,343.17754386365414,0
298762,102,1366,0.09352884441614151,343.2710727080703,0
298763,102,1367,0.0933464914560318,343.3644191995263,0
298764,102,1368,0.09255935251712799,343.45697855204344,0
298765,102,1369,0.09238964319229126,343.54936819523573,0
298766,102,1370,0.09233503043651581,343.64170322567225,0
298767,102,1371,0.09219633042812347,343.73389955610037,0
298768,102,1372,0.09204564243555069,343.8259451985359,0
298769,102,1373,0.09185831993818283,343.9178035184741,0
298770,102,1374,0.0917278528213501,344.00953137129545,0
298771,102,1375,0.09147734940052032,344.101008720696,0
298772,102,1376,0.09120278805494308,344.1922115087509,0
298773,102,1377,0.10286691039800644,344.2950784191489,0
298774,102,1378,0.09653694927692413,344.39161536842585,0
298775,102,1379,0.09088144451379776,344.48249681293964,0
298776,102,1380,0.08820263296365738,344.5706994459033,0
298777,102,1381,0.09734666347503662,344.66804610937834,0
298778,102,1382,0.0913357138633728,344.7593818232417,0
298779,102,1383,0.08010116219520569,344.8394829854369,0
298780,102,1384,0.07369464635848999,344.9131776317954,0
298781,102,1385,0.0906696617603302,345.00384729355574,0
298782,102,1386,0.08587177842855453,345.0897190719843,0
298783,102,1387,0.08048369735479355,345.1702027693391,0
298784,102,1388,0.09080161154270172,345.2610043808818,0
298785,102,1389,0.084510937333107,345.3455153182149,0
298786,102,1390,0.07862254232168198,345.4241378605366,0
298787,102,1391,0.09034168720245361,345.51447954773903,0
298788,102,1392,0.08476480841636658,345.5992443561554,0
298789,102,1393,0.08745459467172623,345.6866989508271,0
298790,102,1394,0.08447758853435516,345.7711765393615,0
298791,102,1395,0.08091536909341812,345.8520919084549,0
298792,102,1396,0.08897391706705093,345.94106582552195,0
298793,102,1397,0.08799602836370468,346.02906185388565,0
298794,102,1398,0.09088390320539474,346.11994575709105,0
298795,102,1399,0.08609186112880707,346.20603761821985,0
298796,102,1400,0.07860799133777618,346.28464560955763,0
298797,102,1401,0.07431921362876892,346.3589648231864,0
298798,102,1402,0.08900560438632965,346.4479704275727,0
298799,102,1403,0.08676617592573166,346.53473660349846,0
298800,102,1404,0.08807294815778732,346.62280955165625,0
298801,102,1405,0.08634645491838455,346.70915600657463,0
298802,102,1406,-10.0,336.70915600657463,1
298803,103,1,-10.0,-10.0,1
298804,104,1,0.17463736236095428,0.17463736236095428,0
298805,104,2,0.17125846445560455,0.34589582681655884,0
298806,104,3,0.1726757436990738,0.5185715705156326,0
298807,104,4,0.171173095703125,0.6897446662187576,0
298808,104,5,0.16663473844528198,0.8563794046640396,0
298809,104,6,0.1715283840894699,1.0279077887535095,0
298810,104,7,0.17398537695407867,1.2018931657075882,0
298811,104,8,0.16734300553798676,1.369236171245575,0
298812,104,9,0.17165619134902954,1.5408923625946045,0
298813,104,10,0.1721414178609848,1.7130337804555893,0
298814,104,11,0.1715526282787323,1.8845864087343216,0
298815,104,12,0.17001031339168549,2.054596722126007,0
298816,104,13,0.16881464421749115,2.2234113663434982,0
298817,104,14,0.168929785490036,2.3923411518335342,0
298818,104,15,0.16722603142261505,2.5595671832561493,0
298819,104,16,0.1731579601764679,2.732725143432617,0
298820,104,17,0.1727973371744156,2.9055224806070328,0
298821,104,18,0.16903816163539886,3.0745606422424316,0
298822,104,19,0.1728871464729309,3.2474477887153625,0
298823,104,20,0.1710561215877533,3.418503910303116,0
298824,104,21,0.16684025526046753,3.5853441655635834,0
298825,104,22,0.16416819393634796,3.7495123594999313,0
298826,104,23,0.16457517445087433,3.9140875339508057,0
298827,104,24,0.1645689606666565,4.078656494617462,0
298828,104,25,0.1647259145975113,4.2433824092149734,0
298829,104,26,0.1650436669588089,4.408426076173782,0
298830,104,27,0.16563838720321655,4.574064463376999,0
298831,104,28,0.17149867117404938,4.745563134551048,0
298832,104,29,0.1714377999305725,4.917000934481621,0
298833,104,30,0.1668059527873993,5.08380688726902,0
298834,104,31,0.16349110007286072,5.247297987341881,0
298835,104,32,0.16147178411483765,5.4087697714567184,0
298836,104,33,0.16178251802921295,5.570552289485931,0
298837,104,34,0.16153967380523682,5.732091963291168,0
298838,104,35,0.17288385331630707,5.904975816607475,0
298839,104,36,0.16928191483020782,6.074257731437683,0
298840,104,37,0.16915151476860046,6.243409246206284,0
298841,104,38,0.16954101622104645,6.41295026242733,0
298842,104,39,0.17222878336906433,6.585179045796394,0
298843,104,40,0.1678619086742401,6.7530409544706345,0
298844,104,41,0.16222283244132996,6.915263786911964,0
298845,104,42,0.17374880611896515,7.08901259303093,0
298846,104,43,0.1702256053686142,7.259238198399544,0
298847,104,44,0.17209558188915253,7.431333780288696,0
298848,104,45,0.17450205981731415,7.60583584010601,0
298849,104,46,0.17395582795143127,7.779791668057442,0
298850,104,47,0.1752789318561554,7.955070599913597,0
298851,104,48,0.17046712338924408,8.125537723302841,0
298852,104,49,0.17519617080688477,8.300733894109726,0
298853,104,50,0.16987857222557068,8.470612466335297,0
298854,104,51,0.17480243742465973,8.645414903759956,0
298855,104,52,0.1708812117576599,8.816296115517616,0
298856,104,53,0.1647646725177765,8.981060788035393,0
298857,104,54,0.174095019698143,9.155155807733536,0
298858,104,55,0.17379756271839142,9.328953370451927,0
298859,104,56,0.1690616011619568,9.498014971613884,0
298860,104,57,0.1784517616033554,9.67646673321724,0
298861,104,58,0.17527863383293152,9.851745367050171,0
298862,104,59,0.17058074474334717,10.022326111793518,0
298863,104,60,0.1665138453245163,10.188839957118034,0
298864,104,61,0.1659727394580841,10.354812696576118,0
298865,104,62,0.1650116741657257,10.519824370741844,0
298866,104,63,0.17658519744873047,10.696409568190575,0
298867,104,64,0.1730533242225647,10.86946289241314,0
298868,104,65,0.16997158527374268,11.039434477686882,0
298869,104,66,0.1669246256351471,11.20635910332203,0
298870,104,67,0.16678404808044434,11.373143151402473,0
298871,104,68,0.1659187376499176,11.539061889052391,0
298872,104,69,0.17716066539287567,11.716222554445267,0
298873,104,70,0.1718492954969406,11.888071849942207,0
298874,104,71,0.16745907068252563,12.055530920624733,0
298875,104,72,0.16449958086013794,12.220030501484871,0
298876,104,73,0.17507003247737885,12.39510053396225,0
298877,104,74,0.17200756072998047,12.56710809469223,0
298878,104,75,0.17688556015491486,12.743993654847145,0
298879,104,76,0.17580053210258484,12.91979418694973,0
298880,104,77,0.18168005347251892,13.101474240422249,0
298881,104,78,0.179205060005188,13.280679300427437,0
298882,104,79,0.17331698536872864,13.453996285796165,0
298883,104,80,0.18064410984516144,13.634640395641327,0
298884,104,81,0.18148134648799896,13.816121742129326,0
298885,104,82,0.1765553206205368,13.992677062749863,0
298886,104,83,0.17999416589736938,14.172671228647232,0
298887,104,84,0.18316175043582916,14.355832979083061,0
298888,104,85,0.1781005859375,14.533933565020561,0
298889,104,86,0.17951127886772156,14.713444843888283,0
298890,104,87,0.1829492598772049,14.896394103765488,0
298891,104,88,0.1794833242893219,15.07587742805481,0
298892,104,89,0.18131278455257416,15.257190212607384,0
298893,104,90,0.17796064913272858,15.435150861740112,0
298894,104,91,0.18037840723991394,15.615529268980026,0
298895,104,92,0.18432168662548065,15.799850955605507,0
298896,104,93,0.17734207212924957,15.977193027734756,0
298897,104,94,0.1789645254611969,16.156157553195953,0
298898,104,95,0.18414348363876343,16.340301036834717,0
298899,104,96,0.1813722401857376,16.521673277020454,0
298900,104,97,0.18097476661205292,16.702648043632507,0
298901,104,98,0.1805855929851532,16.88323363661766,0
298902,104,99,0.1802678406238556,17.063501477241516,0
298903,104,100,0.18003271520137787,17.243534192442894,0
298904,104,101,0.18601249158382416,17.429546684026718,0
298905,104,102,0.18455199897289276,17.61409868299961,0
298906,104,103,0.18425573408603668,17.798354417085648,0
298907,104,104,0.18637628853321075,17.98473070561886,0
298908,104,105,0.17998504638671875,18.164715752005577,0
298909,104,106,0.18387529253959656,18.348591044545174,0
298910,104,107,0.18742193281650543,18.53601297736168,0
298911,104,108,0.18082600831985474,18.716838985681534,0
298912,104,109,0.18789593875408173,18.904734924435616,0
298913,104,110,0.1856464147567749,19.09038133919239,0
298914,104,111,0.18060195446014404,19.270983293652534,0
298915,104,112,0.17895562946796417,19.4499389231205,0
298916,104,113,0.17758888006210327,19.627527803182602,0
298917,104,114,0.1885223388671875,19.81605014204979,0
298918,104,115,0.1859186887741089,20.0019688308239,0
298919,104,116,0.18841028213500977,20.190379112958908,0
298920,104,117,0.1866571456193924,20.3770362585783,0
298921,104,118,0.18544378876686096,20.56248004734516,0
298922,104,119,0.1898961216211319,20.752376168966293,0
298923,104,120,0.18474629521369934,20.937122464179993,0
298924,104,121,0.1774100810289383,21.11453254520893,0
298925,104,122,0.17569153010845184,21.290224075317383,0
298926,104,123,0.18973149359226227,21.479955568909645,0
298927,104,124,0.186545729637146,21.66650129854679,0
298928,104,125,0.18396233022212982,21.85046362876892,0
298929,104,126,0.19083140790462494,22.041295036673546,0
298930,104,127,0.18782870471477509,22.22912374138832,0
298931,104,128,0.18346363306045532,22.412587374448776,0
298932,104,129,0.19153892993927002,22.604126304388046,0
298933,104,130,0.18940584361553192,22.793532148003578,0
298934,104,131,0.192884624004364,22.986416772007942,0
298935,104,132,0.1912638396024704,23.177680611610413,0
298936,104,133,0.18859991431236267,23.366280525922775,0
298937,104,134,0.19055405259132385,23.5568345785141,0
298938,104,135,0.1930208057165146,23.749855384230614,0
298939,104,136,0.18579599261283875,23.935651376843452,0
298940,104,137,0.18107222020626068,24.116723597049713,0
298941,104,138,0.17937085032463074,24.296094447374344,0
298942,104,139,0.1804671585559845,24.47656160593033,0
298943,104,140,0.18190158903598785,24.658463194966316,0
298944,104,141,0.18298469483852386,24.84144788980484,0
298945,104,142,0.1841644048690796,25.02561229467392,0
298946,104,143,0.1963077187538147,25.221920013427734,0
298947,104,144,0.18982309103012085,25.411743104457855,0
298948,104,145,0.18646974861621857,25.598212853074074,0
298949,104,146,0.1946466863155365,25.79285953938961,0
298950,104,147,0.19259339570999146,25.9854529350996,0
298951,104,148,0.18969371914863586,26.175146654248238,0
298952,104,149,0.19692157208919525,26.372068226337433,0
298953,104,150,0.19432200491428375,26.566390231251717,0
298954,104,151,0.1984759420156479,26.764866173267365,0
298955,104,152,0.1984758824110031,26.963342055678368,0
298956,104,153,0.19497475028038025,27.158316805958748,0
298957,104,154,0.19882993400096893,27.357146739959717,0
298958,104,155,0.2003573775291443,27.55750411748886,0
298959,104,156,0.19784238934516907,27.75534650683403,0
298960,104,157,0.20175521075725555,27.957101717591286,0
298961,104,158,0.19944123923778534,28.15654295682907,0
298962,104,159,0.20117518305778503,28.357718139886856,0
298963,104,160,0.2009911984205246,28.55870933830738,0
298964,104,161,0.19653888046741486,28.755248218774796,0
298965,104,162,0.1952967494726181,28.950544968247414,0
298966,104,163,0.1962602138519287,29.146805182099342,0
298967,104,164,0.19950520992279053,29.346310392022133,0
298968,104,165,0.20311035215854645,29.54942074418068,0
298969,104,166,0.19903317093849182,29.74845391511917,0
298970,104,167,0.19615468382835388,29.944608598947525,0
298971,104,168,0.19550497829914093,30.140113577246666,0
298972,104,169,0.1951027661561966,30.335216343402863,0
298973,104,170,0.1956041008234024,30.530820444226265,0
298974,104,171,0.20648552477359772,30.737305968999863,0
298975,104,172,0.20527148246765137,30.942577451467514,0
298976,104,173,0.20538006722927094,31.147957518696785,0
298977,104,174,0.20434613525867462,31.35230365395546,0
298978,104,175,0.20040372014045715,31.552707374095917,0
298979,104,176,0.20981889963150024,31.762526273727417,0
298980,104,177,0.20673686265945435,31.96926313638687,0
298981,104,178,0.20887945592403412,32.178142592310905,0
298982,104,179,0.209693044424057,32.38783563673496,0
298983,104,180,0.2052845060825348,32.5931201428175,0
298984,104,181,0.2032344490289688,32.796354591846466,0
298985,104,182,0.20050208270549774,32.996856674551964,0
298986,104,183,0.21232718229293823,33.2091838568449,0
298987,104,184,0.20773737132549286,33.416921228170395,0
298988,104,185,0.20608949661254883,33.623010724782944,0
298989,104,186,0.20337459444999695,33.82638531923294,0
298990,104,187,0.2020711749792099,34.02845649421215,0
298991,104,188,0.2016208916902542,34.230077385902405,0
298992,104,189,0.2028450220823288,34.432922407984734,0
298993,104,190,0.21492932736873627,34.64785173535347,0
298994,104,191,0.21167871356010437,34.859530448913574,0
298995,104,192,0.2119912952184677,35.07152174413204,0
298996,104,193,0.20918098092079163,35.280702725052834,0
298997,104,194,0.21239565312862396,35.49309837818146,0
298998,104,195,0.21371787786483765,35.706816256046295,0
298999,104,196,0.20806938409805298,35.91488564014435,0
299000,104,197,0.21769505739212036,36.13258069753647,0
299001,104,198,0.2138369083404541,36.34641760587692,0
299002,104,199,0.21762412786483765,36.56404173374176,0
299003,104,200,0.21357211470603943,36.7776138484478,0
299004,104,201,0.20708878338336945,36.98470263183117,0
299005,104,202,0.21982434391975403,37.20452697575092,0
299006,104,203,0.21650032699108124,37.421027302742004,0
299007,104,204,0.22000660002231598,37.64103390276432,0
299008,104,205,0.22015754878520966,37.86119145154953,0
299009,104,206,0.21570689976215363,38.076898351311684,0
299010,104,207,0.21210084855556488,38.28899919986725,0
299011,104,208,0.2106572389602661,38.499656438827515,0
299012,104,209,0.21005620062351227,38.70971263945103,0
299013,104,210,0.21034696698188782,38.920059606432915,0
299014,104,211,0.2229321300983429,39.14299173653126,0
299015,104,212,0.22129055857658386,39.36428229510784,0
299016,104,213,0.2113177627325058,39.57560005784035,0
299017,104,214,0.22183747589588165,39.79743753373623,0
299018,104,215,0.21790917217731476,40.015346705913544,0
299019,104,216,0.2234390676021576,40.2387857735157,0
299020,104,217,0.22105246782302856,40.45983824133873,0
299021,104,218,0.22612400352954865,40.68596224486828,0
299022,104,219,0.22182419896125793,40.907786443829536,0
299023,104,220,0.22764134407043457,41.13542778789997,0
299024,104,221,0.2238650619983673,41.35929284989834,0
299025,104,222,0.22122937440872192,41.58052222430706,0
299026,104,223,0.2175421118736267,41.79806433618069,0
299027,104,224,0.23132391273975372,42.02938824892044,0
299028,104,225,0.23043370246887207,42.25982195138931,0
299029,104,226,0.23295769095420837,42.49277964234352,0
299030,104,227,0.22964368760585785,42.72242332994938,0
299031,104,228,0.22682121396064758,42.94924454391003,0
299032,104,229,0.22491328418254852,43.174157828092575,0
299033,104,230,0.2239372432231903,43.398095071315765,0
299034,104,231,0.22443635761737823,43.622531428933144,0
299035,104,232,0.2257147580385208,43.848246186971664,0
299036,104,233,0.2273567020893097,44.075602889060974,0
299037,104,234,0.24048344790935516,44.31608633697033,0
299038,104,235,0.23476018011569977,44.55084651708603,0
299039,104,236,0.2320358157157898,44.78288233280182,0
299040,104,237,0.2308219075202942,45.01370424032211,0
299041,104,238,0.2301873117685318,45.243891552090645,0
299042,104,239,0.23066340386867523,45.47455495595932,0
299043,104,240,0.23218156397342682,45.70673651993275,0
299044,104,241,0.2339320331811905,45.94066855311394,0
299045,104,242,0.235974982380867,46.176643535494804,0
299046,104,243,0.23819449543952942,46.414838030934334,0
299047,104,244,0.24053102731704712,46.65536905825138,0
299048,104,245,0.2429579794406891,46.89832703769207,0
299049,104,246,0.2566324472427368,47.15495948493481,0
299050,104,247,0.25680795311927795,47.411767438054085,0
299051,104,248,0.25821951031684875,47.66998694837093,0
299052,104,249,0.2563212215900421,47.926308169960976,0
299053,104,250,0.2532518804073334,48.17956005036831,0
299054,104,251,0.2515966594219208,48.43115670979023,0
299055,104,252,0.251956582069397,48.68311329185963,0
299056,104,253,0.2537945508956909,48.93690784275532,0
299057,104,254,0.2564651668071747,49.19337300956249,0
299058,104,255,0.2596115171909332,49.452984526753426,0
299059,104,256,0.26287841796875,49.715862944722176,0
299060,104,257,0.26614910364151,49.982012048363686,0
299061,104,258,0.2806524336338043,50.26266448199749,0
299062,104,259,0.27737849950790405,50.540042981505394,0
299063,104,260,0.2839295268058777,50.82397250831127,0
299064,104,261,0.2833973467350006,51.10736985504627,0
299065,104,262,0.2813296616077423,51.388699516654015,0
299066,104,263,0.29085761308670044,51.679557129740715,0
299067,104,264,0.2927827835083008,51.972339913249016,0
299068,104,265,0.2903001010417938,52.26264001429081,0
299069,104,266,0.3018655478954315,52.56450556218624,0
299070,104,267,0.3000558912754059,52.86456145346165,0
299071,104,268,0.3065264821052551,53.1710879355669,0
299072,104,269,0.30795204639434814,53.47903998196125,0
299073,104,270,0.3056328594684601,53.78467284142971,0
299074,104,271,0.30386582016944885,54.08853866159916,0
299075,104,272,0.3044058382511139,54.39294449985027,0
299076,104,273,0.3201307952404022,54.713075295090675,0
299077,104,274,0.3207302391529083,55.033805534243584,0
299078,104,275,0.31344303488731384,55.3472485691309,0
299079,104,276,0.3115060031414032,55.6587545722723,0
299080,104,277,0.313457190990448,55.97221176326275,0
299081,104,278,0.3161979019641876,56.288409665226936,0
299082,104,279,0.31987348198890686,56.60828314721584,0
299083,104,280,0.32297298312187195,56.931256130337715,0
299084,104,281,0.3372914791107178,57.26854760944843,0
299085,104,282,0.33240360021591187,57.600951209664345,0
299086,104,283,0.33092254400253296,57.93187375366688,0
299087,104,284,0.32970282435417175,58.26157657802105,0
299088,104,285,0.33080267906188965,58.59237925708294,0
299089,104,286,0.33206140995025635,58.924440667033195,0
299090,104,287,0.33411961793899536,59.25856028497219,0
299091,104,288,0.33709728717803955,59.59565757215023,0
299092,104,289,0.3513047397136688,59.9469623118639,0
299093,104,290,0.3470999002456665,60.294062212109566,0
299094,104,291,0.34514519572257996,60.639207407832146,0
299095,104,292,0.3549591898918152,60.99416659772396,0
299096,104,293,0.35304418206214905,61.34721077978611,0
299097,104,294,0.3503907024860382,61.69760148227215,0
299098,104,295,0.3601400852203369,62.057741567492485,0
299099,104,296,0.3592011332511902,62.416942700743675,0
299100,104,297,0.3563229441642761,62.77326564490795,0
299101,104,298,0.3539688289165497,63.1272344738245,0
299102,104,299,0.355612188577652,63.48284666240215,0
299103,104,300,0.3689902722835541,63.85183693468571,0
299104,104,301,0.3670007288455963,64.2188376635313,0
299105,104,302,0.3705506920814514,64.58938835561275,0
299106,104,303,0.3687615692615509,64.9581499248743,0
299107,104,304,0.3653440773487091,65.32349400222301,0
299108,104,305,0.36348533630371094,65.68697933852673,0
299109,104,306,0.36410704255104065,66.05108638107777,0
299110,104,307,0.3660781681537628,66.41716454923153,0
299111,104,308,0.36887240409851074,66.78603695333004,0
299112,104,309,0.37246501445770264,67.15850196778774,0
299113,104,310,0.37589186429977417,67.53439383208752,0
299114,104,311,0.3794597089290619,67.91385354101658,0
299115,104,312,0.39445245265960693,68.30830599367619,0
299116,104,313,0.39046022295951843,68.6987662166357,0
299117,104,314,0.39591869711875916,69.09468491375446,0
299118,104,315,0.3965308666229248,69.49121578037739,0
299119,104,316,0.39515259861946106,69.88636837899685,0
299120,104,317,0.3937523066997528,70.2801206856966,0
299121,104,318,0.3960898220539093,70.67621050775051,0
299122,104,319,0.39878717064857483,71.07499767839909,0
299123,104,320,0.402237206697464,71.47723488509655,0
299124,104,321,0.41858622431755066,71.8958211094141,0
299125,104,322,0.41594499349594116,72.31176610291004,0
299126,104,323,0.41513001918792725,72.72689612209797,0
299127,104,324,0.4274507462978363,73.1543468683958,0
299128,104,325,0.42886894941329956,73.5832158178091,0
299129,104,326,0.429487407207489,74.0127032250166,0
299130,104,327,0.429823637008667,74.44252686202526,0
299131,104,328,0.4314214885234833,74.87394835054874,0
299132,104,329,0.43460673093795776,75.3085550814867,0
299133,104,330,0.43895861506462097,75.74751369655132,0
299134,104,331,0.44431304931640625,76.19182674586773,0
299135,104,332,0.44968029856681824,76.64150704443455,0
299136,104,333,0.4551562964916229,77.09666334092617,0
299137,104,334,0.46070149540901184,77.55736483633518,0
299138,104,335,0.4776518940925598,78.03501673042774,0
299139,104,336,0.4753134250640869,78.51033015549183,0
299140,104,337,0.47627729177474976,78.98660744726658,0
299141,104,338,0.4900478720664978,79.47665531933308,0
299142,104,339,0.49219152331352234,79.9688468426466,0
299143,104,340,0.4903607666492462,80.45920760929585,0
299144,104,341,0.5075061321258545,80.9667137414217,0
299145,104,342,0.509502649307251,81.47621639072895,0
299146,104,343,0.5070477724075317,81.98326416313648,0
299147,104,344,0.5063388347625732,82.48960299789906,0
299148,104,345,0.523906409740448,83.0135094076395,0
299149,104,346,0.5262240171432495,83.53973342478275,0
299150,104,347,0.5264601707458496,84.0661935955286,0
299151,104,348,0.530492901802063,84.59668649733067,0
299152,104,349,0.5461422204971313,85.1428287178278,0
299153,104,350,0.5473634600639343,85.69019217789173,0
299154,104,351,0.5475198030471802,86.23771198093891,0
299155,104,352,0.551060676574707,86.78877265751362,0
299156,104,353,0.5545854568481445,87.34335811436176,0
299157,104,354,0.5720974206924438,87.9154555350542,0
299158,104,355,0.571049153804779,88.48650468885899,0
299159,104,356,0.5712565183639526,89.05776120722294,0
299160,104,357,0.583484411239624,89.64124561846256,0
299161,104,358,0.5846728086471558,90.22591842710972,0
299162,104,359,0.5846276879310608,90.81054611504078,0
299163,104,360,0.5848928093910217,91.3954389244318,0
299164,104,361,0.6044891476631165,91.99992807209492,0
299165,104,362,0.6051852107048035,92.60511328279972,0
299166,104,363,0.6055496335029602,93.21066291630268,0
299167,104,364,0.6073626279830933,93.81802554428577,0
299168,104,365,0.624478280544281,94.44250382483006,0
299169,104,366,0.6243897080421448,95.0668935328722,0
299170,104,367,0.6325536966323853,95.69944722950459,0
299171,104,368,0.632591724395752,96.33203895390034,0
299172,104,369,0.6435101628303528,96.97554911673069,0
299173,104,370,0.6475552320480347,97.62310434877872,0
299174,104,371,0.6559889912605286,98.27909334003925,0
299175,104,372,0.6551559567451477,98.9342492967844,0
299176,104,373,0.6631988883018494,99.59744818508625,0
299177,104,374,0.6653674840927124,100.26281566917896,0
299178,104,375,0.6638480424880981,100.92666371166706,0
299179,104,376,0.6631457209587097,101.58980943262577,0
299180,104,377,0.6664231419563293,102.2562325745821,0
299181,104,378,0.6700854301452637,102.92631800472736,0
299182,104,379,0.6871250867843628,103.61344309151173,0
299183,104,380,0.6871510148048401,104.30059410631657,0
299184,104,381,0.6951351761817932,104.99572928249836,0
299185,104,382,0.6992459297180176,105.69497521221638,0
299186,104,383,0.7028979063034058,106.39787311851978,0
299187,104,384,0.7076806426048279,107.10555376112461,0
299188,104,385,0.7117940783500671,107.81734783947468,0
299189,104,386,0.7171351313591003,108.53448297083378,0
299190,104,387,0.7197859883308411,109.25426895916462,0
299191,104,388,0.7280977964401245,109.98236675560474,0
299192,104,389,0.7261908650398254,110.70855762064457,0
299193,104,390,0.7271263003349304,111.4356839209795,0
299194,104,391,0.7272934317588806,112.16297735273838,0
299195,104,392,0.7300397753715515,112.89301712810993,0
299196,104,393,0.7344236969947815,113.62744082510471,0
299197,104,394,0.7397208213806152,114.36716164648533,0
299198,104,395,0.7571505308151245,115.12431217730045,0
299199,104,396,0.7566607594490051,115.88097293674946,0
299200,104,397,0.7586871981620789,116.63966013491154,0
299201,104,398,0.7600351572036743,117.39969529211521,0
299202,104,399,0.774933397769928,118.17462868988514,0
299203,104,400,0.7752588391304016,118.94988752901554,0
299204,104,401,0.7837328910827637,119.7336204200983,0
299205,104,402,0.7847982048988342,120.51841862499714,0
299206,104,403,0.7927795052528381,121.31119813024998,0
299207,104,404,0.7924706935882568,122.10366882383823,0
299208,104,405,0.803797721862793,122.90746654570103,0
299209,104,406,0.8073150515556335,123.71478159725666,0
299210,104,407,0.816985547542572,124.53176714479923,0
299211,104,408,0.8205080032348633,125.3522751480341,0
299212,104,409,0.8263524174690247,126.17862756550312,0
299213,104,410,0.8262472152709961,127.00487478077412,0
299214,104,411,0.826231837272644,127.83110661804676,0
299215,104,412,0.8437665700912476,128.674873188138,0
299216,104,413,0.846823513507843,129.52169670164585,0
299217,104,414,0.8502132892608643,130.37190999090672,0
299218,104,415,0.8655010461807251,131.23741103708744,0
299219,104,416,0.8671911358833313,132.10460217297077,0
299220,104,417,0.876026451587677,132.98062862455845,0
299221,104,418,0.8795264363288879,133.86015506088734,0
299222,104,419,0.8785960674285889,134.73875112831593,0
299223,104,420,0.8789392113685608,135.6176903396845,0
299224,104,421,0.8844351172447205,136.5021254569292,0
299225,104,422,0.8899982571601868,137.3921237140894,0
299226,104,423,0.8970902562141418,138.28921397030354,0
299227,104,424,0.9050993919372559,139.1943133622408,0
299228,104,425,0.9136987328529358,140.10801209509373,0
299229,104,426,0.9227109551429749,141.0307230502367,0
299230,104,427,0.9320003986358643,141.96272344887257,0
299231,104,428,0.9416663646697998,142.90438981354237,0
299232,104,429,0.9516952633857727,143.85608507692814,0
299233,104,430,0.9734780192375183,144.82956309616566,0
299234,104,431,0.9757306575775146,145.80529375374317,0
299235,104,432,0.9811883568763733,146.78648211061954,0
299236,104,433,0.9893144369125366,147.77579654753208,0
299237,104,434,1.0090341567993164,148.7848307043314,0
299238,104,435,1.0135033130645752,149.79833401739597,0
299239,104,436,1.0261784791946411,150.82451249659061,0
299240,104,437,1.0343070030212402,151.85881949961185,0
299241,104,438,1.0417066812515259,152.90052618086338,0
299242,104,439,1.0463812351226807,153.94690741598606,0
299243,104,440,1.0535370111465454,155.0004444271326,0
299244,104,441,1.0759660005569458,156.07641042768955,0
299245,104,442,1.0694553852081299,157.14586581289768,0
299246,104,443,1.0555965900421143,158.2014624029398,0
299247,104,444,1.0450732707977295,159.24653567373753,0
299248,104,445,1.035676121711731,160.28221179544926,0
299249,104,446,1.025911808013916,161.30812360346317,0
299250,104,447,1.028197169303894,162.33632077276707,0
299251,104,448,1.0128400325775146,163.34916080534458,0
299252,104,449,0.9995558261871338,164.34871663153172,0
299253,104,450,0.9885662794113159,165.33728291094303,0
299254,104,451,0.9793629050254822,166.3166458159685,0
299255,104,452,0.9697097539901733,167.2863555699587,0
299256,104,453,0.9603570699691772,168.24671263992786,0
299257,104,454,0.9511027932167053,169.19781543314457,0
299258,104,455,0.9422324299812317,170.1400478631258,0
299259,104,456,0.933307409286499,171.0733552724123,0
299260,104,457,0.9241743683815002,171.9975296407938,0
299261,104,458,0.9149032831192017,172.912432923913,0
299262,104,459,0.9170750379562378,173.82950796186924,0
299263,104,460,0.9035540819168091,174.73306204378605,0
299264,104,461,0.8840039372444153,175.61706598103046,0
299265,104,462,0.8848856091499329,176.5019515901804,0
299266,104,463,0.8743788599967957,177.3763304501772,0
299267,104,464,0.8662248253822327,178.24255527555943,0
299268,104,465,0.8543868064880371,179.09694208204746,0
299269,104,466,0.8523330092430115,179.94927509129047,0
299270,104,467,0.8435729742050171,180.7928480654955,0
299271,104,468,0.8297027945518494,181.62255086004734,0
299272,104,469,0.8306336998939514,182.4531845599413,0
299273,104,470,0.8222249150276184,183.2754094749689,0
299274,104,471,0.8105113506317139,184.08592082560062,0
299275,104,472,0.8010275959968567,184.88694842159748,0
299276,104,473,0.8017311692237854,185.68867959082127,0
299277,104,474,0.7963100671768188,186.48498965799809,0
299278,104,475,0.7869344353675842,187.27192409336567,0
299279,104,476,0.7838643193244934,188.05578841269016,0
299280,104,477,0.7726204991340637,188.82840891182423,0
299281,104,478,0.769700288772583,189.5981092005968,0
299282,104,479,0.7654456496238708,190.36355485022068,0
299283,104,480,0.7546448707580566,191.11819972097874,0
299284,104,481,0.7512305974960327,191.86943031847477,0
299285,104,482,0.7481986284255981,192.61762894690037,0
299286,104,483,0.7407857179641724,193.35841466486454,0
299287,104,484,0.7310857772827148,194.08950044214725,0
299288,104,485,0.7226657271385193,194.81216616928577,0
299289,104,486,0.7154133915901184,195.5275795608759,0
299290,104,487,0.7208291292190552,196.24840869009495,0
299291,104,488,0.7108904123306274,196.95929910242558,0
299292,104,489,0.7007394433021545,197.66003854572773,0
299293,104,490,0.691596508026123,198.35163505375385,0
299294,104,491,0.6835591793060303,199.03519423305988,0
299295,104,492,0.6763770580291748,199.71157129108906,0
299296,104,493,0.6710124611854553,200.3825837522745,0
299297,104,494,0.6647193431854248,201.04730309545994,0
299298,104,495,0.6583905220031738,201.7056936174631,0
299299,104,496,0.652381181716919,202.35807479918003,0
299300,104,497,0.6463366150856018,203.00441141426563,0
299301,104,498,0.6399022340774536,203.6443136483431,0
299302,104,499,0.6332727670669556,204.27758641541004,0
299303,104,500,0.6268177628517151,204.90440417826176,0
299304,104,501,0.631763756275177,205.53616793453693,0
299305,104,502,0.6201217174530029,206.15628965198994,0
299306,104,503,0.6004742383956909,206.75676389038563,0
299307,104,504,0.5874557495117188,207.34421963989735,0
299308,104,505,0.5969548225402832,207.94117446243763,0
299309,104,506,0.5930951833724976,208.53426964581013,0
299310,104,507,0.5796564221382141,209.11392606794834,0
299311,104,508,0.5685417652130127,209.68246783316135,0
299312,104,509,0.5595975518226624,210.24206538498402,0
299313,104,510,0.5664700269699097,210.80853541195393,0
299314,104,511,0.5563939213752747,211.3649293333292,0
299315,104,512,0.5465895533561707,211.91151888668537,0
299316,104,513,0.5383791327476501,212.44989801943302,0
299317,104,514,0.5319932103157043,212.98189122974873,0
299318,104,515,0.5257524251937866,213.5076436549425,0
299319,104,516,0.5204160809516907,214.0280597358942,0
299320,104,517,0.5150884389877319,214.54314817488194,0
299321,104,518,0.5102120041847229,215.05336017906666,0
299322,104,519,0.5050778388977051,215.55843801796436,0
299323,104,520,0.49988171458244324,216.0583197325468,0
299324,104,521,0.494684100151062,216.55300383269787,0
299325,104,522,0.48942697048187256,217.04243080317974,0
299326,104,523,0.4955138564109802,217.53794465959072,0
299327,104,524,0.48345455527305603,218.02139921486378,0
299328,104,525,0.47984886169433594,218.5012480765581,0
299329,104,526,0.467650443315506,218.96889851987362,0
299330,104,527,0.47106069326400757,219.43995921313763,0
299331,104,528,0.46344566345214844,219.90340487658978,0
299332,104,529,0.46076318621635437,220.36416806280613,0
299333,104,530,0.4564565420150757,220.8206246048212,0
299334,104,531,0.45308801531791687,221.27371262013912,0
299335,104,532,0.44352930784225464,221.71724192798138,0
299336,104,533,0.436409056186676,222.15365098416805,0
299337,104,534,0.44441208243370056,222.59806306660175,0
299338,104,535,0.4387018382549286,223.03676490485668,0
299339,104,536,0.437492311000824,223.4742572158575,0
299340,104,537,0.43232524394989014,223.9065824598074,0
299341,104,538,0.4227041006088257,224.32928656041622,0
299342,104,539,0.4140368402004242,224.74332340061665,0
299343,104,540,0.40815478563308716,225.15147818624973,0
299344,104,541,0.4185875952243805,225.5700657814741,0
299345,104,542,0.41219478845596313,225.98226056993008,0
299346,104,543,0.4091759920120239,226.3914365619421,0
299347,104,544,0.40459010004997253,226.79602666199207,0
299348,104,545,0.3963548541069031,227.19238151609898,0
299349,104,546,0.3917391300201416,227.58412064611912,0
299350,104,547,0.4015038013458252,227.98562444746494,0
299351,104,548,0.3965199291706085,228.38214437663555,0
299352,104,549,0.3980228900909424,228.7801672667265,0
299353,104,550,0.39331868290901184,229.1734859496355,0
299354,104,551,0.38906246423721313,229.56254841387272,0
299355,104,552,0.3912358283996582,229.95378424227238,0
299356,104,553,0.3884304463863373,230.34221468865871,0
299357,104,554,0.38388100266456604,230.72609569132328,0
299358,104,555,0.377204567193985,231.10330025851727,0
299359,104,556,0.3741580545902252,231.4774583131075,0
299360,104,557,0.3718959391117096,231.8493542522192,0
299361,104,558,0.3695777952671051,232.2189320474863,0
299362,104,559,0.3686680793762207,232.58760012686253,0
299363,104,560,0.3706393539905548,232.95823948085308,0
299364,104,561,0.36400920152664185,233.32224868237972,0
299365,104,562,0.3602098822593689,233.6824585646391,0
299366,104,563,0.3558230698108673,234.03828163444996,0
299367,104,564,0.3526095449924469,234.3908911794424,0
299368,104,565,0.3497658371925354,234.74065701663494,0
299369,104,566,0.34756505489349365,235.08822207152843,0
299370,104,567,0.34520968794822693,235.43343175947666,0
299371,104,568,0.3484579920768738,235.78188975155354,0
299372,104,569,0.3455217182636261,236.12741146981716,0
299373,104,570,0.3381652235984802,236.46557669341564,0
299374,104,571,0.3429645299911499,236.8085412234068,0
299375,104,572,0.3363385796546936,237.14487980306149,0
299376,104,573,0.32921382784843445,237.47409363090992,0
299377,104,574,0.3246975243091583,237.79879115521908,0
299378,104,575,0.31957560777664185,238.11836676299572,0
299379,104,576,0.328811913728714,238.44717867672443,0
299380,104,577,0.3235628306865692,238.770741507411,0
299381,104,578,0.31787922978401184,239.08862073719501,0
299382,104,579,0.3121231198310852,239.4007438570261,0
299383,104,580,0.30932143330574036,239.71006529033184,0
299384,104,581,0.3072056472301483,240.017270937562,0
299385,104,582,0.3044500946998596,240.32172103226185,0
299386,104,583,0.3020716607570648,240.6237926930189,0
299387,104,584,0.29969581961631775,240.92348851263523,0
299388,104,585,0.2972879111766815,241.2207764238119,0
299389,104,586,0.29479852318763733,241.51557494699955,0
299390,104,587,0.29222503304481506,241.80779998004436,0
299391,104,588,0.30103209614753723,242.1088320761919,0
299392,104,589,0.2949785590171814,242.40381063520908,0
299393,104,590,0.29181769490242004,242.6956283301115,0
299394,104,591,0.28579479455947876,242.98142312467098,0
299395,104,592,0.2853087782859802,243.26673190295696,0
299396,104,593,0.2843472361564636,243.55107913911343,0
299397,104,594,0.2784741520881653,243.8295532912016,0
299398,104,595,0.2711328864097595,244.10068617761135,0
299399,104,596,0.27800074219703674,244.3786869198084,0
299400,104,597,0.2716705799102783,244.65035749971867,0
299401,104,598,0.2646748423576355,244.9150323420763,0
299402,104,599,0.25850141048431396,245.17353375256062,0
299403,104,600,0.25510329008102417,245.42863704264164,0
299404,104,601,0.2534160017967224,245.68205304443836,0
299405,104,602,0.2639082372188568,245.94596128165722,0
299406,104,603,0.25581854581832886,246.20177982747555,0
299407,104,604,0.25645044445991516,246.45823027193546,0
299408,104,605,0.25549936294555664,246.71372963488102,0
299409,104,606,0.2503734230995178,246.96410305798054,0
299410,104,607,0.24434858560562134,247.20845164358616,0
299411,104,608,0.2408486306667328,247.4493002742529,0
299412,104,609,0.2381196767091751,247.68741995096207,0
299413,104,610,0.2361547201871872,247.92357467114925,0
299414,104,611,0.23453328013420105,248.15810795128345,0
299415,104,612,0.23312164843082428,248.39122959971428,0
299416,104,613,0.23175762593746185,248.62298722565174,0
299417,104,614,0.2419462949037552,248.8649335205555,0
299418,104,615,0.23307429254055023,249.09800781309605,0
299419,104,616,0.22672732174396515,249.32473513484,0
299420,104,617,0.23148515820503235,249.55622029304504,0
299421,104,618,0.225807785987854,249.7820280790329,0
299422,104,619,0.2196730375289917,250.0017011165619,0
299423,104,620,0.22405894100666046,250.22576005756855,0
299424,104,621,0.21961610019207,250.44537615776062,0
299425,104,622,0.21387822926044464,250.65925438702106,0
299426,104,623,0.20841526985168457,250.86766965687275,0
299427,104,624,0.20477057993412018,251.07244023680687,0
299428,104,625,0.21521607041358948,251.28765630722046,0
299429,104,626,0.2098238170146942,251.49748012423515,0
299430,104,627,0.2095150351524353,251.7069951593876,0
299431,104,628,0.20561140775680542,251.9126065671444,0
299432,104,629,0.2068733274936676,252.11947989463806,0
299433,104,630,0.20445366203784943,252.3239335566759,0
299434,104,631,0.19766654074192047,252.52160009741783,0
299435,104,632,0.1958056390285492,252.71740573644638,0
299436,104,633,0.20769444108009338,252.92510017752647,0
299437,104,634,0.20321188867092133,253.1283120661974,0
299438,104,635,0.19286257028579712,253.3211746364832,0
299439,104,636,0.2044670581817627,253.52564169466496,0
299440,104,637,0.20274674892425537,253.7283884435892,0
299441,104,638,0.19596099853515625,253.92434944212437,0
299442,104,639,0.19143836200237274,254.11578780412674,0
299443,104,640,0.18938973546028137,254.30517753958702,0
299444,104,641,0.18843242526054382,254.49360996484756,0
299445,104,642,0.20090097188949585,254.69451093673706,0
299446,104,643,0.19760781526565552,254.89211875200272,0
299447,104,644,0.19592954218387604,255.0880482941866,0
299448,104,645,0.19425642490386963,255.28230471909046,0
299449,104,646,0.19545599818229675,255.47776071727276,0
299450,104,647,0.19437859952449799,255.67213931679726,0
299451,104,648,0.19690126180648804,255.86904057860374,0
299452,104,649,0.1908591389656067,256.05989971756935,0
299453,104,650,0.1844642013311386,256.2443639189005,0
299454,104,651,0.1805564910173416,256.42492040991783,0
299455,104,652,0.17888937890529633,256.6038097888231,0
299456,104,653,0.1784287542104721,256.7822385430336,0
299457,104,654,0.17877313494682312,256.9610116779804,0
299458,104,655,0.17896096408367157,257.1399726420641,0
299459,104,656,0.17902563512325287,257.31899827718735,0
299460,104,657,0.17896807193756104,257.4979663491249,0
299461,104,658,0.1901986002922058,257.6881649494171,0
299462,104,659,0.1827385276556015,257.8709034770727,0
299463,104,660,0.17915703356266022,258.0500605106354,0
299464,104,661,0.1763705611228943,258.22643107175827,0
299465,104,662,0.17415249347686768,258.40058356523514,0
299466,104,663,0.17371584475040436,258.57429940998554,0
299467,104,664,0.18449567258358002,258.7587950825691,0
299468,104,665,0.17718684673309326,258.9359819293022,0
299469,104,666,0.1717112809419632,259.1076932102442,0
299470,104,667,0.167515829205513,259.2752090394497,0
299471,104,668,0.16469326615333557,259.439902305603,0
299472,104,669,0.1748950481414795,259.6147973537445,0
299473,104,670,0.16814792156219482,259.7829452753067,0
299474,104,671,0.16459448635578156,259.9475397616625,0
299475,104,672,0.16024596989154816,260.10778573155403,0
299476,104,673,0.1573083996772766,260.2650941312313,0
299477,104,674,0.16801968216896057,260.43311381340027,0
299478,104,675,0.1620888113975525,260.5952026247978,0
299479,104,676,0.16525720059871674,260.76045982539654,0
299480,104,677,0.1624670922756195,260.92292691767216,0
299481,104,678,0.1574554592370987,261.08038237690926,0
299482,104,679,0.15445348620414734,261.2348358631134,0
299483,104,680,0.1505052000284195,261.3853410631418,0
299484,104,681,0.1482383757829666,261.5335794389248,0
299485,104,682,0.14730359613895416,261.68088303506374,0
299486,104,683,0.14719007909297943,261.8280731141567,0
299487,104,684,0.15840350091457367,261.9864766150713,0
299488,104,685,0.15344658493995667,262.13992320001125,0
299489,104,686,0.15201181173324585,262.2919350117445,0
299490,104,687,0.14739945530891418,262.4393344670534,0
299491,104,688,0.1499340534210205,262.58926852047443,0
299492,104,689,0.1477200835943222,262.73698860406876,0
299493,104,690,0.14935116469860077,262.88633976876736,0
299494,104,691,0.14139318466186523,263.0277329534292,0
299495,104,692,0.1485789269208908,263.1763118803501,0
299496,104,693,0.14410728216171265,263.3204191625118,0
299497,104,694,0.13771261274814606,263.45813177526,0
299498,104,695,0.1318311095237732,263.58996288478374,0
299499,104,696,0.12940838932991028,263.71937127411366,0
299500,104,697,0.12881824374198914,263.84818951785564,0
299501,104,698,0.12827445566654205,263.9764639735222,0
299502,104,699,0.1282701939344406,264.1047341674566,0
299503,104,700,0.1280764490365982,264.2328106164932,0
299504,104,701,0.12777051329612732,264.36058112978935,0
299505,104,702,0.12738828361034393,264.4879694133997,0
299506,104,703,0.126937136054039,264.61490654945374,0
299507,104,704,0.12643437087535858,264.7413409203291,0
299508,104,705,0.12589865922927856,264.8672395795584,0
299509,104,706,0.1253664642572403,264.9926060438156,0
299510,104,707,0.13636644184589386,265.1289724856615,0
299511,104,708,0.12962166965007782,265.2585941553116,0
299512,104,709,0.12466268241405487,265.38325683772564,0
299513,104,710,0.12162070721387863,265.5048775449395,0
299514,104,711,0.1301989108324051,265.6350764557719,0
299515,104,712,0.12599755823612213,265.76107401400805,0
299516,104,713,0.12785470485687256,265.8889287188649,0
299517,104,714,0.12366998195648193,266.0125987008214,0
299518,104,715,0.11759532988071442,266.1301940307021,0
299519,104,716,0.12642034888267517,266.2566143795848,0
299520,104,717,0.1239437609910965,266.3805581405759,0
299521,104,718,0.12703314423561096,266.5075912848115,0
299522,104,719,0.12533587217330933,266.6329271569848,0
299523,104,720,0.11855768412351608,266.7514848411083,0
299524,104,721,0.11580698937177658,266.8672918304801,0
299525,104,722,0.1140730232000351,266.98136485368013,0
299526,104,723,0.1278807371854782,267.1092455908656,0
299527,104,724,0.12116262316703796,267.23040821403265,0
299528,104,725,0.1178295835852623,267.3482377976179,0
299529,104,726,0.1262454390525818,267.4744832366705,0
299530,104,727,0.12043111026287079,267.59491434693336,0
299531,104,728,0.1131635308265686,267.70807787775993,0
299532,104,729,0.10965610295534134,267.8177339807153,0
299533,104,730,0.10913318395614624,267.9268671646714,0
299534,104,731,0.11005355417728424,268.0369207188487,0
299535,104,732,0.12393666803836823,268.1608573868871,0
299536,104,733,0.12106306850910187,268.2819204553962,0
299537,104,734,0.1200271025300026,268.4019475579262,0
299538,104,735,0.11896622180938721,268.52091377973557,0
299539,104,736,0.11501576751470566,268.63592954725027,0
299540,104,737,0.11141674965620041,268.74734629690647,0
299541,104,738,0.11173586547374725,268.8590821623802,0
299542,104,739,0.1119910404086113,268.97107320278883,0
299543,104,740,0.11234790831804276,269.0834211111069,0
299544,104,741,0.125006303191185,269.20842741429806,0
299545,104,742,0.11814464628696442,269.326572060585,0
299546,104,743,0.11350911855697632,269.440081179142,0
299547,104,744,0.11029881238937378,269.5503799915314,0
299548,104,745,0.12097001820802689,269.6713500097394,0
299549,104,746,0.1155691146850586,269.78691912442446,0
299550,104,747,0.11378861963748932,269.90070774406195,0
299551,104,748,0.11015858501195908,270.0108663290739,0
299552,104,749,0.10808254033327103,270.1189488694072,0
299553,104,750,0.1072966605424881,270.22624552994967,0
299554,104,751,0.10729902982711792,270.3335445597768,0
299555,104,752,0.10789740085601807,270.4414419606328,0
299556,104,753,0.10857181996107101,270.5500137805939,0
299557,104,754,0.1207674965262413,270.6707812771201,0
299558,104,755,0.11846919357776642,270.7892504706979,0
299559,104,756,0.11836107820272446,270.9076115489006,0
299560,104,757,0.11495079100131989,271.0225623399019,0
299561,104,758,0.11721736937761307,271.13977970927954,0
299562,104,759,0.11706576496362686,271.25684547424316,0
299563,104,760,0.11877518147230148,271.37562065571547,0
299564,104,761,0.11323915421962738,271.4888598099351,0
299565,104,762,0.1071043610572815,271.5959641709924,0
299566,104,763,0.10341593623161316,271.699380107224,0
299567,104,764,0.11679959297180176,271.8161797001958,0
299568,104,765,0.11445676535367966,271.93063646554947,0
299569,104,766,0.10968881845474243,272.0403252840042,0
299570,104,767,0.10609316825866699,272.1464184522629,0
299571,104,768,0.10399957001209259,272.25041802227497,0
299572,104,769,0.10307440906763077,272.3534924313426,0
299573,104,770,0.10329616814851761,272.4567885994911,0
299574,104,771,0.10372766107320786,272.5605162605643,0
299575,104,772,0.115807443857193,272.6763237044215,0
299576,104,773,0.10858441144227982,272.7849081158638,0
299577,104,774,0.10359184443950653,272.8884999603033,0
299578,104,775,0.0999574065208435,272.98845736682415,0
299579,104,776,0.09786807745695114,273.0863254442811,0
299580,104,777,0.09781232476234436,273.18413776904345,0
299581,104,778,0.09788043051958084,273.282018199563,0
299582,104,779,0.09772597253322601,273.37974417209625,0
299583,104,780,0.09774192422628403,273.47748609632254,0
299584,104,781,0.0978580191731453,273.5753441154957,0
299585,104,782,0.10963656008243561,273.6849806755781,0
299586,104,783,0.10387865453958511,273.7888593301177,0
299587,104,784,0.09936802834272385,273.8882273584604,0
299588,104,785,0.0956205278635025,273.98384788632393,0
299589,104,786,0.10606649518013,274.08991438150406,0
299590,104,787,0.100905641913414,274.1908200234175,0
299591,104,788,0.09588081389665604,274.28670083731413,0
299592,104,789,0.10184668749570847,274.38854752480984,0
299593,104,790,0.10089381784200668,274.48944134265184,0
299594,104,791,0.09577210247516632,274.585213445127,0
299595,104,792,0.09270557016134262,274.67791901528835,0
299596,104,793,0.08979404717683792,274.7677130624652,0
299597,104,794,0.10097576677799225,274.8686888292432,0
299598,104,795,0.0952865406870842,274.96397536993027,0
299599,104,796,0.09903915971517563,275.06301452964544,0
299600,104,797,0.0987023264169693,275.1617168560624,0
299601,104,798,0.09372423589229584,275.2554410919547,0
299602,104,799,0.08869031071662903,275.34413140267134,0
299603,104,800,0.08533132076263428,275.42946272343397,0
299604,104,801,0.08519700914621353,275.5146597325802,0
299605,104,802,0.08557280898094177,275.6002325415611,0
299606,104,803,0.08574424684047699,275.6859767884016,0
299607,104,804,0.08649320900440216,275.772469997406,0
299608,104,805,0.08682283759117126,275.8592928349972,0
299609,104,806,0.08714152872562408,275.9464343637228,0
299610,104,807,0.09904084354639053,276.0454752072692,0
299611,104,808,0.09682353585958481,276.1422987431288,0
299612,104,809,0.08462480455636978,276.22692354768515,0
299613,104,810,0.07924098521471024,276.30616453289986,0
299614,104,811,0.09481053054332733,276.4009750634432,0
299615,104,812,0.08922813832759857,276.4902032017708,0
299616,104,813,0.09451867640018463,276.58472187817097,0
299617,104,814,0.09130261838436127,276.6760244965553,0
299618,104,815,0.08331675827503204,276.75934125483036,0
299619,104,816,0.07867547124624252,276.8380167260766,0
299620,104,817,0.07835686951875687,276.91637359559536,0
299621,104,818,0.07906462252140045,276.99543821811676,0
299622,104,819,0.07984942197799683,277.07528764009476,0
299623,104,820,0.08104969561100006,277.15633733570576,0
299624,104,821,0.08198880404233932,277.2383261397481,0
299625,104,822,0.08282560855150223,277.3211517482996,0
299626,104,823,0.09509208053350449,277.4162438288331,0
299627,104,824,0.08820562809705734,277.50444945693016,0
299628,104,825,0.0856797993183136,277.5901292562485,0
299629,104,826,0.08248396962881088,277.6726132258773,0
299630,104,827,0.08120531588792801,277.7538185417652,0
299631,104,828,0.08054038882255554,277.83435893058777,0
299632,104,829,0.09333819895982742,277.9276971295476,0
299633,104,830,0.08837747573852539,278.0160746052861,0
299634,104,831,0.0838867723941803,278.0999613776803,0
299635,104,832,0.09230854362249374,278.1922699213028,0
299636,104,833,0.08661865442991257,278.2788885757327,0
299637,104,834,0.08052659034729004,278.35941516608,0
299638,104,835,0.0938800647854805,278.4532952308655,0
299639,104,836,0.09142544120550156,278.544720672071,0
299640,104,837,0.08414418995380402,278.6288648620248,0
299641,104,838,0.07874870300292969,278.7076135650277,0
299642,104,839,0.0934540182352066,278.8010675832629,0
299643,104,840,0.0890066847205162,278.89007426798344,0
299644,104,841,0.08455456793308258,278.9746288359165,0
299645,104,842,0.08350662887096405,279.0581354647875,0
299646,104,843,0.08198659867048264,279.14012206345797,0
299647,104,844,0.09526196867227554,279.23538403213024,0
299648,104,845,0.09002217650413513,279.3254062086344,0
299649,104,846,0.08562418818473816,279.4110303968191,0
299650,104,847,0.08388174325227737,279.4949121400714,0
299651,104,848,0.08236552774906158,279.57727766782045,0
299652,104,849,0.08191166073083878,279.6591893285513,0
299653,104,850,0.08273401111364365,279.74192333966494,0
299654,104,851,0.08336543291807175,279.825288772583,0
299655,104,852,0.08414237201213837,279.90943114459515,0
299656,104,853,0.09662648290395737,280.0060576274991,0
299657,104,854,0.09068666398525238,280.09674429148436,0
299658,104,855,0.09325045347213745,280.1899947449565,0
299659,104,856,0.0873541310429573,280.27734887599945,0
299660,104,857,0.07917886972427368,280.3565277457237,0
299661,104,858,0.09268589317798615,280.4492136389017,0
299662,104,859,0.09116961061954498,280.54038324952126,0
299663,104,860,0.09311129152774811,280.633494541049,0
299664,104,861,0.09219803661108017,280.7256925776601,0
299665,104,862,0.09241493046283722,280.8181075081229,0
299666,104,863,0.0929042175412178,280.91101172566414,0
299667,104,864,0.08727420121431351,280.99828592687845,0
299668,104,865,0.08306561410427094,281.0813515409827,0
299669,104,866,0.08059162646532059,281.16194316744804,0
299670,104,867,0.07991978526115417,281.2418629527092,0
299671,104,868,0.08060755580663681,281.32247050851583,0
299672,104,869,0.08144592493772507,281.40391643345356,0
299673,104,870,0.08209852129220963,281.48601495474577,0
299674,104,871,0.08272197097539902,281.56873692572117,0
299675,104,872,0.08326321840286255,281.65200014412403,0
299676,104,873,0.0836520716547966,281.7356522157788,0
299677,104,874,0.08399268984794617,281.8196449056268,0
299678,104,875,0.08428769558668137,281.90393260121346,0
299679,104,876,0.08446178585290909,281.98839438706636,0
299680,104,877,0.08465707302093506,282.0730514600873,0
299681,104,878,0.08481751382350922,282.1578689739108,0
299682,104,879,0.08490698784589767,282.2427759617567,0
299683,104,880,0.08502144366502762,282.32779740542173,0
299684,104,881,0.08511796593666077,282.4129153713584,0
299685,104,882,0.0851992815732956,282.4981146529317,0
299686,104,883,0.08524220436811447,282.5833568572998,0
299687,104,884,0.08530079573392868,282.66865765303373,0
299688,104,885,0.09702018648386002,282.7656778395176,0
299689,104,886,0.09422016143798828,282.8598980009556,0
299690,104,887,0.08197525888681412,282.9418732598424,0
299691,104,888,0.09221433103084564,283.03408759087324,0
299692,104,889,0.08829785138368607,283.1223854422569,0
299693,104,890,0.09468594938516617,283.2170713916421,0
299694,104,891,0.08920611441135406,283.30627750605345,0
299695,104,892,0.08537069708108902,283.39164820313454,0
299696,104,893,0.08333725482225418,283.4749854579568,0
299697,104,894,0.08133550733327866,283.55632096529007,0
299698,104,895,0.09411031007766724,283.65043127536774,0
299699,104,896,0.09127344191074371,283.7417047172785,0
299700,104,897,0.09458601474761963,283.8362907320261,0
299701,104,898,0.09335043281316757,283.92964116483927,0
299702,104,899,0.09969313442707062,284.02933429926634,0
299703,104,900,0.09802186489105225,284.1273561641574,0
299704,104,901,0.09749089926481247,284.2248470634222,0
299705,104,902,0.0906607061624527,284.31550776958466,0
299706,104,903,0.08415297418832779,284.399660743773,0
299707,104,904,0.09824647009372711,284.4979072138667,0
299708,104,905,0.09553174674510956,284.5934389606118,0
299709,104,906,0.099697045981884,284.6931360065937,0
299710,104,907,0.0930342897772789,284.786170296371,0
299711,104,908,0.0885060578584671,284.87467635422945,0
299712,104,909,0.08535516262054443,284.96003151685,0
299713,104,910,0.09767179191112518,285.0577033087611,0
299714,104,911,0.09245283901691437,285.15015614777803,0
299715,104,912,0.09462464600801468,285.24478079378605,0
299716,104,913,0.08769499510526657,285.3324757888913,0
299717,104,914,0.09410158544778824,285.4265773743391,0
299718,104,915,0.09040801972150803,285.5169853940606,0
299719,104,916,0.08354771137237549,285.600533105433,0
299720,104,917,0.09124235063791275,285.6917754560709,0
299721,104,918,0.08578038215637207,285.7775558382273,0
299722,104,919,0.09017648547887802,285.86773232370615,0
299723,104,920,0.08797028660774231,285.9557026103139,0
299724,104,921,0.08339423686265945,286.03909684717655,0
299725,104,922,0.07912352681159973,286.11822037398815,0
299726,104,923,0.09218600392341614,286.21040637791157,0
299727,104,924,0.0899934321641922,286.30039981007576,0
299728,104,925,0.09133270382881165,286.39173251390457,0
299729,104,926,0.08986709266901016,286.4815996065736,0
299730,104,927,0.08981660008430481,286.5714162066579,0
299731,104,928,0.08951057493686676,286.66092678159475,0
299732,104,929,0.08362425118684769,286.7445510327816,0
299733,104,930,0.07787445187568665,286.8224254846573,0
299734,104,931,0.07741039991378784,286.8998358845711,0
299735,104,932,0.09117288142442703,286.9910087659955,0
299736,104,933,0.08782857656478882,287.0788373425603,0
299737,104,934,0.0901661068201065,287.1690034493804,0
299738,104,935,0.08816924691200256,287.2571726962924,0
299739,104,936,0.08617791533470154,287.3433506116271,0
299740,104,937,0.09408365935087204,287.437434270978,0
299741,104,938,0.0914519876241684,287.52888625860214,0
299742,104,939,0.08630315959453583,287.6151894181967,0
299743,104,940,0.08214346319437027,287.69733288139105,0
299744,104,941,0.0817117989063263,287.7790446802974,0
299745,104,942,0.0936463251709938,287.87269100546837,0
299746,104,943,0.08816762268543243,287.9608586281538,0
299747,104,944,0.08602114021778107,288.0468797683716,0
299748,104,945,0.09485413879156113,288.14173390716314,0
299749,104,946,0.09205460548400879,288.23378851264715,0
299750,104,947,0.09286201000213623,288.3266505226493,0
299751,104,948,0.09223656356334686,288.41888708621264,0
299752,104,949,0.08734310418367386,288.5062301903963,0
299753,104,950,0.09261966496706009,288.59884985536337,0
299754,104,951,0.09090984612703323,288.6897597014904,0
299755,104,952,0.08704133331775665,288.77680103480816,0
299756,104,953,0.08252150565385818,288.859322540462,0
299757,104,954,0.09301064163446426,288.9523331820965,0
299758,104,955,0.09068936109542847,289.0430225431919,0
299759,104,956,0.09283535182476044,289.13585789501667,0
299760,104,957,0.09140126407146454,289.22725915908813,0
299761,104,958,0.0911671370267868,289.3184262961149,0
299762,104,959,0.09567882120609283,289.414105117321,0
299763,104,960,0.09204611927270889,289.5061512365937,0
299764,104,961,0.09978718310594559,289.60593841969967,0
299765,104,962,0.09770523011684418,289.7036436498165,0
299766,104,963,0.1027841567993164,289.80642780661583,0
299767,104,964,0.10166142135858536,289.9080892279744,0
299768,104,965,0.10362837463617325,290.0117176026106,0
299769,104,966,0.09915178269147873,290.11086938530207,0
299770,104,967,0.09372588247060776,290.2045952677727,0
299771,104,968,0.10260044783353806,290.3071957156062,0
299772,104,969,0.10227449238300323,290.4094702079892,0
299773,104,970,0.09405193477869034,290.5035221427679,0
299774,104,971,0.10217490047216415,290.60569704324007,0
299775,104,972,0.09756621718406677,290.70326326042414,0
299776,104,973,0.10240097343921661,290.80566423386335,0
299777,104,974,0.09932523965835571,290.9049894735217,0
299778,104,975,0.10301721841096878,291.0080066919327,0
299779,104,976,0.09952356666326523,291.10753025859594,0
299780,104,977,0.09299211204051971,291.20052237063646,0
299781,104,978,0.08890043199062347,291.2894228026271,0
299782,104,979,0.08865825086832047,291.3780810534954,0
299783,104,980,0.08883538842201233,291.4669164419174,0
299784,104,981,0.08902788162231445,291.55594432353973,0
299785,104,982,0.08938448131084442,291.6453288048506,0
299786,104,983,0.10175888985395432,291.74708769470453,0
299787,104,984,0.09602233022451401,291.84311002492905,0
299788,104,985,0.09170712530612946,291.9348171502352,0
299789,104,986,0.08827808499336243,292.02309523522854,0
299790,104,987,0.08686375617980957,292.10995899140835,0
299791,104,988,0.09764056652784348,292.2075995579362,0
299792,104,989,0.0934954434633255,292.3010950013995,0
299793,104,990,0.08844607323408127,292.3895410746336,0
299794,104,991,0.08494529873132706,292.4744863733649,0
299795,104,992,0.08341483771800995,292.55790121108294,0
299796,104,993,0.09600969403982162,292.65391090512276,0
299797,104,994,0.09046123921871185,292.74437214434147,0
299798,104,995,0.08542432636022568,292.8297964707017,0
299799,104,996,0.08144492655992508,292.9112413972616,0
299800,104,997,0.07963233441114426,292.99087373167276,0
299801,104,998,0.07931054383516312,293.0701842755079,0
299802,104,999,0.09128144383430481,293.16146571934223,0
299803,104,1000,0.086541086435318,293.24800680577755,0
299804,104,1001,0.08680448681116104,293.3348112925887,0
299805,104,1002,0.08276937901973724,293.41758067160845,0
299806,104,1003,0.08061704784631729,293.49819771945477,0
299807,104,1004,0.09142784774303436,293.5896255671978,0
299808,104,1005,0.08782611787319183,293.677451685071,0
299809,104,1006,0.08553425222635269,293.76298593729734,0
299810,104,1007,0.09243779629468918,293.85542373359203,0
299811,104,1008,0.08621470630168915,293.9416384398937,0
299812,104,1009,0.09175644814968109,294.0333948880434,0
299813,104,1010,0.0896388441324234,294.1230337321758,0
299814,104,1011,0.09271659702062607,294.21575032919645,0
299815,104,1012,0.08946987241506577,294.3052202016115,0
299816,104,1013,0.08412254601716995,294.3893427476287,0
299817,104,1014,0.08214409649372101,294.4714868441224,0
299818,104,1015,0.08032914996147156,294.5518159940839,0
299819,104,1016,0.09314630180597305,294.64496229588985,0
299820,104,1017,0.0885220617055893,294.73348435759544,0
299821,104,1018,0.09112318605184555,294.8246075436473,0
299822,104,1019,0.08254743367433548,294.9071549773216,0
299823,104,1020,0.08908075839281082,294.99623573571444,0
299824,104,1021,0.08858704566955566,295.084822781384,0
299825,104,1022,0.08192884176969528,295.1667516231537,0
299826,104,1023,0.09000428020954132,295.2567559033632,0
299827,104,1024,0.08646456152200699,295.34322046488523,0
299828,104,1025,0.08356813341379166,295.426788598299,0
299829,104,1026,0.09062394499778748,295.5174125432968,0
299830,104,1027,0.08482380211353302,295.60223634541035,0
299831,104,1028,0.07620460540056229,295.6784409508109,0
299832,104,1029,0.08804412186145782,295.76648507267237,0
299833,104,1030,0.0852276086807251,295.8517126813531,0
299834,104,1031,0.08110704272985458,295.93281972408295,0
299835,104,1032,0.07518234848976135,296.0080020725727,0
299836,104,1033,0.07256916910409927,296.0805712416768,0
299837,104,1034,0.07233459502458572,296.1529058367014,0
299838,104,1035,0.07382979243993759,296.22673562914133,0
299839,104,1036,0.07466040551662445,296.30139603465796,0
299840,104,1037,0.07573788613080978,296.37713392078876,0
299841,104,1038,0.0765712708234787,296.45370519161224,0
299842,104,1039,0.07733141630887985,296.5310366079211,0
299843,104,1040,0.07794741541147232,296.6089840233326,0
299844,104,1041,0.09034322202205658,296.69932724535465,0
299845,104,1042,0.08838433772325516,296.7877115830779,0
299846,104,1043,-10.0,286.7877115830779,1
299847,105,1,0.1489783078432083,0.1489783078432083,0
299848,105,2,0.14773140847682953,0.29670971632003784,0
299849,105,3,0.14818376302719116,0.444893479347229,0
299850,105,4,0.1485326588153839,0.5934261381626129,0
299851,105,5,0.1447657197713852,0.7381918579339981,0
299852,105,6,0.13974899053573608,0.8779408484697342,0
299853,105,7,0.13700224459171295,1.0149430930614471,0
299854,105,8,0.14818218350410461,1.1631252765655518,0
299855,105,9,0.14308635890483856,1.3062116354703903,0
299856,105,10,0.13980326056480408,1.4460148960351944,0
299857,105,11,0.13752049207687378,1.5835353881120682,0
299858,105,12,0.1480749249458313,1.7316103130578995,0
299859,105,13,0.14326795935630798,1.8748782724142075,0
299860,105,14,0.13869617879390717,2.0135744512081146,0
299861,105,15,0.1350214034318924,2.148595854640007,0
299862,105,16,0.13282576203346252,2.2814216166734695,0
299863,105,17,0.13317559659481049,2.41459721326828,0
299864,105,18,0.14445655047893524,2.5590537637472153,0
299865,105,19,0.14058317244052887,2.699636936187744,0
299866,105,20,0.14477433264255524,2.8444112688302994,0
299867,105,21,0.13944338262081146,2.983854651451111,0
299868,105,22,0.145670548081398,3.129525199532509,0
299869,105,23,0.1425950527191162,3.272120252251625,0
299870,105,24,0.13647806644439697,3.408598318696022,0
299871,105,25,0.13188952207565308,3.540487840771675,0
299872,105,26,0.13094767928123474,3.67143552005291,0
299873,105,27,0.1304808259010315,3.8019163459539413,0
299874,105,28,0.13181234896183014,3.9337286949157715,0
299875,105,29,0.13245992362499237,4.066188618540764,0
299876,105,30,0.13340239226818085,4.199591010808945,0
299877,105,31,0.1341225951910019,4.333713605999947,0
299878,105,32,0.1457163244485855,4.479429930448532,0
299879,105,33,0.14013473689556122,4.619564667344093,0
299880,105,34,0.13754354417324066,4.757108211517334,0
299881,105,35,0.1356465071439743,4.892754718661308,0
299882,105,36,0.1347072422504425,5.027461960911751,0
299883,105,37,0.13391512632369995,5.161377087235451,0
299884,105,38,0.14510487020015717,5.306481957435608,0
299885,105,39,0.14273510873317719,5.449217066168785,0
299886,105,40,0.13578595221042633,5.585003018379211,0
299887,105,41,0.13182729482650757,5.716830313205719,0
299888,105,42,0.14685633778572083,5.86368665099144,0
299889,105,43,0.14391867816448212,6.007605329155922,0
299890,105,44,0.14894108474254608,6.156546413898468,0
299891,105,45,0.1453896313905716,6.30193604528904,0
299892,105,46,0.13804808259010315,6.439984127879143,0
299893,105,47,0.14905139803886414,6.589035525918007,0
299894,105,48,0.14634951949119568,6.735385045409203,0
299895,105,49,0.14174552261829376,6.877130568027496,0
299896,105,50,0.13974957168102264,7.016880139708519,0
299897,105,51,0.13791735470294952,7.1547974944114685,0
299898,105,52,0.1373947709798813,7.29219226539135,0
299899,105,53,0.1379590779542923,7.430151343345642,0
299900,105,54,0.13850852847099304,7.568659871816635,0
299901,105,55,0.13919004797935486,7.70784991979599,0
299902,105,56,0.1509566605091095,7.8588065803050995,0
299903,105,57,0.1495516449213028,8.008358225226402,0
299904,105,58,0.15074871480464935,8.159106940031052,0
299905,105,59,0.14754752814769745,8.306654468178749,0
299906,105,60,0.1511395126581192,8.457793980836868,0
299907,105,61,0.15274173021316528,8.610535711050034,0
299908,105,62,0.15548115968704224,8.766016870737076,0
299909,105,63,0.15577684342861176,8.921793714165688,0
299910,105,64,0.15497659146785736,9.076770305633545,0
299911,105,65,0.15608860552310944,9.232858911156654,0
299912,105,66,0.15209674835205078,9.384955659508705,0
299913,105,67,0.1465720236301422,9.531527683138847,0
299914,105,68,0.15669286251068115,9.688220545649529,0
299915,105,69,0.15485543012619019,9.843075975775719,0
299916,105,70,0.15020596981048584,9.993281945586205,0
299917,105,71,0.157190203666687,10.150472149252892,0
299918,105,72,0.1549219787120819,10.305394127964973,0
299919,105,73,0.15074722468852997,10.456141352653503,0
299920,105,74,0.14658093452453613,10.60272228717804,0
299921,105,75,0.14401495456695557,10.746737241744995,0
299922,105,76,0.1428736299276352,10.88961087167263,0
299923,105,77,0.15533789992332458,11.044948771595955,0
299924,105,78,0.1519991159439087,11.196947887539864,0
299925,105,79,0.14999663829803467,11.346944525837898,0
299926,105,80,0.15643717348575592,11.503381699323654,0
299927,105,81,0.1497671753168106,11.653148874640465,0
299928,105,82,0.15391050279140472,11.80705937743187,0
299929,105,83,0.15053141117095947,11.957590788602829,0
299930,105,84,0.1525804102420807,12.11017119884491,0
299931,105,85,0.15336263179779053,12.2635338306427,0
299932,105,86,0.14865565299987793,12.412189483642578,0
299933,105,87,0.154448002576828,12.566637486219406,0
299934,105,88,0.15300628542900085,12.719643771648407,0
299935,105,89,0.14952586591243744,12.869169637560844,0
299936,105,90,0.1567114293575287,13.025881066918373,0
299937,105,91,0.1541799008846283,13.180060967803001,0
299938,105,92,0.14671142399311066,13.326772391796112,0
299939,105,93,0.1452500820159912,13.472022473812103,0
299940,105,94,0.15924371778964996,13.631266191601753,0
299941,105,95,0.15450836718082428,13.785774558782578,0
299942,105,96,0.15244153141975403,13.938216090202332,0
299943,105,97,0.16149796545505524,14.099714055657387,0
299944,105,98,0.15673649311065674,14.256450548768044,0
299945,105,99,0.14816607534885406,14.404616624116898,0
299946,105,100,0.15826191008090973,14.562878534197807,0
299947,105,101,0.1549006998538971,14.717779234051704,0
299948,105,102,0.15198427438735962,14.869763508439064,0
299949,105,103,0.148097962141037,15.017861470580101,0
299950,105,104,0.16030992567539215,15.178171396255493,0
299951,105,105,0.15585817396640778,15.334029570221901,0
299952,105,106,0.15171708166599274,15.485746651887894,0
299953,105,107,0.15962113440036774,15.645367786288261,0
299954,105,108,0.15362292528152466,15.798990711569786,0
299955,105,109,0.14546917378902435,15.94445988535881,0
299956,105,110,0.15773062407970428,16.102190509438515,0
299957,105,111,0.15339800715446472,16.25558851659298,0
299958,105,112,0.15797612071037292,16.413564637303352,0
299959,105,113,0.15245157480239868,16.56601621210575,0
299960,105,114,0.14551053941249847,16.71152675151825,0
299961,105,115,0.1414375752210617,16.85296432673931,0
299962,105,116,0.14202070236206055,16.99498502910137,0
299963,105,117,0.1423296332359314,17.137314662337303,0
299964,105,118,0.14360108971595764,17.28091575205326,0
299965,105,119,0.15599533915519714,17.436911091208458,0
299966,105,120,0.1503056287765503,17.58721671998501,0
299967,105,121,0.14665716886520386,17.733873888850212,0
299968,105,122,0.14547158777713776,17.87934547662735,0
299969,105,123,0.1557409018278122,18.035086378455162,0
299970,105,124,0.15111689269542694,18.18620327115059,0
299971,105,125,0.15522539615631104,18.3414286673069,0
299972,105,126,0.15723836421966553,18.498667031526566,0
299973,105,127,0.1530543565750122,18.651721388101578,0
299974,105,128,0.14876492321491241,18.80048631131649,0
299975,105,129,0.14654724299907684,18.947033554315567,0
299976,105,130,0.1588900238275528,19.10592357814312,0
299977,105,131,0.15563684701919556,19.261560425162315,0
299978,105,132,0.15165750682353973,19.413217931985855,0
299979,105,133,0.15904511511325836,19.572263047099113,0
299980,105,134,0.155740424990654,19.728003472089767,0
299981,105,135,0.16030943393707275,19.88831290602684,0
299982,105,136,0.15643277764320374,20.044745683670044,0
299983,105,137,0.1519845724105835,20.196730256080627,0
299984,105,138,0.16737961769104004,20.364109873771667,0
299985,105,139,0.16396375000476837,20.528073623776436,0
299986,105,140,0.15998435020446777,20.688057973980904,0
299987,105,141,0.1694522351026535,20.857510209083557,0
299988,105,142,0.1651635318994522,21.02267374098301,0
299989,105,143,0.16942501068115234,21.19209875166416,0
299990,105,144,0.1709565669298172,21.36305531859398,0
299991,105,145,0.172038272023201,21.53509359061718,0
299992,105,146,0.16633892059326172,21.70143251121044,0
299993,105,147,0.16383445262908936,21.86526696383953,0
299994,105,148,0.1745404452085495,22.03980740904808,0
299995,105,149,0.1733548641204834,22.213162273168564,0
299996,105,150,0.17682833969593048,22.389990612864494,0
299997,105,151,0.17653214931488037,22.566522762179375,0
299998,105,152,0.1764017939567566,22.74292455613613,0
299999,105,153,0.1783679872751236,22.921292543411255,0
300000,105,154,0.1762172430753708,23.097509786486626,0
300001,105,155,0.17306390404701233,23.270573690533638,0
300002,105,156,0.171495258808136,23.442068949341774,0
300003,105,157,0.17062169313430786,23.612690642476082,0
300004,105,158,0.17739367485046387,23.790084317326546,0
300005,105,159,0.17787840962409973,23.967962726950645,0
300006,105,160,0.17454972863197327,24.14251245558262,0
300007,105,161,0.18055950105190277,24.32307195663452,0
300008,105,162,0.18059825897216797,24.50367021560669,0
300009,105,163,0.1783534288406372,24.682023644447327,0
300010,105,164,0.17626789212226868,24.858291536569595,0
300011,105,165,0.17364753782749176,25.031939074397087,0
300012,105,166,0.17327040433883667,25.205209478735924,0
300013,105,167,0.17315556108951569,25.37836503982544,0
300014,105,168,0.17363537847995758,25.552000418305397,0
300015,105,169,0.17392699420452118,25.725927412509918,0
300016,105,170,0.17430077493190765,25.900228187441826,0
300017,105,171,0.1746889054775238,26.07491709291935,0
300018,105,172,0.1751520186662674,26.250069111585617,0
300019,105,173,0.18447448313236237,26.43454359471798,0
300020,105,174,0.18088969588279724,26.615433290600777,0
300021,105,175,0.18437498807907104,26.799808278679848,0
300022,105,176,0.183411106467247,26.983219385147095,0
300023,105,177,0.1791279911994934,27.162347376346588,0
300024,105,178,0.1856815367937088,27.348028913140297,0
300025,105,179,0.18369853496551514,27.531727448105812,0
300026,105,180,0.178924098610878,27.71065154671669,0
300027,105,181,0.1743549257516861,27.885006472468376,0
300028,105,182,0.17152392864227295,28.05653040111065,0
300029,105,183,0.18333812057971954,28.23986852169037,0
300030,105,184,0.1813395470380783,28.421208068728447,0
300031,105,185,0.18308015167713165,28.60428822040558,0
300032,105,186,0.17988218367099762,28.784170404076576,0
300033,105,187,0.1828446388244629,28.96701504290104,0
300034,105,188,0.1815667748451233,29.148581817746162,0
300035,105,189,0.18471050262451172,29.333292320370674,0
300036,105,190,0.18147090077400208,29.514763221144676,0
300037,105,191,0.17548726499080658,29.690250486135483,0
300038,105,192,0.18468710780143738,29.87493759393692,0
300039,105,193,0.18113456666469574,30.056072160601616,0
300040,105,194,0.17654791474342346,30.23262007534504,0
300041,105,195,0.17288798093795776,30.405508056282997,0
300042,105,196,0.17093509435653687,30.576443150639534,0
300043,105,197,0.1823156625032425,30.758758813142776,0
300044,105,198,0.17836503684520721,30.937123849987984,0
300045,105,199,0.17996621131896973,31.117090061306953,0
300046,105,200,0.17978008091449738,31.29687014222145,0
300047,105,201,0.17526839673519135,31.472138538956642,0
300048,105,202,0.17186123132705688,31.6439997702837,0
300049,105,203,0.1706731766462326,31.81467294692993,0
300050,105,204,0.17123110592365265,31.985904052853584,0
300051,105,205,0.18472139537334442,32.17062544822693,0
300052,105,206,0.179331436753273,32.3499568849802,0
300053,105,207,0.1779128611087799,32.52786974608898,0
300054,105,208,0.17594435811042786,32.70381410419941,0
300055,105,209,0.174787700176239,32.87860180437565,0
300056,105,210,0.17481021583080292,33.05341202020645,0
300057,105,211,0.18769928812980652,33.24111130833626,0
300058,105,212,0.18240007758140564,33.423511385917664,0
300059,105,213,0.17946384847164154,33.602975234389305,0
300060,105,214,0.18716269731521606,33.79013793170452,0
300061,105,215,0.1840783953666687,33.97421632707119,0
300062,105,216,0.180339977145195,34.154556304216385,0
300063,105,217,0.177346870303154,34.33190317451954,0
300064,105,218,0.17607121169567108,34.50797438621521,0
300065,105,219,0.1773739606142044,34.685348346829414,0
300066,105,220,0.1785591095685959,34.86390745639801,0
300067,105,221,0.1806839257478714,35.04459138214588,0
300068,105,222,0.18259848654270172,35.22718986868858,0
300069,105,223,0.18461807072162628,35.41180793941021,0
300070,105,224,0.18668268620967865,35.59849062561989,0
300071,105,225,0.19979634881019592,35.798286974430084,0
300072,105,226,0.19401586055755615,35.99230283498764,0
300073,105,227,0.19118854403495789,36.1834913790226,0
300074,105,228,0.18953584134578705,36.373027220368385,0
300075,105,229,0.1893107146024704,36.562337934970856,0
300076,105,230,0.19024620950222015,36.752584144473076,0
300077,105,231,0.19196386635303497,36.94454801082611,0
300078,105,232,0.19414721429347992,37.13869522511959,0
300079,105,233,0.1965896487236023,37.33528487384319,0
300080,105,234,0.1991734802722931,37.534458354115486,0
300081,105,235,0.2126518338918686,37.747110188007355,0
300082,105,236,0.21210095286369324,37.95921114087105,0
300083,105,237,0.21232280135154724,38.171533942222595,0
300084,105,238,0.2114112377166748,38.38294517993927,0
300085,105,239,0.21861818432807922,38.60156336426735,0
300086,105,240,0.21865399181842804,38.82021735608578,0
300087,105,241,0.2233489602804184,39.043566316366196,0
300088,105,242,0.2197360098361969,39.26330232620239,0
300089,105,243,0.21575064957141876,39.47905297577381,0
300090,105,244,0.21474090218544006,39.69379387795925,0
300091,105,245,0.2174198180437088,39.91121369600296,0
300092,105,246,0.22031554579734802,40.13152924180031,0
300093,105,247,0.22303251922130585,40.354561761021614,0
300094,105,248,0.22583578526973724,40.58039754629135,0
300095,105,249,0.22856812179088593,40.80896566808224,0
300096,105,250,0.24210141599178314,41.05106708407402,0
300097,105,251,0.2367280125617981,41.28779509663582,0
300098,105,252,0.23390233516693115,41.52169743180275,0
300099,105,253,0.2325630933046341,41.754260525107384,0
300100,105,254,0.24486799538135529,41.99912852048874,0
300101,105,255,0.2428308129310608,42.2419593334198,0
300102,105,256,0.24602393805980682,42.48798327147961,0
300103,105,257,0.2460586130619049,42.73404188454151,0
300104,105,258,0.24298310279846191,42.97702498733997,0
300105,105,259,0.2507678270339966,43.22779281437397,0
300106,105,260,0.24660944938659668,43.47440226376057,0
300107,105,261,0.2553669810295105,43.72976924479008,0
300108,105,262,0.2568133771419525,43.98658262193203,0
300109,105,263,0.2609381377696991,44.24752075970173,0
300110,105,264,0.2569214105606079,44.50444217026234,0
300111,105,265,0.2519885301589966,44.75643070042133,0
300112,105,266,0.24956448376178741,45.00599518418312,0
300113,105,267,0.2496023029088974,45.25559748709202,0
300114,105,268,0.26448971033096313,45.52008719742298,0
300115,105,269,0.26374080777168274,45.783828005194664,0
300116,105,270,0.26538291573524475,46.04921092092991,0
300117,105,271,0.2633166015148163,46.312527522444725,0
300118,105,272,0.2688043713569641,46.58133189380169,0
300119,105,273,0.2684999406337738,46.84983183443546,0
300120,105,274,0.264677494764328,47.11450932919979,0
300121,105,275,0.26111286878585815,47.37562219798565,0
300122,105,276,0.27397188544273376,47.64959408342838,0
300123,105,277,0.2735437750816345,47.92313785851002,0
300124,105,278,0.2774617373943329,48.20059959590435,0
300125,105,279,0.2746809124946594,48.47528050839901,0
300126,105,280,0.2700500190258026,48.74533052742481,0
300127,105,281,0.26703131198883057,49.01236183941364,0
300128,105,282,0.2805415391921997,49.29290337860584,0
300129,105,283,0.28029319643974304,49.573196575045586,0
300130,105,284,0.27486371994018555,49.84806029498577,0
300131,105,285,0.28638914227485657,50.13444943726063,0
300132,105,286,0.2849741578102112,50.41942359507084,0
300133,105,287,0.2794914245605469,50.698915019631386,0
300134,105,288,0.2749006450176239,50.97381566464901,0
300135,105,289,0.2732433080673218,51.24705897271633,0
300136,105,290,0.273659348487854,51.520718321204185,0
300137,105,291,0.28733590245246887,51.808054223656654,0
300138,105,292,0.28273531794548035,52.090789541602135,0
300139,105,293,0.28865161538124084,52.379441156983376,0
300140,105,294,0.2876575291156769,52.66709868609905,0
300141,105,295,0.28427159786224365,52.951370283961296,0
300142,105,296,0.28081128001213074,53.23218156397343,0
300143,105,297,0.27904635667800903,53.511227920651436,0
300144,105,298,0.27936556935310364,53.79059349000454,0
300145,105,299,0.2932387888431549,54.083832278847694,0
300146,105,300,0.29271194338798523,54.37654422223568,0
300147,105,301,0.29486769437789917,54.67141191661358,0
300148,105,302,0.2931385338306427,54.96455045044422,0
300149,105,303,0.2991020977497101,55.26365254819393,0
300150,105,304,0.29911309480667114,55.5627656430006,0
300151,105,305,0.3013087809085846,55.86407442390919,0
300152,105,306,0.3030359745025635,56.16711039841175,0
300153,105,307,0.30371206998825073,56.4708224684,0
300154,105,308,0.3061293661594391,56.77695183455944,0
300155,105,309,0.3023492395877838,57.079301074147224,0
300156,105,310,0.29829227924346924,57.377593353390694,0
300157,105,311,0.3108884394168854,57.68848179280758,0
300158,105,312,0.3105224668979645,57.99900425970554,0
300159,105,313,0.30741772055625916,58.3064219802618,0
300160,105,314,0.3062325417995453,58.61265452206135,0
300161,105,315,0.3181267976760864,58.930781319737434,0
300162,105,316,0.316901296377182,59.247682616114616,0
300163,105,317,0.32069212198257446,59.56837473809719,0
300164,105,318,0.31850510835647583,59.88687984645367,0
300165,105,319,0.31676939129829407,60.20364923775196,0
300166,105,320,0.3148084878921509,60.51845772564411,0
300167,105,321,0.3168807029724121,60.835338428616524,0
300168,105,322,0.33179327845573425,61.16713170707226,0
300169,105,323,0.3280993402004242,61.49523104727268,0
300170,105,324,0.33342745900154114,61.82865850627422,0
300171,105,325,0.33377712965011597,62.16243563592434,0
300172,105,326,0.3309512734413147,62.493386909365654,0
300173,105,327,0.32835471630096436,62.82174162566662,0
300174,105,328,0.3276766836643219,63.14941830933094,0
300175,105,329,0.34121599793434143,63.49063430726528,0
300176,105,330,0.33810457587242126,63.8287388831377,0
300177,105,331,0.33704814314842224,64.16578702628613,0
300178,105,332,0.3465203642845154,64.51230739057064,0
300179,105,333,0.344701886177063,64.8570092767477,0
300180,105,334,0.3421127498149872,65.19912202656269,0
300181,105,335,0.35152867436408997,65.55065070092678,0
300182,105,336,0.35123369097709656,65.90188439190388,0
300183,105,337,0.3485260307788849,66.25041042268276,0
300184,105,338,0.34702029824256897,66.59743072092533,0
300185,105,339,0.3491703271865845,66.94660104811192,0
300186,105,340,0.3508266508579254,67.29742769896984,0
300187,105,341,0.3661142885684967,67.66354198753834,0
300188,105,342,0.3677539825439453,68.03129597008228,0
300189,105,343,0.36196133494377136,68.39325730502605,0
300190,105,344,0.3768339455127716,68.77009125053883,0
300191,105,345,0.3795579671859741,69.1496492177248,0
300192,105,346,0.3749522864818573,69.52460150420666,0
300193,105,347,0.37202826142311096,69.89662976562977,0
300194,105,348,0.38570427894592285,70.28233404457569,0
300195,105,349,0.38330093026161194,70.6656349748373,0
300196,105,350,0.3905831277370453,71.05621810257435,0
300197,105,351,0.39213183522224426,71.44834993779659,0
300198,105,352,0.3892150819301605,71.83756501972675,0
300199,105,353,0.396840363740921,72.23440538346767,0
300200,105,354,0.3963387906551361,72.63074417412281,0
300201,105,355,0.4016449749469757,73.03238914906979,0
300202,105,356,0.40056347846984863,73.43295262753963,0
300203,105,357,0.409248411655426,73.84220103919506,0
300204,105,358,0.41047975420951843,74.25268079340458,0
300205,105,359,0.40774810314178467,74.66042889654636,0
300206,105,360,0.4187781810760498,75.07920707762241,0
300207,105,361,0.4180150032043457,75.49722208082676,0
300208,105,362,0.4114527702331543,75.90867485105991,0
300209,105,363,0.42178627848625183,76.33046112954617,0
300210,105,364,0.41938984394073486,76.7498509734869,0
300211,105,365,0.42631739377975464,77.17616836726665,0
300212,105,366,0.42456188797950745,77.60073025524616,0
300213,105,367,0.42245230078697205,78.02318255603313,0
300214,105,368,0.4196825325489044,78.44286508858204,0
300215,105,369,0.4212128520011902,78.86407794058323,0
300216,105,370,0.43609514832496643,79.3001730889082,0
300217,105,371,0.4320932924747467,79.73226638138294,0
300218,105,372,0.4356089234352112,80.16787530481815,0
300219,105,373,0.43468177318573,80.60255707800388,0
300220,105,374,0.43400999903678894,81.03656707704067,0
300221,105,375,0.43970561027526855,81.47627268731594,0
300222,105,376,0.43954649567604065,81.91581918299198,0
300223,105,377,0.4380311667919159,82.3538503497839,0
300224,105,378,0.4445868134498596,82.79843716323376,0
300225,105,379,0.4427698850631714,83.24120704829693,0
300226,105,380,0.44091594219207764,83.682122990489,0
300227,105,381,0.44883275032043457,84.13095574080944,0
300228,105,382,0.44682472944259644,84.57778047025204,0
300229,105,383,0.448106974363327,85.02588744461536,0
300230,105,384,0.4487455487251282,85.47463299334049,0
300231,105,385,0.4470697343349457,85.92170272767544,0
300232,105,386,0.4525684118270874,86.37427113950253,0
300233,105,387,0.4510858654975891,86.82535700500011,0
300234,105,388,0.4571937918663025,87.28255079686642,0
300235,105,389,0.45380693674087524,87.73635773360729,0
300236,105,390,0.44814348220825195,88.18450121581554,0
300237,105,391,0.445358544588089,88.62985976040363,0
300238,105,392,0.45856788754463196,89.08842764794827,0
300239,105,393,0.45463261008262634,89.54306025803089,0
300240,105,394,0.4510745704174042,89.9941348284483,0
300241,105,395,0.45904386043548584,90.45317868888378,0
300242,105,396,0.4562475085258484,90.90942619740963,0
300243,105,397,0.4519827961921692,91.3614089936018,0
300244,105,398,0.44830405712127686,91.80971305072308,0
300245,105,399,0.44641855359077454,92.25613160431385,0
300246,105,400,0.44622719287872314,92.70235879719257,0
300247,105,401,0.4594951868057251,93.1618539839983,0
300248,105,402,0.45595553517341614,93.61780951917171,0
300249,105,403,0.4524359405040741,94.07024545967579,0
300250,105,404,0.4614083766937256,94.53165383636951,0
300251,105,405,0.46067047119140625,94.99232430756092,0
300252,105,406,0.4569537341594696,95.44927804172039,0
300253,105,407,0.4538857936859131,95.9031638354063,0
300254,105,408,0.45263686776161194,96.35580070316792,0
300255,105,409,0.4531211256980896,96.808921828866,0
300256,105,410,0.4548056721687317,97.26372750103474,0
300257,105,411,0.45770689845085144,97.72143439948559,0
300258,105,412,0.4718002378940582,98.19323463737965,0
300259,105,413,0.4671289026737213,98.66036354005337,0
300260,105,414,0.46460196375846863,99.12496550381184,0
300261,105,415,0.473639577627182,99.59860508143902,0
300262,105,416,0.47223448753356934,100.07083956897259,0
300263,105,417,0.4783288538455963,100.54916842281818,0
300264,105,418,0.47757214307785034,101.02674056589603,0
300265,105,419,0.4776371717453003,101.50437773764133,0
300266,105,420,0.48924973607063293,101.99362747371197,0
300267,105,421,0.4894096255302429,102.48303709924221,0
300268,105,422,0.49681687355041504,102.97985397279263,0
300269,105,423,0.4980621039867401,103.47791607677937,0
300270,105,424,0.5012960433959961,103.97921212017536,0
300271,105,425,0.49723121523857117,104.47644333541393,0
300272,105,426,0.4947257339954376,104.97116906940937,0
300273,105,427,0.5104039907455444,105.48157306015491,0
300274,105,428,0.5114794969558716,105.99305255711079,0
300275,105,429,0.5066412091255188,106.4996937662363,0
300276,105,430,0.5188942551612854,107.01858802139759,0
300277,105,431,0.5205061435699463,107.53909416496754,0
300278,105,432,0.524642825126648,108.06373699009418,0
300279,105,433,0.5255998373031616,108.58933682739735,0
300280,105,434,0.5288375020027161,109.11817432940006,0
300281,105,435,0.5258563160896301,109.64403064548969,0
300282,105,436,0.5349212884902954,110.17895193397999,0
300283,105,437,0.5325863361358643,110.71153827011585,0
300284,105,438,0.5276815295219421,111.2392197996378,0
300285,105,439,0.5284141898155212,111.76763398945332,0
300286,105,440,0.5291051268577576,112.29673911631107,0
300287,105,441,0.531785786151886,112.82852490246296,0
300288,105,442,0.5354624390602112,113.36398734152317,0
300289,105,443,0.5396322011947632,113.90361954271793,0
300290,105,444,0.5552278161048889,114.45884735882282,0
300291,105,445,0.5525988340377808,115.0114461928606,0
300292,105,446,0.559714138507843,115.57116033136845,0
300293,105,447,0.5623005032539368,116.13346083462238,0
300294,105,448,0.5603513121604919,116.69381214678288,0
300295,105,449,0.5591540336608887,117.25296618044376,0
300296,105,450,0.5592231750488281,117.81218935549259,0
300297,105,451,0.5612170100212097,118.3734063655138,0
300298,105,452,0.5647517442703247,118.93815810978413,0
300299,105,453,0.5688169002532959,119.50697501003742,0
300300,105,454,0.5847932696342468,120.09176827967167,0
300301,105,455,0.5815332531929016,120.67330153286457,0
300302,105,456,0.5882494449615479,121.26155097782612,0
300303,105,457,0.5888553261756897,121.85040630400181,0
300304,105,458,0.5873739719390869,122.4377802759409,0
300305,105,459,0.5869638919830322,123.02474416792393,0
300306,105,460,0.5895290970802307,123.61427326500416,0
300307,105,461,0.6050358414649963,124.21930910646915,0
300308,105,462,0.6029155254364014,124.82222463190556,0
300309,105,463,0.6013731956481934,125.42359782755375,0
300310,105,464,0.601234495639801,126.02483232319355,0
300311,105,465,0.6026732325553894,126.62750555574894,0
300312,105,466,0.6175776720046997,127.24508322775364,0
300313,105,467,0.6171543598175049,127.86223758757114,0
300314,105,468,0.6229981184005737,128.48523570597172,0
300315,105,469,0.6242834329605103,129.10951913893223,0
300316,105,470,0.6246647834777832,129.73418392241,0
300317,105,471,0.6248677968978882,130.3590517193079,0
300318,105,472,0.625800371170044,130.98485209047794,0
300319,105,473,0.6288178563117981,131.61366994678974,0
300320,105,474,0.6324203610420227,132.24609030783176,0
300321,105,475,0.6365824937820435,132.8826728016138,0
300322,105,476,0.6412558555603027,133.5239286571741,0
300323,105,477,0.6462193131446838,134.1701479703188,0
300324,105,478,0.6512311697006226,134.82137914001942,0
300325,105,479,0.6564996242523193,135.47787876427174,0
300326,105,480,0.6619551777839661,136.1398339420557,0
300327,105,481,0.6676831245422363,136.80751706659794,0
300328,105,482,0.6734583377838135,137.48097540438175,0
300329,105,483,0.6908808946609497,138.1718562990427,0
300330,105,484,0.6891464591026306,138.86100275814533,0
300331,105,485,0.697654664516449,139.55865742266178,0
300332,105,486,0.7006173133850098,140.2592747360468,0
300333,105,487,0.7013829350471497,140.96065767109394,0
300334,105,488,0.7126513719558716,141.6733090430498,0
300335,105,489,0.7179895043373108,142.39129854738712,0
300336,105,490,0.7251205444335938,143.11641909182072,0
300337,105,491,0.7339473366737366,143.85036642849445,0
300338,105,492,0.7339048981666565,144.5842713266611,0
300339,105,493,0.7461942434310913,145.3304655700922,0
300340,105,494,0.7489578127861023,146.0794233828783,0
300341,105,495,0.7487866878509521,146.82821007072926,0
300342,105,496,0.7493751645088196,147.57758523523808,0
300343,105,497,0.7541220784187317,148.3317073136568,0
300344,105,498,0.7592405080795288,149.09094782173634,0
300345,105,499,0.765767514705658,149.856715336442,0
300346,105,500,0.7724056839942932,150.6291210204363,0
300347,105,501,0.7796078324317932,151.40872885286808,0
300348,105,502,0.7870504260063171,152.1957792788744,0
300349,105,503,0.7946033477783203,152.99038262665272,0
300350,105,504,0.8137357831001282,153.80411840975285,0
300351,105,505,0.8135795593261719,154.61769796907902,0
300352,105,506,0.8159137964248657,155.43361176550388,0
300353,105,507,0.8198766708374023,156.25348843634129,0
300354,105,508,0.8259211778640747,157.07940961420536,0
300355,105,509,0.8457002639770508,157.9251098781824,0
300356,105,510,0.8499587178230286,158.77506859600544,0
300357,105,511,0.8518469333648682,159.6269155293703,0
300358,105,512,0.8558073043823242,160.48272283375263,0
300359,105,513,0.8631573915481567,161.3458802253008,0
300360,105,514,0.8718199133872986,162.2177001386881,0
300361,105,515,0.8946056365966797,163.11230577528477,0
300362,105,516,0.8997113108634949,164.01201708614826,0
300363,105,517,0.895481526851654,164.90749861299992,0
300364,105,518,0.8955241441726685,165.80302275717258,0
300365,105,519,0.9159277081489563,166.71895046532154,0
300366,105,520,0.9216728806495667,167.6406233459711,0
300367,105,521,0.9264564514160156,168.56707979738712,0
300368,105,522,0.9444592595100403,169.51153905689716,0
300369,105,523,0.948239266872406,170.45977832376957,0
300370,105,524,0.950787365436554,171.41056568920612,0
300371,105,525,0.9672103524208069,172.37777604162693,0
300372,105,526,0.9718493819236755,173.3496254235506,0
300373,105,527,0.9823874235153198,174.33201284706593,0
300374,105,528,0.9843191504478455,175.31633199751377,0
300375,105,529,0.9964990019798279,176.3128309994936,0
300376,105,530,1.0009444952011108,177.3137754946947,0
300377,105,531,1.008583426475525,178.32235892117023,0
300378,105,532,1.0132306814193726,179.3355896025896,0
300379,105,533,1.0274875164031982,180.3630771189928,0
300380,105,534,1.0317827463150024,181.3948598653078,0
300381,105,535,1.030441403388977,182.42530126869678,0
300382,105,536,1.047802448272705,183.4731037169695,0
300383,105,537,1.0516936779022217,184.5247973948717,0
300384,105,538,1.0524479150772095,185.57724530994892,0
300385,105,539,1.0546345710754395,186.63187988102436,0
300386,105,540,1.0594130754470825,187.69129295647144,0
300387,105,541,1.0791029930114746,188.77039594948292,0
300388,105,542,1.079944372177124,189.85034032166004,0
300389,105,543,1.0829674005508423,190.93330772221088,0
300390,105,544,1.0778969526290894,192.01120467483997,0
300391,105,545,1.0805097818374634,193.09171445667744,0
300392,105,546,1.0694034099578857,194.16111786663532,0
300393,105,547,1.0588085651397705,195.2199264317751,0
300394,105,548,1.0489064455032349,196.26883287727833,0
300395,105,549,1.0400558710098267,197.30888874828815,0
300396,105,550,1.0452275276184082,198.35411627590656,0
300397,105,551,1.0334645509719849,199.38758082687855,0
300398,105,552,1.022804617881775,200.41038544476032,0
300399,105,553,1.012982726097107,201.42336817085743,0
300400,105,554,1.0042381286621094,202.42760629951954,0
300401,105,555,0.9961572289466858,203.42376352846622,0
300402,105,556,1.0002267360687256,204.42399026453495,0
300403,105,557,0.9894497394561768,205.41344000399113,0
300404,105,558,0.9783788919448853,206.391818895936,0
300405,105,559,0.9698145389556885,207.3616334348917,0
300406,105,560,0.9736226797103882,208.3352561146021,0
300407,105,561,0.9652670621871948,209.30052317678928,0
300408,105,562,0.9549118280410767,210.25543500483036,0
300409,105,563,0.9452333450317383,211.2006683498621,0
300410,105,564,0.9384550452232361,212.13912339508533,0
300411,105,565,0.9321951866149902,213.07131858170033,0
300412,105,566,0.9372511506080627,214.0085697323084,0
300413,105,567,0.9259161949157715,214.93448592722416,0
300414,105,568,0.9164294004440308,215.8509153276682,0
300415,105,569,0.909535825252533,216.76045115292072,0
300416,105,570,0.9029837250709534,217.66343487799168,0
300417,105,571,0.896802544593811,218.5602374225855,0
300418,105,572,0.90260249376297,219.46283991634846,0
300419,105,573,0.8909007906913757,220.35374070703983,0
300420,105,574,0.8854613304138184,221.23920203745365,0
300421,105,575,0.8788132071495056,222.11801524460316,0
300422,105,576,0.8787178993225098,222.99673314392567,0
300423,105,577,0.8745145201683044,223.87124766409397,0
300424,105,578,0.8711905479431152,224.7424382120371,0
300425,105,579,0.8582916855812073,225.6007298976183,0
300426,105,580,0.8612056374549866,226.46193553507328,0
300427,105,581,0.8533375263214111,227.3152730613947,0
300428,105,582,0.8423093557357788,228.15758241713047,0
300429,105,583,0.8473950624465942,229.00497747957706,0
300430,105,584,0.8391339182853699,229.84411139786243,0
300431,105,585,0.8382954001426697,230.6824067980051,0
300432,105,586,0.8322095274925232,231.51461632549763,0
300433,105,587,0.8223482370376587,232.3369645625353,0
300434,105,588,0.8148019313812256,233.1517664939165,0
300435,105,589,0.823358952999115,233.97512544691563,0
300436,105,590,0.8146606683731079,234.78978611528873,0
300437,105,591,0.8147608041763306,235.60454691946507,0
300438,105,592,0.8054046034812927,236.40995152294636,0
300439,105,593,0.7944629192352295,237.2044144421816,0
300440,105,594,0.7892830967903137,237.9936975389719,0
300441,105,595,0.7865626811981201,238.78026022017002,0
300442,105,596,0.7975422739982605,239.57780249416828,0
300443,105,597,0.7942290306091309,240.3720315247774,0
300444,105,598,0.7829542756080627,241.15498580038548,0
300445,105,599,0.7742799520492554,241.92926575243473,0
300446,105,600,0.7829934358596802,242.7122591882944,0
300447,105,601,0.7751952409744263,243.48745442926884,0
300448,105,602,0.7757765650749207,244.26323099434376,0
300449,105,603,0.7694079875946045,245.03263898193836,0
300450,105,604,0.77280193567276,245.80544091761112,0
300451,105,605,0.7681875228881836,246.5736284404993,0
300452,105,606,0.7681105136871338,247.34173895418644,0
300453,105,607,0.7654439210891724,248.1071828752756,0
300454,105,608,0.7578373551368713,248.86502023041248,0
300455,105,609,0.7593541145324707,249.62437434494495,0
300456,105,610,0.7542879581451416,250.3786623030901,0
300457,105,611,0.7480103969573975,251.1266727000475,0
300458,105,612,0.7530421018600464,251.87971480190754,0
300459,105,613,0.7484751343727112,252.62818993628025,0
300460,105,614,0.7410473227500916,253.36923725903034,0
300461,105,615,0.7356682419776917,254.10490550100803,0
300462,105,616,0.7301095724105835,254.83501507341862,0
300463,105,617,0.7395634055137634,255.57457847893238,0
300464,105,618,0.7325778007507324,256.3071562796831,0
300465,105,619,0.725336492061615,257.0324927717447,0
300466,105,620,0.7189342975616455,257.7514270693064,0
300467,105,621,0.713641881942749,258.4650689512491,0
300468,105,622,0.7211231589317322,259.18619211018085,0
300469,105,623,0.7129120230674744,259.89910413324833,0
300470,105,624,0.7109384536743164,260.61004258692265,0
300471,105,625,0.7044801115989685,261.3145226985216,0
300472,105,626,0.6963266134262085,262.0108493119478,0
300473,105,627,0.701948881149292,262.7127981930971,0
300474,105,628,0.6924784779548645,263.405276671052,0
300475,105,629,0.6932978630065918,264.09857453405857,0
300476,105,630,0.686499297618866,264.78507383167744,0
300477,105,631,0.686743974685669,265.4718178063631,0
300478,105,632,0.6810338497161865,266.1528516560793,0
300479,105,633,0.6802783608436584,266.83313001692295,0
300480,105,634,0.6724374294281006,267.50556744635105,0
300481,105,635,0.6639361381530762,268.1695035845041,0
300482,105,636,0.6575995683670044,268.82710315287113,0
300483,105,637,0.653215229511261,269.4803183823824,0
300484,105,638,0.6497923135757446,270.13011069595814,0
300485,105,639,0.6476933360099792,270.7778040319681,0
300486,105,640,0.6446878910064697,271.4224919229746,0
300487,105,641,0.641877293586731,272.0643692165613,0
300488,105,642,0.6385995149612427,272.70296873152256,0
300489,105,643,0.6350497603416443,273.3380184918642,0
300490,105,644,0.6313186287879944,273.9693371206522,0
300491,105,645,0.6273755431175232,274.5967126637697,0
300492,105,646,0.6232742071151733,275.2199868708849,0
300493,105,647,0.6191315054893494,275.83911837637424,0
300494,105,648,0.6264269948005676,276.4655453711748,0
300495,105,649,0.6146707534790039,277.0802161246538,0
300496,105,650,0.6117989420890808,277.6920150667429,0
300497,105,651,0.604803740978241,278.29681880772114,0
300498,105,652,0.5963680744171143,278.89318688213825,0
300499,105,653,0.5881674885749817,279.48135437071323,0
300500,105,654,0.5949133634567261,280.07626773416996,0
300501,105,655,0.5896772742271423,280.6659450083971,0
300502,105,656,0.5872476100921631,281.25319261848927,0
300503,105,657,0.5843731760978699,281.83756579458714,0
300504,105,658,0.577785313129425,282.41535110771656,0
300505,105,659,0.5695956349372864,282.98494674265385,0
300506,105,660,0.5631152391433716,283.5480619817972,0
300507,105,661,0.5582314729690552,284.1062934547663,0
300508,105,662,0.5542299747467041,284.660523429513,0
300509,105,663,0.5505457520484924,285.21106918156147,0
300510,105,664,0.5587978363037109,285.7698670178652,0
300511,105,665,0.5522065758705139,286.3220735937357,0
300512,105,666,0.5393553972244263,286.8614289909601,0
300513,105,667,0.5449460744857788,287.4063750654459,0
300514,105,668,0.5424321293830872,287.948807194829,0
300515,105,669,0.5324338674545288,288.4812410622835,0
300516,105,670,0.5236650705337524,289.00490613281727,0
300517,105,671,0.5174432992935181,289.5223494321108,0
300518,105,672,0.513603150844574,290.03595258295536,0
300519,105,673,0.5235517024993896,290.55950428545475,0
300520,105,674,0.5158819556236267,291.0753862410784,0
300521,105,675,0.5019838809967041,291.5773701220751,0
300522,105,676,0.5077474117279053,292.085117533803,0
300523,105,677,0.5020408630371094,292.5871583968401,0
300524,105,678,0.4994662404060364,293.08662463724613,0
300525,105,679,0.4952828586101532,293.5819074958563,0
300526,105,680,0.4890633225440979,294.0709708184004,0
300527,105,681,0.4806026518344879,294.55157347023487,0
300528,105,682,0.47622910141944885,295.0278025716543,0
300529,105,683,0.48667657375335693,295.5144791454077,0
300530,105,684,0.4800547659397125,295.9945339113474,0
300531,105,685,0.4662039577960968,296.4607378691435,0
300532,105,686,0.47492125630378723,296.9356591254473,0
300533,105,687,0.4712810516357422,297.406940177083,0
300534,105,688,0.46159619092941284,297.8685363680124,0
300535,105,689,0.45334574580192566,298.32188211381435,0
300536,105,690,0.46417778730392456,298.7860599011183,0
300537,105,691,0.45846453309059143,299.24452443420887,0
300538,105,692,0.4605419635772705,299.70506639778614,0
300539,105,693,0.45799529552459717,300.16306169331074,0
300540,105,694,0.4565202295780182,300.61958192288876,0
300541,105,695,0.44609034061431885,301.0656722635031,0
300542,105,696,0.4542340338230133,301.5199062973261,0
300543,105,697,0.44984713196754456,301.96975342929363,0
300544,105,698,0.44183123111724854,302.4115846604109,0
300545,105,699,0.436867356300354,302.84845201671124,0
300546,105,700,0.4319687485694885,303.2804207652807,0
300547,105,701,0.4418160915374756,303.7222368568182,0
300548,105,702,0.43370580673217773,304.1559426635504,0
300549,105,703,0.4347417950630188,304.5906844586134,0
300550,105,704,0.4325214922428131,305.0232059508562,0
300551,105,705,0.4255245625972748,305.4487305134535,0
300552,105,706,0.4183744788169861,305.86710499227047,0
300553,105,707,0.41270768642425537,306.2798126786947,0
300554,105,708,0.4212810695171356,306.70109374821186,0
300555,105,709,0.41558584570884705,307.1166795939207,0
300556,105,710,0.4023423492908478,307.51902194321156,0
300557,105,711,0.4107415974140167,307.9297635406256,0
300558,105,712,0.40634840726852417,308.3361119478941,0
300559,105,713,0.4040828347206116,308.7401947826147,0
300560,105,714,0.39539605379104614,309.13559083640575,0
300561,105,715,0.40235885977745056,309.5379496961832,0
300562,105,716,0.3958853781223297,309.93383507430553,0
300563,105,717,0.38668593764305115,310.3205210119486,0
300564,105,718,0.38089466094970703,310.7014156728983,0
300565,105,719,0.37648290395736694,311.07789857685566,0
300566,105,720,0.3753511905670166,311.4532497674227,0
300567,105,721,0.38580822944641113,311.8390579968691,0
300568,105,722,0.3773302137851715,312.21638821065426,0
300569,105,723,0.37046584486961365,312.5868540555239,0
300570,105,724,0.3648853302001953,312.95173938572407,0
300571,105,725,0.3733921945095062,313.3251315802336,0
300572,105,726,0.3678935766220093,313.6930251568556,0
300573,105,727,0.3583478033542633,314.05137296020985,0
300574,105,728,0.37007248401641846,314.42144544422626,0
300575,105,729,0.36577290296554565,314.7872183471918,0
300576,105,730,0.35803261399269104,315.1452509611845,0
300577,105,731,0.3677464425563812,315.5129974037409,0
300578,105,732,0.3621038496494293,315.8751012533903,0
300579,105,733,0.35471031069755554,316.22981156408787,0
300580,105,734,0.34703582525253296,316.5768473893404,0
300581,105,735,0.34318411350250244,316.9200315028429,0
300582,105,736,0.34190604090690613,317.2619375437498,0
300583,105,737,0.34027954936027527,317.6022170931101,0
300584,105,738,0.3387927711009979,317.9410098642111,0
300585,105,739,0.33721688389778137,318.27822674810886,0
300586,105,740,0.335559219121933,318.6137859672308,0
300587,105,741,0.3454093039035797,318.9591952711344,0
300588,105,742,0.3411385416984558,319.30033381283283,0
300589,105,743,0.32806965708732605,319.62840346992016,0
300590,105,744,0.33589109778404236,319.9642945677042,0
300591,105,745,0.33205103874206543,320.29634560644627,0
300592,105,746,0.33212870359420776,320.6284743100405,0
300593,105,747,0.3296516537666321,320.9581259638071,0
300594,105,748,0.3235064446926117,321.2816324084997,0
300595,105,749,0.331042617559433,321.61267502605915,0
300596,105,750,0.32646042108535767,321.9391354471445,0
300597,105,751,0.322424054145813,322.2615595012903,0
300598,105,752,0.327425479888916,322.58898498117924,0
300599,105,753,0.32511207461357117,322.9140970557928,0
300600,105,754,0.3184908628463745,323.2325879186392,0
300601,105,755,0.3233833312988281,323.555971249938,0
300602,105,756,0.3158814013004303,323.87185265123844,0
300603,105,757,0.3055964410305023,324.17744909226894,0
300604,105,758,0.3159031867980957,324.49335227906704,0
300605,105,759,0.31335070729255676,324.8067029863596,0
300606,105,760,0.3163353204727173,325.1230383068323,0
300607,105,761,0.3163255751132965,325.4393638819456,0
300608,105,762,0.3113464415073395,325.75071032345295,0
300609,105,763,0.3163018822669983,326.06701220571995,0
300610,105,764,0.31182026863098145,326.37883247435093,0
300611,105,765,0.3137606978416443,326.6925931721926,0
300612,105,766,0.31219223141670227,327.0047854036093,0
300613,105,767,0.30566537380218506,327.31045077741146,0
300614,105,768,0.30160632729530334,327.61205710470676,0
300615,105,769,0.309257835149765,327.92131493985653,0
300616,105,770,0.3041614592075348,328.22547639906406,0
300617,105,771,0.29789674282073975,328.5233731418848,0
300618,105,772,0.2925582230091095,328.8159313648939,0
300619,105,773,0.28934916853904724,329.10528053343296,0
300620,105,774,0.28684312105178833,329.39212365448475,0
300621,105,775,0.2850300371646881,329.67715369164944,0
300622,105,776,0.28350234031677246,329.9606560319662,0
300623,105,777,0.2943210005760193,330.25497703254223,0
300624,105,778,0.2873489558696747,330.5423259884119,0
300625,105,779,0.2811318337917328,330.82345782220364,0
300626,105,780,0.27605175971984863,331.0995095819235,0
300627,105,781,0.2852938175201416,331.3848033994436,0
300628,105,782,0.27851438522338867,331.663317784667,0
300629,105,783,0.2722090184688568,331.9355268031359,0
300630,105,784,0.2667846977710724,332.20231150090694,0
300631,105,785,0.2627919614315033,332.46510346233845,0
300632,105,786,0.2614108920097351,332.7265143543482,0
300633,105,787,0.2594391703605652,332.98595352470875,0
300634,105,788,0.2578185796737671,333.2437721043825,0
300635,105,789,0.2681898772716522,333.51196198165417,0
300636,105,790,0.2630334496498108,333.774995431304,0
300637,105,791,0.26068735122680664,334.0356827825308,0
300638,105,792,0.25787416100502014,334.2935569435358,0
300639,105,793,0.2614118158817291,334.55496875941753,0
300640,105,794,0.2584296762943268,334.81339843571186,0
300641,105,795,0.25179994106292725,335.0651983767748,0
300642,105,796,0.24753069877624512,335.31272907555103,0
300643,105,797,0.2429315149784088,335.55566059052944,0
300644,105,798,0.24094992876052856,335.79661051928997,0
300645,105,799,0.2529030740261078,336.0495135933161,0
300646,105,800,0.24750615656375885,336.29701974987984,0
300647,105,801,0.24373459815979004,336.5407543480396,0
300648,105,802,0.24960610270500183,336.79036045074463,0
300649,105,803,0.24307091534137726,337.033431366086,0
300650,105,804,0.248614102602005,337.282045468688,0
300651,105,805,0.24377848207950592,337.5258239507675,0
300652,105,806,0.24813078343868256,337.7739547342062,0
300653,105,807,0.24564923346042633,338.0196039676666,0
300654,105,808,0.23901543021202087,338.25861939787865,0
300655,105,809,0.2336760014295578,338.4922953993082,0
300656,105,810,0.24237316846847534,338.7346685677767,0
300657,105,811,0.23681828379631042,338.971486851573,0
300658,105,812,0.23072318732738495,339.2022100389004,0
300659,105,813,0.2275705486536026,339.429780587554,0
300660,105,814,0.2384582906961441,339.6682388782501,0
300661,105,815,0.23255985975265503,339.9007987380028,0
300662,105,816,0.22659561038017273,340.12739434838295,0
300663,105,817,0.22151219844818115,340.34890654683113,0
300664,105,818,0.2179255336523056,340.56683208048344,0
300665,105,819,0.215596541762352,340.7824286222458,0
300666,105,820,0.227472186088562,341.00990080833435,0
300667,105,821,0.22301709651947021,341.2329179048538,0
300668,105,822,0.22223590314388275,341.4551538079977,0
300669,105,823,0.21732531487941742,341.6724791228771,0
300670,105,824,0.21212680637836456,341.8846059292555,0
300671,105,825,0.2220647931098938,342.1066707223654,0
300672,105,826,0.21857231855392456,342.3252430409193,0
300673,105,827,0.2152341604232788,342.5404772013426,0
300674,105,828,0.21003267168998718,342.75050987303257,0
300675,105,829,0.21916694939136505,342.96967682242393,0
300676,105,830,0.21578797698020935,343.18546479940414,0
300677,105,831,0.2173910290002823,343.4028558284044,0
300678,105,832,0.21259938180446625,343.6154552102089,0
300679,105,833,0.20593419671058655,343.8213894069195,0
300680,105,834,0.20402346551418304,344.02541287243366,0
300681,105,835,0.21542532742023468,344.2408381998539,0
300682,105,836,0.212424635887146,344.45326283574104,0
300683,105,837,0.2164074331521988,344.66967026889324,0
300684,105,838,0.2123381495475769,344.8820084184408,0
300685,105,839,0.20435397326946259,345.0863623917103,0
300686,105,840,0.21331201493740082,345.2996744066477,0
300687,105,841,0.20924939215183258,345.5089237987995,0
300688,105,842,0.2009025663137436,345.70982636511326,0
300689,105,843,0.2101469337940216,345.9199732989073,0
300690,105,844,0.20598991215229034,346.12596321105957,0
300691,105,845,0.20330220460891724,346.3292654156685,0
300692,105,846,0.21134626865386963,346.54061168432236,0
300693,105,847,0.2072412222623825,346.74785290658474,0
300694,105,848,0.2075054794549942,346.95535838603973,0
300695,105,849,0.20112454891204834,347.1564829349518,0
300696,105,850,0.211426243185997,347.3679091781378,0
300697,105,851,0.20654916763305664,347.57445834577084,0
300698,105,852,0.21117733418941498,347.78563567996025,0
300699,105,853,0.21019883453845978,347.9958345144987,0
300700,105,854,0.20334573090076447,348.1991802453995,0
300701,105,855,0.21101859211921692,348.4101988375187,0
300702,105,856,0.20698782801628113,348.617186665535,0
300703,105,857,0.20251275599002838,348.819699421525,0
300704,105,858,0.19946394860744476,349.01916337013245,0
300705,105,859,0.20456260442733765,349.2237259745598,0
300706,105,860,0.20797304809093475,349.4316990226507,0
300707,105,861,0.20458100736141205,349.63628003001213,0
300708,105,862,0.20576068758964539,349.8420407176018,0
300709,105,863,0.20105628669261932,350.0430970042944,0
300710,105,864,0.1947828233242035,350.2378798276186,0
300711,105,865,0.20321592688560486,350.4410957545042,0
300712,105,866,0.2023942768573761,350.6434900313616,0
300713,105,867,0.1968228965997696,350.84031292796135,0
300714,105,868,0.1922309845685959,351.03254391252995,0
300715,105,869,0.18930016458034515,351.2218440771103,0
300716,105,870,0.188524067401886,351.4103681445122,0
300717,105,871,0.19990280270576477,351.61027094721794,0
300718,105,872,0.19527330994606018,351.805544257164,0
300719,105,873,0.1897422820329666,351.99528653919697,0
300720,105,874,0.1955796182155609,352.19086615741253,0
300721,105,875,0.19093547761440277,352.38180163502693,0
300722,105,876,0.19029991328716278,352.5721015483141,0
300723,105,877,0.1925664246082306,352.7646679729223,0
300724,105,878,0.18975529074668884,352.954423263669,0
300725,105,879,0.184883713722229,353.13930697739124,0
300726,105,880,0.18070361018180847,353.32001058757305,0
300727,105,881,0.17836850881576538,353.4983790963888,0
300728,105,882,0.17719489336013794,353.67557398974895,0
300729,105,883,0.18919287621974945,353.8647668659687,0
300730,105,884,0.18185867369174957,354.04662553966045,0
300731,105,885,0.17632780969142914,354.2229533493519,0
300732,105,886,0.17285634577274323,354.3958096951246,0
300733,105,887,0.18367338180541992,354.57948307693005,0
300734,105,888,0.17775724828243256,354.7572403252125,0
300735,105,889,0.17222368717193604,354.9294640123844,0
300736,105,890,0.16761654615402222,355.09708055853844,0
300737,105,891,0.16453370451927185,355.2616142630577,0
300738,105,892,0.17605556547641754,355.4376698285341,0
300739,105,893,0.1696770191192627,355.6073468476534,0
300740,105,894,0.16428107023239136,355.7716279178858,0
300741,105,895,0.17278800904750824,355.9444159269333,0
300742,105,896,0.1680929958820343,356.1125089228153,0
300743,105,897,0.158175528049469,356.2706844508648,0
300744,105,898,0.16988803446292877,356.4405724853277,0
300745,105,899,0.16692589223384857,356.60749837756157,0
300746,105,900,0.16251391172409058,356.77001228928566,0
300747,105,901,0.1698436737060547,356.9398559629917,0
300748,105,902,0.16604529321193695,357.10590125620365,0
300749,105,903,0.1674772948026657,357.2733785510063,0
300750,105,904,0.16015379130840302,357.4335323423147,0
300751,105,905,0.16657567024230957,357.60010801255703,0
300752,105,906,0.1638796627521515,357.7639876753092,0
300753,105,907,0.15735147893428802,357.92133915424347,0
300754,105,908,0.16656547784805298,358.0879046320915,0
300755,105,909,0.163772314786911,358.25167694687843,0
300756,105,910,0.15558792650699615,358.40726487338543,0
300757,105,911,0.14970514178276062,358.5569700151682,0
300758,105,912,0.16405326128005981,358.72102327644825,0
300759,105,913,0.15988831222057343,358.8809115886688,0
300760,105,914,0.1500931680202484,359.0310047566891,0
300761,105,915,0.1626064032316208,359.1936111599207,0
300762,105,916,0.15938976407051086,359.3530009239912,0
300763,105,917,0.16350646317005157,359.51650738716125,0
300764,105,918,0.15739408135414124,359.6739014685154,0
300765,105,919,0.1633601039648056,359.8372615724802,0
300766,105,920,0.15836550295352936,359.99562707543373,0
300767,105,921,0.1546240597963333,360.15025113523006,0
300768,105,922,0.149631068110466,360.29988220334053,0
300769,105,923,0.14831531047821045,360.44819751381874,0
300770,105,924,0.14862766861915588,360.5968251824379,0
300771,105,925,0.1497097611427307,360.7465349435806,0
300772,105,926,0.15011732280254364,360.89665226638317,0
300773,105,927,0.16256383061408997,361.05921609699726,0
300774,105,928,0.15998458862304688,361.2192006856203,0
300775,105,929,0.15829384326934814,361.37749452888966,0
300776,105,930,0.15393096208572388,361.5314254909754,0
300777,105,931,0.1489492505788803,361.68037474155426,0
300778,105,932,0.1597563773393631,361.8401311188936,0
300779,105,933,0.15668702125549316,361.9968181401491,0
300780,105,934,0.16001421213150024,362.1568323522806,0
300781,105,935,0.15632019937038422,362.313152551651,0
300782,105,936,0.14985141158103943,362.46300396323204,0
300783,105,937,0.14842143654823303,362.6114253997803,0
300784,105,938,0.14694732427597046,362.75837272405624,0
300785,105,939,0.14612574875354767,362.9044984728098,0
300786,105,940,0.1590745449066162,363.0635730177164,0
300787,105,941,0.1547280102968216,363.21830102801323,0
300788,105,942,0.1460181474685669,363.3643191754818,0
300789,105,943,0.15578638017177582,363.5201055556536,0
300790,105,944,0.15444736182689667,363.67455291748047,0
300791,105,945,0.15563222765922546,363.8301851451397,0
300792,105,946,0.1522241085767746,363.98240925371647,0
300793,105,947,0.16068817675113678,364.1430974304676,0
300794,105,948,0.1586310714483261,364.30172850191593,0
300795,105,949,0.1508561074733734,364.4525846093893,0
300796,105,950,0.14536088705062866,364.59794549643993,0
300797,105,951,0.1426655799150467,364.740611076355,0
300798,105,952,0.1551983505487442,364.8958094269037,0
300799,105,953,0.14952196180820465,365.04533138871193,0
300800,105,954,0.14418135583400726,365.18951274454594,0
300801,105,955,0.14001306891441345,365.32952581346035,0
300802,105,956,0.1380525380373001,365.46757835149765,0
300803,105,957,0.14908768236637115,365.616666033864,0
300804,105,958,0.1424940526485443,365.75916008651257,0
300805,105,959,0.1370125263929367,365.8961726129055,0
300806,105,960,0.13261322677135468,366.02878583967686,0
300807,105,961,0.13120263814926147,366.1599884778261,0
300808,105,962,0.1296951174736023,366.2896835952997,0
300809,105,963,0.14155873656272888,366.43124233186245,0
300810,105,964,0.13783013820648193,366.56907247006893,0
300811,105,965,0.137721985578537,366.70679445564747,0
300812,105,966,0.1342552900314331,366.8410497456789,0
300813,105,967,0.13712573051452637,366.9781754761934,0
300814,105,968,0.13516245782375336,367.1133379340172,0
300815,105,969,0.1292731761932373,367.2426111102104,0
300816,105,970,0.12353881448507309,367.3661499246955,0
300817,105,971,0.12214703857898712,367.4882969632745,0
300818,105,972,0.12029343098402023,367.6085903942585,0
300819,105,973,0.11967607587575912,367.72826647013426,0
300820,105,974,0.13227498531341553,367.8605414554477,0
300821,105,975,0.1262165755033493,367.986758030951,0
300822,105,976,0.12316764891147614,368.1099256798625,0
300823,105,977,0.11916207522153854,368.22908775508404,0
300824,105,978,0.11719965189695358,368.346287406981,0
300825,105,979,0.11575686931610107,368.4620442762971,0
300826,105,980,0.1152215376496315,368.5772658139467,0
300827,105,981,0.11494764685630798,368.69221346080303,0
300828,105,982,0.12703761458396912,368.819251075387,0
300829,105,983,0.11941499263048172,368.9386660680175,0
300830,105,984,0.12328546494245529,369.06195153295994,0
300831,105,985,0.12133601307868958,369.1832875460386,0
300832,105,986,0.11688591539859772,369.3001734614372,0
300833,105,987,0.11406959593296051,369.4142430573702,0
300834,105,988,0.12587128579616547,369.54011434316635,0
300835,105,989,0.12136127054691315,369.66147561371326,0
300836,105,990,0.12515980005264282,369.7866354137659,0
300837,105,991,0.12557636201381683,369.9122117757797,0
300838,105,992,0.12323381751775742,370.0354455932975,0
300839,105,993,0.1285073608160019,370.1639529541135,0
300840,105,994,0.12563484907150269,370.289587803185,0
300841,105,995,0.12803654372692108,370.4176243469119,0
300842,105,996,0.12052571773529053,370.5381500646472,0
300843,105,997,0.1279314011335373,370.66608146578074,0
300844,105,998,0.12648802995681763,370.79256949573755,0
300845,105,999,0.11915569752454758,370.9117251932621,0
300846,105,1000,0.11450152099132538,371.0262267142534,0
300847,105,1001,0.11338212341070175,371.1396088376641,0
300848,105,1002,0.11292002350091934,371.25252886116505,0
300849,105,1003,0.11402598768472672,371.3665548488498,0
300850,105,1004,0.12706704437732697,371.4936218932271,0
300851,105,1005,0.12357877939939499,371.6172006726265,0
300852,105,1006,0.12235375493764877,371.73955442756414,0
300853,105,1007,0.12174281477928162,371.8612972423434,0
300854,105,1008,0.11832358688116074,371.9796208292246,0
300855,105,1009,0.11516938358545303,372.09479021281004,0
300856,105,1010,0.11315768212080002,372.20794789493084,0
300857,105,1011,0.11254201084375381,372.3204899057746,0
300858,105,1012,0.11340680718421936,372.4338967129588,0
300859,105,1013,0.11387859284877777,372.5477753058076,0
300860,105,1014,0.12655450403690338,372.6743298098445,0
300861,105,1015,0.12015268206596375,372.79448249191046,0
300862,105,1016,0.1238214522600174,372.9183039441705,0
300863,105,1017,0.12061803042888641,373.03892197459936,0
300864,105,1018,0.11703243851661682,373.155954413116,0
300865,105,1019,0.11205938458442688,373.2680137977004,0
300866,105,1020,0.10877659916877747,373.3767903968692,0
300867,105,1021,0.10723716765642166,373.4840275645256,0
300868,105,1022,0.11976177245378494,373.6037893369794,0
300869,105,1023,0.11334057152271271,373.7171299085021,0
300870,105,1024,0.11090508848428726,373.8280349969864,0
300871,105,1025,0.10950466990470886,373.9375396668911,0
300872,105,1026,0.10729467868804932,374.04483434557915,0
300873,105,1027,0.10626720637083054,374.15110155195,0
300874,105,1028,0.10597388446331024,374.2570754364133,0
300875,105,1029,0.10665229707956314,374.36372773349285,0
300876,105,1030,0.10702666640281677,374.47075439989567,0
300877,105,1031,0.10743996500968933,374.57819436490536,0
300878,105,1032,0.10771722346544266,374.6859115883708,0
300879,105,1033,0.10794788599014282,374.79385947436094,0
300880,105,1034,0.10808718204498291,374.9019466564059,0
300881,105,1035,0.12030915170907974,375.022255808115,0
300882,105,1036,0.11222949624061584,375.1344853043556,0
300883,105,1037,0.10692129284143448,375.24140659719706,0
300884,105,1038,0.10338917374610901,375.34479577094316,0
300885,105,1039,0.10097008943557739,375.44576586037874,0
300886,105,1040,0.09969675540924072,375.545462615788,0
300887,105,1041,0.09917962551116943,375.64464224129915,0
300888,105,1042,0.09954893589019775,375.74419117718935,0
300889,105,1043,0.09979811310768127,375.84398929029703,0
300890,105,1044,0.09997852146625519,375.9439678117633,0
300891,105,1045,0.11232038587331772,376.0562881976366,0
300892,105,1046,0.1044234111905098,376.1607116088271,0
300893,105,1047,0.09916669130325317,376.25987830013037,0
300894,105,1048,0.1078818067908287,376.3677601069212,0
300895,105,1049,0.10322494804859161,376.4709850549698,0
300896,105,1050,0.10333921015262604,376.5743242651224,0
300897,105,1051,0.103549063205719,376.67787332832813,0
300898,105,1052,0.09834549576044083,376.7762188240886,0
300899,105,1053,0.0929485410451889,376.86916736513376,0
300900,105,1054,0.08935442566871643,376.9585217908025,0
300901,105,1055,0.08945218473672867,377.0479739755392,0
300902,105,1056,0.08909452706575394,377.13706850260496,0
300903,105,1057,0.10195858031511307,377.2390270829201,0
300904,105,1058,0.09502585232257843,377.33405293524265,0
300905,105,1059,0.0900500938296318,377.4241030290723,0
300906,105,1060,0.08860106021165848,377.51270408928394,0
300907,105,1061,0.0864570289850235,377.59916111826897,0
300908,105,1062,0.08564644306898117,377.68480756133795,0
300909,105,1063,0.08542632311582565,377.7702338844538,0
300910,105,1064,0.08561427891254425,377.8558481633663,0
300911,105,1065,0.09820722043514252,377.95405538380146,0
300912,105,1066,0.09464901685714722,378.0487044006586,0
300913,105,1067,0.08248278498649597,378.1311871856451,0
300914,105,1068,0.07779579609632492,378.2089829817414,0
300915,105,1069,0.07631441205739975,378.2852973937988,0
300916,105,1070,0.09378550946712494,378.37908290326595,0
300917,105,1071,0.09299157559871674,378.47207447886467,0
300918,105,1072,0.08664534986019135,378.55871982872486,0
300919,105,1073,0.09451965242624283,378.6532394811511,0
300920,105,1074,0.0909009799361229,378.7441404610872,0
300921,105,1075,0.08525638282299042,378.8293968439102,0
300922,105,1076,0.08314212411642075,378.91253896802664,0
300923,105,1077,0.08246926963329315,378.99500823765993,0
300924,105,1078,0.0821133553981781,379.0771215930581,0
300925,105,1079,0.09570910781621933,379.17283070087433,0
300926,105,1080,0.08917310833930969,379.26200380921364,0
300927,105,1081,0.08450593054294586,379.3465097397566,0
300928,105,1082,0.08134498447179794,379.4278547242284,0
300929,105,1083,0.09198050200939178,379.5198352262378,0
300930,105,1084,0.08842391520738602,379.60825914144516,0
300931,105,1085,0.08591309934854507,379.6941722407937,0
300932,105,1086,0.08227033913135529,379.77644257992506,0
300933,105,1087,0.08165649324655533,379.8580990731716,0
300934,105,1088,0.08104553073644638,379.93914460390806,0
300935,105,1089,0.08131381869316101,380.0204584226012,0
300936,105,1090,0.08207260817289352,380.1025310307741,0
300937,105,1091,0.09518148750066757,380.1977125182748,0
300938,105,1092,0.08905240893363953,380.2867649272084,0
300939,105,1093,0.09351588040590286,380.3802808076143,0
300940,105,1094,0.09050791710615158,380.4707887247205,0
300941,105,1095,0.0875174030661583,380.55830612778664,0
300942,105,1096,0.08290594071149826,380.64121206849813,0
300943,105,1097,0.08008528500795364,380.7212973535061,0
300944,105,1098,0.09241735935211182,380.8137147128582,0
300945,105,1099,0.0869523212313652,380.90066703408957,0
300946,105,1100,0.08237379789352417,380.9830408319831,0
300947,105,1101,0.0789920762181282,381.0620329082012,0
300948,105,1102,0.09105069190263748,381.15308360010386,0
300949,105,1103,0.08701519668102264,381.2400987967849,0
300950,105,1104,0.08922597765922546,381.3293247744441,0
300951,105,1105,0.08795163780450821,381.4172764122486,0
300952,105,1106,0.08306615799665451,381.50034257024527,0
300953,105,1107,0.0781993642449379,381.5785419344902,0
300954,105,1108,0.07530323415994644,381.65384516865015,0
300955,105,1109,0.07551009953022003,381.72935526818037,0
300956,105,1110,0.07565958797931671,381.8050148561597,0
300957,105,1111,0.08917252719402313,381.8941873833537,0
300958,105,1112,0.08359560370445251,381.97778298705816,0
300959,105,1113,0.08653798699378967,382.06432097405195,0
300960,105,1114,0.0863601416349411,382.1506811156869,0
300961,105,1115,0.08511245995759964,382.2357935756445,0
300962,105,1116,0.09180103987455368,382.32759461551905,0
300963,105,1117,0.09100404381752014,382.41859865933657,0
300964,105,1118,0.0858071818947792,382.50440584123135,0
300965,105,1119,0.09248585253953934,382.5968916937709,0
300966,105,1120,0.09293436259031296,382.6898260563612,0
300967,105,1121,0.08981513231992722,382.7796411886811,0
300968,105,1122,0.08529504388570786,382.86493623256683,0
300969,105,1123,0.08431202918291092,382.94924826174974,0
300970,105,1124,0.0842856913805008,383.03353395313025,0
300971,105,1125,0.08421475440263748,383.1177487075329,0
300972,105,1126,0.0851331278681755,383.20288183540106,0
300973,105,1127,0.08560290932655334,383.2884847447276,0
300974,105,1128,0.08620873838663101,383.37469348311424,0
300975,105,1129,0.08662630617618561,383.4613197892904,0
300976,105,1130,0.08694831281900406,383.54826810210943,0
300977,105,1131,0.08719140291213989,383.6354595050216,0
300978,105,1132,0.08736532926559448,383.72282483428717,0
300979,105,1133,0.08748196810483932,383.810306802392,0
300980,105,1134,0.08755247294902802,383.89785927534103,0
300981,105,1135,0.0997883528470993,383.99764762818813,0
300982,105,1136,0.09176193177700043,384.08940955996513,0
300983,105,1137,0.08639631420373917,384.1758058741689,0
300984,105,1138,0.08257392793893814,384.2583798021078,0
300985,105,1139,0.08073582500219345,384.33911562711,0
300986,105,1140,0.07937219738960266,384.4184878244996,0
300987,105,1141,0.092061847448349,384.51054967194796,0
300988,105,1142,0.08570030331611633,384.5962499752641,0
300989,105,1143,0.0891880989074707,384.68543807417154,0
300990,105,1144,0.08145419508218765,384.76689226925373,0
300991,105,1145,0.07375412434339523,384.8406463935971,0
300992,105,1146,0.07019879668951035,384.91084519028664,0
300993,105,1147,0.08806589245796204,384.9989110827446,0
300994,105,1148,0.08589352667331696,385.0848046094179,0
300995,105,1149,0.08607064932584763,385.17087525874376,0
300996,105,1150,0.08631256222724915,385.257187820971,0
300997,105,1151,0.08140047639608383,385.3385882973671,0
300998,105,1152,0.08831361681222916,385.4269019141793,0
300999,105,1153,0.08505222946405411,385.5119541436434,0
301000,105,1154,0.07931182533502579,385.5912659689784,0
301001,105,1155,0.07446981966495514,385.66573578864336,0
301002,105,1156,0.08676929771900177,385.75250508636236,0
301003,105,1157,0.08176884800195694,385.8342739343643,0
301004,105,1158,0.07658220827579498,385.9108561426401,0
301005,105,1159,0.07303398102521896,385.98389012366533,0
301006,105,1160,0.07115406543016434,386.0550441890955,0
301007,105,1161,0.0717696025967598,386.12681379169226,0
301008,105,1162,0.07209078222513199,386.1989045739174,0
301009,105,1163,0.08482085913419724,386.2837254330516,0
301010,105,1164,0.07931805402040482,386.363043487072,0
301011,105,1165,0.07471369206905365,386.43775717914104,0
301012,105,1166,0.0833321064710617,386.5210892856121,0
301013,105,1167,0.07895650714635849,386.60004579275846,0
301014,105,1168,0.07394711673259735,386.67399290949106,0
301015,105,1169,0.07054892927408218,386.74454183876514,0
301016,105,1170,0.06792405992746353,386.8124658986926,0
301017,105,1171,0.08006428927183151,386.89253018796444,0
301018,105,1172,0.07435480505228043,386.9668849930167,0
301019,105,1173,0.07048091292381287,387.03736590594053,0
301020,105,1174,0.06694285571575165,387.1043087616563,0
301021,105,1175,0.06612545996904373,387.1704342216253,0
301022,105,1176,0.0668964758515358,387.23733069747686,0
301023,105,1177,0.07986234128475189,387.3171930387616,0
301024,105,1178,0.07599803805351257,387.3931910768151,0
301025,105,1179,0.07776421308517456,387.4709552899003,0
301026,105,1180,0.07634153962135315,387.54729682952166,0
301027,105,1181,0.07939115911722183,387.6266879886389,0
301028,105,1182,0.07578962296247482,387.70247761160135,0
301029,105,1183,0.08068232983350754,387.78315994143486,0
301030,105,1184,0.0792267769575119,387.8623867183924,0
301031,105,1185,0.0738036036491394,387.9361903220415,0
301032,105,1186,0.06918519735336304,388.0053755193949,0
301033,105,1187,0.06689726561307907,388.07227278500795,0
301034,105,1188,0.06648760288953781,388.1387603878975,0
301035,105,1189,0.06809187680482864,388.2068522647023,0
301036,105,1190,0.08222657442092896,388.28907883912325,0
301037,105,1191,0.08141244202852249,388.37049128115177,0
301038,105,1192,0.08068185299634933,388.4511731341481,0
301039,105,1193,0.07673230767250061,388.5279054418206,0
301040,105,1194,0.07229328900575638,388.6001987308264,0
301041,105,1195,0.08171278238296509,388.68191151320934,0
301042,105,1196,0.07705432176589966,388.75896583497524,0
301043,105,1197,0.08071661740541458,388.83968245238066,0
301044,105,1198,0.07849233597517014,388.9181747883558,0
301045,105,1199,0.07260241359472275,388.99077720195055,0
301046,105,1200,0.07065126299858093,389.06142846494913,0
301047,105,1201,0.0693088173866272,389.13073728233576,0
301048,105,1202,0.08363340049982071,389.2143706828356,0
301049,105,1203,0.07782428711652756,389.2921949699521,0
301050,105,1204,0.08132542669773102,389.37352039664984,0
301051,105,1205,0.08175462484359741,389.45527502149343,0
301052,105,1206,0.08441483974456787,389.539689861238,0
301053,105,1207,0.07688989490270615,389.6165797561407,0
301054,105,1208,0.07049176841974258,389.68707152456045,0
301055,105,1209,0.08465690165758133,389.77172842621803,0
301056,105,1210,0.08178754895925522,389.8535159751773,0
301057,105,1211,0.08540414273738861,389.9389201179147,0
301058,105,1212,0.08420231938362122,390.0231224372983,0
301059,105,1213,0.07781921327114105,390.10094165056944,0
301060,105,1214,0.07238687574863434,390.1733285263181,0
301061,105,1215,0.07199439406394958,390.245322920382,0
301062,105,1216,0.07176389545202255,390.31708681583405,0
301063,105,1217,0.0725257471203804,390.3896125629544,0
301064,105,1218,0.07343070954084396,390.46304327249527,0
301065,105,1219,0.07464294880628586,390.53768622130156,0
301066,105,1220,0.0755588561296463,390.6132450774312,0
301067,105,1221,0.07637300342321396,390.6896180808544,0
301068,105,1222,0.07707949727773666,390.76669757813215,0
301069,105,1223,0.07768846303224564,390.8443860411644,0
301070,105,1224,0.07821526378393173,390.92260130494833,0
301071,105,1225,0.09089230000972748,391.01349360495806,0
301072,105,1226,0.0845593810081482,391.0980529859662,0
301073,105,1227,0.08799537271261215,391.1860483586788,0
301074,105,1228,0.08183719217777252,391.2678855508566,0
301075,105,1229,0.08875293284654617,391.35663848370314,0
301076,105,1230,0.08417605608701706,391.44081453979015,0
301077,105,1231,0.08126407116651535,391.52207861095667,0
301078,105,1232,0.07943945378065109,391.6015180647373,0
301079,105,1233,0.09339503198862076,391.69491309672594,0
301080,105,1234,0.08992177248001099,391.78483486920595,0
301081,105,1235,0.080178402364254,391.8650132715702,0
301082,105,1236,0.088296078145504,391.9533093497157,0
301083,105,1237,0.0845223218202591,392.03783167153597,0
301084,105,1238,0.08199668675661087,392.1198283582926,0
301085,105,1239,0.0773681104183197,392.1971964687109,0
301086,105,1240,0.07564008235931396,392.2728365510702,0
301087,105,1241,0.0746307373046875,392.3474672883749,0
301088,105,1242,0.07444006949663162,392.42190735787153,0
301089,105,1243,0.08793915063142776,392.50984650850296,0
301090,105,1244,0.08090879023075104,392.5907552987337,0
301091,105,1245,0.08507484942674637,392.67583014816046,0
301092,105,1246,0.0846167653799057,392.76044691354036,0
301093,105,1247,0.08608648926019669,392.84653340280056,0
301094,105,1248,0.088846355676651,392.9353797584772,0
301095,105,1249,0.08641695231199265,393.0217967107892,0
301096,105,1250,0.08791184425354004,393.10970855504274,0
301097,105,1251,0.0821189358830452,393.1918274909258,0
301098,105,1252,0.07619953155517578,393.26802702248096,0
301099,105,1253,0.0718790590763092,393.3399060815573,0
301100,105,1254,0.07211121171712875,393.4120172932744,0
301101,105,1255,0.07241742312908173,393.4844347164035,0
301102,105,1256,0.07323746383190155,393.5576721802354,0
301103,105,1257,0.08658123016357422,393.64425341039896,0
301104,105,1258,0.079087033867836,393.7233404442668,0
301105,105,1259,0.07377300411462784,393.7971134483814,0
301106,105,1260,0.06982644647359848,393.866939894855,0
301107,105,1261,0.06757815182209015,393.9345180466771,0
301108,105,1262,0.06654974818229675,394.0010677948594,0
301109,105,1263,0.07940871268510818,394.0804765075445,0
301110,105,1264,0.07589133083820343,394.1563678383827,0
301111,105,1265,0.06565523892641068,394.22202307730913,0
301112,105,1266,0.07980289310216904,394.3018259704113,0
301113,105,1267,0.08129923045635223,394.38312520086765,0
301114,105,1268,0.08174992352724075,394.4648751243949,0
301115,105,1269,0.07844265550374985,394.54331777989864,0
301116,105,1270,0.07207996398210526,394.61539774388075,0
301117,105,1271,0.0688638836145401,394.6842616274953,0
301118,105,1272,0.08493667840957642,394.76919830590487,0
301119,105,1273,0.08198732137680054,394.85118562728167,0
301120,105,1274,0.07186882942914963,394.9230544567108,0
301121,105,1275,0.08286605030298233,395.0059205070138,0
301122,105,1276,-10.0,385.0059205070138,1
301123,106,1,0.15781454741954803,0.15781454741954803,0
301124,106,2,0.15467719733715057,0.3124917447566986,0
301125,106,3,0.1517362892627716,0.4642280340194702,0
301126,106,4,0.1495785415172577,0.6138065755367279,0
301127,106,5,0.1473449319601059,0.7611515074968338,0
301128,106,6,0.14759160578250885,0.9087431132793427,0
301129,106,7,0.1557014435529709,1.0644445568323135,0
301130,106,8,0.15768314898014069,1.2221277058124542,0
301131,106,9,0.1556234359741211,1.3777511417865753,0
301132,106,10,0.15624603629112244,1.5339971780776978,0
301133,106,11,0.15109938383102417,1.685096561908722,0
301134,106,12,0.1472814679145813,1.8323780298233032,0
301135,106,13,0.15730802714824677,1.98968605697155,0
301136,106,14,0.1538219153881073,2.1435079723596573,0
301137,106,15,0.15743117034435272,2.30093914270401,0
301138,106,16,0.1535876989364624,2.4545268416404724,0
301139,106,17,0.15144957602024078,2.605976417660713,0
301140,106,18,0.15661315619945526,2.7625895738601685,0
301141,106,19,0.15712876617908478,2.9197183400392532,0
301142,106,20,0.14906160533428192,3.068779945373535,0
301143,106,21,0.1540292352437973,3.2228091806173325,0
301144,106,22,0.15532109141349792,3.3781302720308304,0
301145,106,23,0.15124112367630005,3.5293713957071304,0
301146,106,24,0.15676249563694,3.6861338913440704,0
301147,106,25,0.15082935988903046,3.836963251233101,0
301148,106,26,0.15527115762233734,3.9922344088554382,0
301149,106,27,0.1499706357717514,4.14220504462719,0
301150,106,28,0.1554926335811615,4.297697678208351,0
301151,106,29,0.1494893878698349,4.447187066078186,0
301152,106,30,0.1532137393951416,4.600400805473328,0
301153,106,31,0.15827448666095734,4.758675292134285,0
301154,106,32,0.14752702414989471,4.90620231628418,0
301155,106,33,0.1524718999862671,5.058674216270447,0
301156,106,34,0.15807856619358063,5.216752782464027,0
301157,106,35,0.15586091578006744,5.372613698244095,0
301158,106,36,0.15453435480594635,5.527148053050041,0
301159,106,37,0.1489790380001068,5.676127091050148,0
301160,106,38,0.15106673538684845,5.8271938264369965,0
301161,106,39,0.153143972158432,5.9803377985954285,0
301162,106,40,0.15424367785453796,6.134581476449966,0
301163,106,41,0.15239399671554565,6.286975473165512,0
301164,106,42,0.1527719497680664,6.4397474229335785,0
301165,106,43,0.15842700004577637,6.598174422979355,0
301166,106,44,0.15143983066082,6.749614253640175,0
301167,106,45,0.15366850793361664,6.9032827615737915,0
301168,106,46,0.1583607792854309,7.061643540859222,0
301169,106,47,0.1508665531873703,7.212510094046593,0
301170,106,48,0.1520596295595169,7.36456972360611,0
301171,106,49,0.14996851980686188,7.5145382434129715,0
301172,106,50,0.14732830226421356,7.661866545677185,0
301173,106,51,0.15223880112171173,7.814105346798897,0
301174,106,52,0.15509377419948578,7.969199120998383,0
301175,106,53,0.1577865481376648,8.126985669136047,0
301176,106,54,0.1472739726305008,8.274259641766548,0
301177,106,55,0.15121369063854218,8.42547333240509,0
301178,106,56,0.14985309541225433,8.575326427817345,0
301179,106,57,0.15215185284614563,8.72747828066349,0
301180,106,58,0.14964871108531952,8.87712699174881,0
301181,106,59,0.14947184920310974,9.02659884095192,0
301182,106,60,0.14755406975746155,9.174152910709381,0
301183,106,61,0.15223558247089386,9.326388493180275,0
301184,106,62,0.1584031879901886,9.484791681170464,0
301185,106,63,0.15735852718353271,9.642150208353996,0
301186,106,64,0.15549637377262115,9.797646582126617,0
301187,106,65,0.1549294888973236,9.952576071023941,0
301188,106,66,0.1555248498916626,10.108100920915604,0
301189,106,67,0.15579386055469513,10.263894781470299,0
301190,106,68,0.15605536103248596,10.419950142502785,0
301191,106,69,0.15035368502140045,10.570303827524185,0
301192,106,70,0.15718026459217072,10.727484092116356,0
301193,106,71,0.15595270693302155,10.883436799049377,0
301194,106,72,0.15378133952617645,11.037218138575554,0
301195,106,73,0.14776277542114258,11.184980913996696,0
301196,106,74,0.15789714455604553,11.342878058552742,0
301197,106,75,0.15964722633361816,11.50252528488636,0
301198,106,76,0.1521255522966385,11.654650837182999,0
301199,106,77,0.14609865844249725,11.800749495625496,0
301200,106,78,0.14332793653011322,11.94407743215561,0
301201,106,79,0.1427769511938095,12.086854383349419,0
301202,106,80,0.1436513513326645,12.230505734682083,0
301203,106,81,0.14489953219890594,12.375405266880989,0
301204,106,82,0.145828977227211,12.5212342441082,0
301205,106,83,0.14681148529052734,12.668045729398727,0
301206,106,84,0.14768676459789276,12.81573249399662,0
301207,106,85,0.15945278108119965,12.97518527507782,0
301208,106,86,0.15403281152248383,13.129218086600304,0
301209,106,87,0.14976400136947632,13.27898208796978,0
301210,106,88,0.14774243533611298,13.426724523305893,0
301211,106,89,0.15767645835876465,13.584400981664658,0
301212,106,90,0.15438976883888245,13.73879075050354,0
301213,106,91,0.15024001896381378,13.889030769467354,0
301214,106,92,0.1470600664615631,14.036090835928917,0
301215,106,93,0.14540868997573853,14.181499525904655,0
301216,106,94,0.1450783759355545,14.32657790184021,0
301217,106,95,0.15707775950431824,14.483655661344528,0
301218,106,96,0.15411004424095154,14.63776570558548,0
301219,106,97,0.14507979154586792,14.782845497131348,0
301220,106,98,0.14169007539749146,14.924535572528839,0
301221,106,99,0.1585201472043991,15.083055719733238,0
301222,106,100,0.15410731732845306,15.237163037061691,0
301223,106,101,0.15939004719257355,15.396553084254265,0
301224,106,102,0.15930216014385223,15.555855244398117,0
301225,106,103,0.16112080216407776,15.716976046562195,0
301226,106,104,0.15544459223747253,15.872420638799667,0
301227,106,105,0.1524156928062439,16.02483633160591,0
301228,106,106,0.15032443404197693,16.175160765647888,0
301229,106,107,0.1514584869146347,16.326619252562523,0
301230,106,108,0.16577880084514618,16.49239805340767,0
301231,106,109,0.16358338296413422,16.655981436371803,0
301232,106,110,0.16722160577774048,16.823203042149544,0
301233,106,111,0.16637828946113586,16.98958133161068,0
301234,106,112,0.17086826264858246,17.160449594259262,0
301235,106,113,0.16942918300628662,17.32987877726555,0
301236,106,114,0.17120876908302307,17.501087546348572,0
301237,106,115,0.17226554453372955,17.6733530908823,0
301238,106,116,0.17015649378299713,17.8435095846653,0
301239,106,117,0.16582949459552765,18.009339079260826,0
301240,106,118,0.17135946452617645,18.180698543787003,0
301241,106,119,0.17366087436676025,18.354359418153763,0
301242,106,120,0.16747306287288666,18.52183248102665,0
301243,106,121,0.1706947684288025,18.692527249455452,0
301244,106,122,0.17539477348327637,18.86792202293873,0
301245,106,123,0.16972221434116364,19.037644237279892,0
301246,106,124,0.17637522518634796,19.21401946246624,0
301247,106,125,0.1725246012210846,19.386544063687325,0
301248,106,126,0.17543742060661316,19.561981484293938,0
301249,106,127,0.17373128235340118,19.73571276664734,0
301250,106,128,0.170970156788826,19.906682923436165,0
301251,106,129,0.17518681287765503,20.08186973631382,0
301252,106,130,0.1714576929807663,20.253327429294586,0
301253,106,131,0.17750410735607147,20.430831536650658,0
301254,106,132,0.17068234086036682,20.601513877511024,0
301255,106,133,0.17568987607955933,20.777203753590584,0
301256,106,134,0.17807637155056,20.955280125141144,0
301257,106,135,0.1742725670337677,21.12955269217491,0
301258,106,136,0.17233583331108093,21.301888525485992,0
301259,106,137,0.17197081446647644,21.47385933995247,0
301260,106,138,0.1723109930753708,21.64617033302784,0
301261,106,139,0.17290957272052765,21.819079905748367,0
301262,106,140,0.17360715568065643,21.992687061429024,0
301263,106,141,0.17434117197990417,22.167028233408928,0
301264,106,142,0.17486386001110077,22.34189209342003,0
301265,106,143,0.1753544807434082,22.517246574163437,0
301266,106,144,0.1758514642715454,22.693098038434982,0
301267,106,145,0.17629976570606232,22.869397804141045,0
301268,106,146,0.1767650544643402,23.046162858605385,0
301269,106,147,0.177260160446167,23.223423019051552,0
301270,106,148,0.17779512703418732,23.40121814608574,0
301271,106,149,0.1894531548023224,23.59067130088806,0
301272,106,150,0.18300320208072662,23.773674502968788,0
301273,106,151,0.17884796857833862,23.952522471547127,0
301274,106,152,0.17624063789844513,24.128763109445572,0
301275,106,153,0.17462854087352753,24.3033916503191,0
301276,106,154,0.17508545517921448,24.478477105498314,0
301277,106,155,0.17610053718090057,24.654577642679214,0
301278,106,156,0.18803603947162628,24.84261368215084,0
301279,106,157,0.18622355163097382,25.028837233781815,0
301280,106,158,0.19016188383102417,25.21899911761284,0
301281,106,159,0.18888667225837708,25.407885789871216,0
301282,106,160,0.184528648853302,25.592414438724518,0
301283,106,161,0.18145690858364105,25.77387134730816,0
301284,106,162,0.18034371733665466,25.954215064644814,0
301285,106,163,0.18067745864391327,26.134892523288727,0
301286,106,164,0.19418063759803772,26.329073160886765,0
301287,106,165,0.19238786399364471,26.52146102488041,0
301288,106,166,0.19355791807174683,26.715018942952156,0
301289,106,167,0.19086304306983948,26.905881986021996,0
301290,106,168,0.18776682019233704,27.093648806214333,0
301291,106,169,0.19757457077503204,27.291223376989365,0
301292,106,170,0.19518038630485535,27.48640376329422,0
301293,106,171,0.1915804147720337,27.677984178066254,0
301294,106,172,0.20043858885765076,27.878422766923904,0
301295,106,173,0.19841624796390533,28.07683901488781,0
301296,106,174,0.19486047327518463,28.271699488162994,0
301297,106,175,0.1925523430109024,28.464251831173897,0
301298,106,176,0.19155378639698029,28.655805617570877,0
301299,106,177,0.19214637577533722,28.847951993346214,0
301300,106,178,0.19391949474811554,29.04187148809433,0
301301,106,179,0.20730458199977875,29.24917607009411,0
301302,106,180,0.20259758830070496,29.451773658394814,0
301303,106,181,0.20205135643482208,29.653825014829636,0
301304,106,182,0.2104368805885315,29.864261895418167,0
301305,106,183,0.20607386529445648,30.070335760712624,0
301306,106,184,0.21259766817092896,30.282933428883553,0
301307,106,185,0.2144986093044281,30.49743203818798,0
301308,106,186,0.21886572241783142,30.716297760605812,0
301309,106,187,0.21856310963630676,30.93486087024212,0
301310,106,188,0.2238331288099289,31.158693999052048,0
301311,106,189,0.21978174149990082,31.37847574055195,0
301312,106,190,0.21718697249889374,31.595662713050842,0
301313,106,191,0.2289360612630844,31.824598774313927,0
301314,106,192,0.22843042016029358,32.05302919447422,0
301315,106,193,0.22262044250965118,32.27564963698387,0
301316,106,194,0.2339773327112198,32.50962696969509,0
301317,106,195,0.23247821629047394,32.742105185985565,0
301318,106,196,0.2299322932958603,32.972037479281425,0
301319,106,197,0.24281717836856842,33.214854657649994,0
301320,106,198,0.24165135622024536,33.45650601387024,0
301321,106,199,0.2382446825504303,33.69475069642067,0
301322,106,200,0.23600877821445465,33.930759474635124,0
301323,106,201,0.23575323820114136,34.166512712836266,0
301324,106,202,0.23764702677726746,34.40415973961353,0
301325,106,203,0.2521727383136749,34.65633247792721,0
301326,106,204,0.2507867217063904,34.9071191996336,0
301327,106,205,0.2537820041179657,35.160901203751564,0
301328,106,206,0.25139012932777405,35.41229133307934,0
301329,106,207,0.2482689619064331,35.66056029498577,0
301330,106,208,0.24629443883895874,35.90685473382473,0
301331,106,209,0.24631048738956451,36.153165221214294,0
301332,106,210,0.2606225609779358,36.41378778219223,0
301333,106,211,0.25730517506599426,36.671092957258224,0
301334,106,212,0.2617727220058441,36.93286567926407,0
301335,106,213,0.2609465420246124,37.19381222128868,0
301336,106,214,0.2577892243862152,37.451601445674896,0
301337,106,215,0.26432645320892334,37.71592789888382,0
301338,106,216,0.26316288113594055,37.97909078001976,0
301339,106,217,0.2623736560344696,38.24146443605423,0
301340,106,218,0.2604449987411499,38.50190943479538,0
301341,106,219,0.2724643647670746,38.774373799562454,0
301342,106,220,0.27130126953125,39.045675069093704,0
301343,106,221,0.27063772082328796,39.31631278991699,0
301344,106,222,0.2707273066043854,39.58704009652138,0
301345,106,223,0.26978999376296997,39.85683009028435,0
301346,106,224,0.2701959013938904,40.12702599167824,0
301347,106,225,0.28340816497802734,40.410434156656265,0
301348,106,226,0.27941522002220154,40.68984937667847,0
301349,106,227,0.28334417939186096,40.97319355607033,0
301350,106,228,0.2765490710735321,41.24974262714386,0
301351,106,229,0.2841947376728058,41.533937364816666,0
301352,106,230,0.2840951383113861,41.81803250312805,0
301353,106,231,0.2802044749259949,42.09823697805405,0
301354,106,232,0.2803923487663269,42.37862932682037,0
301355,106,233,0.28146490454673767,42.66009423136711,0
301356,106,234,0.2834680378437042,42.943562269210815,0
301357,106,235,0.297961950302124,43.24152421951294,0
301358,106,236,0.29692739248275757,43.5384516119957,0
301359,106,237,0.2982144355773926,43.83666604757309,0
301360,106,238,0.2971456050872803,44.13381165266037,0
301361,106,239,0.30327537655830383,44.437087029218674,0
301362,106,240,0.2989743649959564,44.73606139421463,0
301363,106,241,0.30618923902511597,45.042250633239746,0
301364,106,242,0.3053520917892456,45.34760272502899,0
301365,106,243,0.303458571434021,45.65106129646301,0
301366,106,244,0.3005632758140564,45.95162457227707,0
301367,106,245,0.30095091462135315,46.25257548689842,0
301368,106,246,0.30232495069503784,46.55490043759346,0
301369,106,247,0.3142313063144684,46.86913174390793,0
301370,106,248,0.31106773018836975,47.1801994740963,0
301371,106,249,0.307394415140152,47.48759388923645,0
301372,106,250,0.3048243820667267,47.79241827130318,0
301373,106,251,0.31578493118286133,48.10820320248604,0
301374,106,252,0.3119940757751465,48.420197278261185,0
301375,106,253,0.3082568347454071,48.72845411300659,0
301376,106,254,0.30787262320518494,49.03632673621178,0
301377,106,255,0.3195348083972931,49.35586154460907,0
301378,106,256,0.3176659345626831,49.67352747917175,0
301379,106,257,0.31383469700813293,49.987362176179886,0
301380,106,258,0.3220019042491913,50.30936408042908,0
301381,106,259,0.320142537355423,50.6295066177845,0
301382,106,260,0.3162197768688202,50.94572639465332,0
301383,106,261,0.3149687349796295,51.26069512963295,0
301384,106,262,0.3132014572620392,51.57389658689499,0
301385,106,263,0.31368646025657654,51.887583047151566,0
301386,106,264,0.31457871198654175,52.20216175913811,0
301387,106,265,0.31646451354026794,52.518626272678375,0
301388,106,266,0.3182632327079773,52.83688950538635,0
301389,106,267,0.3203570544719696,53.15724655985832,0
301390,106,268,0.3224755525588989,53.47972211241722,0
301391,106,269,0.33580198884010315,53.815524101257324,0
301392,106,270,0.336052268743515,54.15157637000084,0
301393,106,271,0.33709436655044556,54.488670736551285,0
301394,106,272,0.3362676203250885,54.82493835687637,0
301395,106,273,0.34132257103919983,55.16626092791557,0
301396,106,274,0.33880138397216797,55.50506231188774,0
301397,106,275,0.34548139572143555,55.85054370760918,0
301398,106,276,0.345398485660553,56.19594219326973,0
301399,106,277,0.34900030493736267,56.54494249820709,0
301400,106,278,0.3469070792198181,56.89184957742691,0
301401,106,279,0.3557703495025635,57.247619926929474,0
301402,106,280,0.35540086030960083,57.603020787239075,0
301403,106,281,0.35965484380722046,57.962675631046295,0
301404,106,282,0.36190882325172424,58.32458445429802,0
301405,106,283,0.35808584094047546,58.682670295238495,0
301406,106,284,0.3550155460834503,59.037685841321945,0
301407,106,285,0.3556894063949585,59.393375247716904,0
301408,106,286,0.35705316066741943,59.75042840838432,0
301409,106,287,0.3723120391368866,60.12274044752121,0
301410,106,288,0.3685155212879181,60.49125596880913,0
301411,106,289,0.3662223815917969,60.857478350400925,0
301412,106,290,0.3653131127357483,61.22279146313667,0
301413,106,291,0.36644935607910156,61.589240819215775,0
301414,106,292,0.36872076988220215,61.95796158909798,0
301415,106,293,0.38289234042167664,62.34085392951965,0
301416,106,294,0.3792073130607605,62.720061242580414,0
301417,106,295,0.38574811816215515,63.10580936074257,0
301418,106,296,0.38571709394454956,63.49152645468712,0
301419,106,297,0.383537620306015,63.87506407499313,0
301420,106,298,0.39408794045448303,64.26915201544762,0
301421,106,299,0.39382046461105347,64.66297248005867,0
301422,106,300,0.3934405446052551,65.05641302466393,0
301423,106,301,0.3924417495727539,65.44885477423668,0
301424,106,302,0.406668096780777,65.85552287101746,0
301425,106,303,0.4045223295688629,66.26004520058632,0
301426,106,304,0.4041437804698944,66.66418898105621,0
301427,106,305,0.4029504060745239,67.06713938713074,0
301428,106,306,0.40354660153388977,67.47068598866463,0
301429,106,307,0.40607842803001404,67.87676441669464,0
301430,106,308,0.4090445935726166,68.28580901026726,0
301431,106,309,0.4125572443008423,68.6983662545681,0
301432,106,310,0.41639846563339233,69.11476472020149,0
301433,106,311,0.4202723801136017,69.5350371003151,0
301434,106,312,0.4241017699241638,69.95913887023926,0
301435,106,313,0.42811718583106995,70.38725605607033,0
301436,106,314,0.44334545731544495,70.83060151338577,0
301437,106,315,0.44011709094047546,71.27071860432625,0
301438,106,316,0.4387845993041992,71.70950320363045,0
301439,106,317,0.44043007493019104,72.14993327856064,0
301440,106,318,0.45316237211227417,72.60309565067291,0
301441,106,319,0.45318132638931274,73.05627697706223,0
301442,106,320,0.45969831943511963,73.51597529649734,0
301443,106,321,0.4613058567047119,73.97728115320206,0
301444,106,322,0.4596156179904938,74.43689677119255,0
301445,106,323,0.45786750316619873,74.89476427435875,0
301446,106,324,0.4580635726451874,75.35282784700394,0
301447,106,325,0.4602324962615967,75.81306034326553,0
301448,106,326,0.4642103314399719,76.2772706747055,0
301449,106,327,0.4682992398738861,76.74556991457939,0
301450,106,328,0.47295957803726196,77.21852949261665,0
301451,106,329,0.4774668514728546,77.69599634408951,0
301452,106,330,0.4820764660835266,78.17807281017303,0
301453,106,331,0.4977203905582428,78.67579320073128,0
301454,106,332,0.49441206455230713,79.17020526528358,0
301455,106,333,0.5019230842590332,79.67212834954262,0
301456,106,334,0.5036749839782715,80.17580333352089,0
301457,106,335,0.5027549862861633,80.67855831980705,0
301458,106,336,0.503119707107544,81.1816780269146,0
301459,106,337,0.503818690776825,81.68549671769142,0
301460,106,338,0.5063852071762085,82.19188192486763,0
301461,106,339,0.510869026184082,82.70275095105171,0
301462,106,340,0.5154146552085876,83.2181656062603,0
301463,106,341,0.5204207301139832,83.73858633637428,0
301464,106,342,0.5369608402252197,84.2755471765995,0
301465,106,343,0.534736156463623,84.81028333306313,0
301466,106,344,0.5418578386306763,85.3521411716938,0
301467,106,345,0.5439488887786865,85.89609006047249,0
301468,106,346,0.5487232804298401,86.44481334090233,0
301469,106,347,0.5478541851043701,86.9926675260067,0
301470,106,348,0.5609800219535828,87.55364754796028,0
301471,106,349,0.5618668794631958,88.11551442742348,0
301472,106,350,0.5591247081756592,88.67463913559914,0
301473,106,351,0.5748966932296753,89.24953582882881,0
301474,106,352,0.5777513980865479,89.82728722691536,0
301475,106,353,0.5770094990730286,90.40429672598839,0
301476,106,354,0.5773672461509705,90.98166397213936,0
301477,106,355,0.5926098823547363,91.5742738544941,0
301478,106,356,0.5943332314491272,92.16860708594322,0
301479,106,357,0.6037129163742065,92.77232000231743,0
301480,106,358,0.6035295724868774,93.3758495748043,0
301481,106,359,0.6047017574310303,93.98055133223534,0
301482,106,360,0.6085291504859924,94.58908048272133,0
301483,106,361,0.6144974827766418,95.20357796549797,0
301484,106,362,0.6202002763748169,95.82377824187279,0
301485,106,363,0.6388240456581116,96.4626022875309,0
301486,106,364,0.6363500356674194,97.09895232319832,0
301487,106,365,0.6380333304405212,97.73698565363884,0
301488,106,366,0.6509091854095459,98.38789483904839,0
301489,106,367,0.6504167318344116,99.0383115708828,0
301490,106,368,0.6511693000793457,99.68948087096214,0
301491,106,369,0.6546348333358765,100.34411570429802,0
301492,106,370,0.6703988909721375,101.01451459527016,0
301493,106,371,0.6696731448173523,101.68418774008751,0
301494,106,372,0.6772156357765198,102.36140337586403,0
301495,106,373,0.6763947606086731,103.0377981364727,0
301496,106,374,0.676494300365448,103.71429243683815,0
301497,106,375,0.678027331829071,104.39231976866722,0
301498,106,376,0.6816744804382324,105.07399424910545,0
301499,106,377,0.6882075071334839,105.76220175623894,0
301500,106,378,0.6943545937538147,106.45655634999275,0
301501,106,379,0.7009685039520264,107.15752485394478,0
301502,106,380,0.707870602607727,107.8653954565525,0
301503,106,381,0.7148433327674866,108.58023878931999,0
301504,106,382,0.7330239415168762,109.31326273083687,0
301505,106,383,0.7320349812507629,110.04529771208763,0
301506,106,384,0.7335951328277588,110.77889284491539,0
301507,106,385,0.7473437786102295,111.52623662352562,0
301508,106,386,0.7494874000549316,112.27572402358055,0
301509,106,387,0.7569999098777771,113.03272393345833,0
301510,106,388,0.7645997405052185,113.79732367396355,0
301511,106,389,0.7658820748329163,114.56320574879646,0
301512,106,390,0.7776286005973816,115.34083434939384,0
301513,106,391,0.7793691754341125,116.12020352482796,0
301514,106,392,0.7819367051124573,116.90214022994041,0
301515,106,393,0.7997726798057556,117.70191290974617,0
301516,106,394,0.8028347492218018,118.50474765896797,0
301517,106,395,0.8009421229362488,119.30568978190422,0
301518,106,396,0.8156845569610596,120.12137433886528,0
301519,106,397,0.8223862051963806,120.94376054406166,0
301520,106,398,0.8319840431213379,121.775744587183,0
301521,106,399,0.8359740376472473,122.61171862483025,0
301522,106,400,0.8466348052024841,123.45835343003273,0
301523,106,401,0.850940465927124,124.30929389595985,0
301524,106,402,0.8528894782066345,125.16218337416649,0
301525,106,403,0.8545560240745544,126.01673939824104,0
301526,106,404,0.873420774936676,126.89016017317772,0
301527,106,405,0.8790490627288818,127.7692092359066,0
301528,106,406,0.8779717087745667,128.64718094468117,0
301529,106,407,0.894717812538147,129.54189875721931,0
301530,106,408,0.897710919380188,130.4396096765995,0
301531,106,409,0.907066822052002,131.3466764986515,0
301532,106,410,0.9115057587623596,132.25818225741386,0
301533,106,411,0.9129021167755127,133.17108437418938,0
301534,106,412,0.9325581789016724,134.10364255309105,0
301535,106,413,0.9345674514770508,135.0382100045681,0
301536,106,414,0.9452629089355469,135.98347291350365,0
301537,106,415,0.9498569369316101,136.93332985043526,0
301538,106,416,0.959062397480011,137.89239224791527,0
301539,106,417,0.9638311862945557,138.85622343420982,0
301540,106,418,0.9782510995864868,139.8344745337963,0
301541,106,419,0.9795868992805481,140.81406143307686,0
301542,106,420,0.9783045649528503,141.7923659980297,0
301543,106,421,0.9798262119293213,142.77219220995903,0
301544,106,422,0.9991788864135742,143.7713710963726,0
301545,106,423,1.003132700920105,144.7745037972927,0
301546,106,424,1.0124809741973877,145.7869847714901,0
301547,106,425,1.0142184495925903,146.8012032210827,0
301548,106,426,1.0146000385284424,147.81580325961113,0
301549,106,427,1.0170596837997437,148.83286294341087,0
301550,106,428,1.0231482982635498,149.85601124167442,0
301551,106,429,1.0299495458602905,150.8859607875347,0
301552,106,430,1.050192952156067,151.93615373969078,0
301553,106,431,1.0507919788360596,152.98694571852684,0
301554,106,432,1.052992582321167,154.039938300848,0
301555,106,433,1.0674084424972534,155.10734674334526,0
301556,106,434,1.0730448961257935,156.18039163947105,0
301557,106,435,1.076637625694275,157.25702926516533,0
301558,106,436,1.0789800882339478,158.33600935339928,0
301559,106,437,1.0714486837387085,159.40745803713799,0
301560,106,438,1.063835620880127,160.4712936580181,0
301561,106,439,1.0561740398406982,161.5274676978588,0
301562,106,440,1.0482661724090576,162.57573387026787,0
301563,106,441,1.0400983095169067,163.61583217978477,0
301564,106,442,1.031917929649353,164.64775010943413,0
301565,106,443,1.0232465267181396,165.67099663615227,0
301566,106,444,1.0255565643310547,166.69655320048332,0
301567,106,445,1.0107160806655884,167.7072692811489,0
301568,106,446,1.0023090839385986,168.7095783650875,0
301569,106,447,0.9909812808036804,169.7005596458912,0
301570,106,448,0.9875746369361877,170.68813428282738,0
301571,106,449,0.9728240966796875,171.66095837950706,0
301572,106,450,0.9745729565620422,172.6355313360691,0
301573,106,451,0.9649071097373962,173.6004384458065,0
301574,106,452,0.9513469338417053,174.5517853796482,0
301575,106,453,0.9537832140922546,175.50556859374046,0
301576,106,454,0.9433615803718567,176.44893017411232,0
301577,106,455,0.9426895976066589,177.39161977171898,0
301578,106,456,0.9323904514312744,178.32401022315025,0
301579,106,457,0.928875207901001,179.25288543105125,0
301580,106,458,0.917603611946106,180.17048904299736,0
301581,106,459,0.9051851034164429,181.0756741464138,0
301582,106,460,0.9103067517280579,181.98598089814186,0
301583,106,461,0.8989835381507874,182.88496443629265,0
301584,106,462,0.8988829851150513,183.7838474214077,0
301585,106,463,0.8892276883125305,184.67307510972023,0
301586,106,464,0.8777480125427246,185.55082312226295,0
301587,106,465,0.8821979761123657,186.43302109837532,0
301588,106,466,0.8730625510215759,187.3060836493969,0
301589,106,467,0.8626931309700012,188.1687767803669,0
301590,106,468,0.8528876304626465,189.02166441082954,0
301591,106,469,0.8444693684577942,189.86613377928734,0
301592,106,470,0.8370217680931091,190.70315554738045,0
301593,106,471,0.8300517797470093,191.53320732712746,0
301594,106,472,0.8239538073539734,192.35716113448143,0
301595,106,473,0.8171846270561218,193.17434576153755,0
301596,106,474,0.8221099376678467,193.9964556992054,0
301597,106,475,0.8097156882286072,194.806171387434,0
301598,106,476,0.8009174466133118,195.60708883404732,0
301599,106,477,0.7933731079101562,196.40046194195747,0
301600,106,478,0.7850865125656128,197.1855484545231,0
301601,106,479,0.7890650033950806,197.97461345791817,0
301602,106,480,0.7775356769561768,198.75214913487434,0
301603,106,481,0.7684279084205627,199.5205770432949,0
301604,106,482,0.7688214182853699,200.28939846158028,0
301605,106,483,0.7596651315689087,201.04906359314919,0
301606,106,484,0.7496545314788818,201.79871812462807,0
301607,106,485,0.7522643804550171,202.55098250508308,0
301608,106,486,0.7432044148445129,203.2941869199276,0
301609,106,487,0.7432295083999634,204.03741642832756,0
301610,106,488,0.7349905371665955,204.77240696549416,0
301611,106,489,0.7244499921798706,205.49685695767403,0
301612,106,490,0.7274618744850159,206.22431883215904,0
301613,106,491,0.7168284058570862,206.94114723801613,0
301614,106,492,0.715616762638092,207.65676400065422,0
301615,106,493,0.7095663547515869,208.3663303554058,0
301616,106,494,0.7015263438224792,209.0678566992283,0
301617,106,495,0.7072586417198181,209.7751153409481,0
301618,106,496,0.6994650363922119,210.47458037734032,0
301619,106,497,0.6881390810012817,211.1627194583416,0
301620,106,498,0.6788417100906372,211.84156116843224,0
301621,106,499,0.6728323698043823,212.51439353823662,0
301622,106,500,0.6692451238632202,213.18363866209984,0
301623,106,501,0.6651484370231628,213.848787099123,0
301624,106,502,0.6727662086486816,214.52155330777168,0
301625,106,503,0.6626306176185608,215.18418392539024,0
301626,106,504,0.6561153531074524,215.8402992784977,0
301627,106,505,0.6486505270004272,216.48894980549812,0
301628,106,506,0.6535418033599854,217.1424916088581,0
301629,106,507,0.6441198587417603,217.78661146759987,0
301630,106,508,0.6354105472564697,218.42202201485634,0
301631,106,509,0.6275991201400757,219.0496211349964,0
301632,106,510,0.6211991906166077,219.67082032561302,0
301633,106,511,0.6278023719787598,220.29862269759178,0
301634,106,512,0.617908775806427,220.9165314733982,0
301635,106,513,0.6097142100334167,221.52624568343163,0
301636,106,514,0.6020967364311218,222.12834241986275,0
301637,106,515,0.5957525968551636,222.7240950167179,0
301638,106,516,0.590794026851654,223.31488904356956,0
301639,106,517,0.5864332914352417,223.9013223350048,0
301640,106,518,0.5821578502655029,224.4834801852703,0
301641,106,519,0.5777421593666077,225.06122234463692,0
301642,106,520,0.5732170343399048,225.63443937897682,0
301643,106,521,0.5800531506538391,226.21449252963066,0
301644,106,522,0.571056604385376,226.78554913401604,0
301645,106,523,0.5533624887466431,227.33891162276268,0
301646,106,524,0.5576509237289429,227.89656254649162,0
301647,106,525,0.5478003621101379,228.44436290860176,0
301648,106,526,0.5479921698570251,228.9923550784588,0
301649,106,527,0.5401942729949951,229.53254935145378,0
301650,106,528,0.5376778841018677,230.07022723555565,0
301651,106,529,0.5303738713264465,230.6006011068821,0
301652,106,530,0.5333499908447266,231.13395109772682,0
301653,106,531,0.5270126461982727,231.6609637439251,0
301654,106,532,0.523931622505188,232.18489536643028,0
301655,106,533,0.519217312335968,232.70411267876625,0
301656,106,534,0.5102887153625488,233.2144013941288,0
301657,106,535,0.501497209072113,233.7158986032009,0
301658,106,536,0.4946272373199463,234.21052584052086,0
301659,106,537,0.4909560978412628,234.70148193836212,0
301660,106,538,0.4874391555786133,235.18892109394073,0
301661,106,539,0.49598953127861023,235.68491062521935,0
301662,106,540,0.48563361167907715,236.17054423689842,0
301663,106,541,0.48411276936531067,236.65465700626373,0
301664,106,542,0.47925475239753723,237.13391175866127,0
301665,106,543,0.4711754024028778,237.60508716106415,0
301666,106,544,0.4631466567516327,238.06823381781578,0
301667,106,545,0.45663005113601685,238.5248638689518,0
301668,106,546,0.4643389880657196,238.98920285701752,0
301669,106,547,0.45792242884635925,239.44712528586388,0
301670,106,548,0.45003384351730347,239.89715912938118,0
301671,106,549,0.4555022716522217,240.3526614010334,0
301672,106,550,0.4463289976119995,240.7989903986454,0
301673,106,551,0.44703805446624756,241.24602845311165,0
301674,106,552,0.4408855438232422,241.6869139969349,0
301675,106,553,0.44303831458091736,242.1299523115158,0
301676,106,554,0.4372701644897461,242.56722247600555,0
301677,106,555,0.427816778421402,242.99503925442696,0
301678,106,556,0.4333301782608032,243.42836943268776,0
301679,106,557,0.42593851685523987,243.854307949543,0
301680,106,558,0.42033639550209045,244.2746443450451,0
301681,106,559,0.41345351934432983,244.68809786438942,0
301682,106,560,0.42353054881095886,245.11162841320038,0
301683,106,561,0.4177258312702179,245.5293542444706,0
301684,106,562,0.4065728485584259,245.93592709302902,0
301685,106,563,0.39781567454338074,246.3337427675724,0
301686,106,564,0.3937365412712097,246.7274793088436,0
301687,106,565,0.3918074071407318,247.11928671598434,0
301688,106,566,0.38952815532684326,247.5088148713112,0
301689,106,567,0.39997202157974243,247.90878689289093,0
301690,106,568,0.39087602496147156,248.2996629178524,0
301691,106,569,0.39232537150382996,248.69198828935623,0
301692,106,570,0.3873482048511505,249.07933649420738,0
301693,106,571,0.3833678960800171,249.4627043902874,0
301694,106,572,0.37458884716033936,249.83729323744774,0
301695,106,573,0.3809831142425537,250.2182763516903,0
301696,106,574,0.375721275806427,250.59399762749672,0
301697,106,575,0.3668176233768463,250.96081525087357,0
301698,106,576,0.36183127760887146,251.32264652848244,0
301699,106,577,0.37103450298309326,251.69368103146553,0
301700,106,578,0.3671334683895111,252.06081449985504,0
301701,106,579,0.36912286281585693,252.4299373626709,0
301702,106,580,0.3656780421733856,252.79561540484428,0
301703,106,581,0.35913994908332825,253.1547553539276,0
301704,106,582,0.36393406987190247,253.51868942379951,0
301705,106,583,0.36003541946411133,253.87872484326363,0
301706,106,584,0.3583502769470215,254.23707512021065,0
301707,106,585,0.35655391216278076,254.59362903237343,0
301708,106,586,0.35398954153060913,254.94761857390404,0
301709,106,587,0.34685131907463074,255.29446989297867,0
301710,106,588,0.35497337579727173,255.64944326877594,0
301711,106,589,0.34882044792175293,255.9982637166977,0
301712,106,590,0.34422188997268677,256.3424856066704,0
301713,106,591,0.35193297266960144,256.69441857934,0
301714,106,592,0.34623998403549194,257.0406585633755,0
301715,106,593,0.33685997128486633,257.37751853466034,0
301716,106,594,0.34380897879600525,257.72132751345634,0
301717,106,595,0.3415526747703552,258.0628801882267,0
301718,106,596,0.3371734917163849,258.4000536799431,0
301719,106,597,0.3317003548145294,258.7317540347576,0
301720,106,598,0.3279804587364197,259.05973449349403,0
301721,106,599,0.32556581497192383,259.38530030846596,0
301722,106,600,0.33615612983703613,259.721456438303,0
301723,106,601,0.3283632695674896,260.0498197078705,0
301724,106,602,0.32253119349479675,260.3723509013653,0
301725,106,603,0.3199903964996338,260.6923412978649,0
301726,106,604,0.31640270352363586,261.00874400138855,0
301727,106,605,0.3262786865234375,261.335022687912,0
301728,106,606,0.32051557302474976,261.65553826093674,0
301729,106,607,0.3223530948162079,261.97789135575294,0
301730,106,608,0.31288397312164307,262.2907753288746,0
301731,106,609,0.3217092752456665,262.61248460412025,0
301732,106,610,0.31719064712524414,262.9296752512455,0
301733,106,611,0.3095710277557373,263.23924627900124,0
301734,106,612,0.30355194211006165,263.5427982211113,0
301735,106,613,0.3005582392215729,263.84335646033287,0
301736,106,614,0.29942959547042847,264.1427860558033,0
301737,106,615,0.29825785756111145,264.4410439133644,0
301738,106,616,0.3091903030872345,264.75023421645164,0
301739,106,617,0.30403652787208557,265.05427074432373,0
301740,106,618,0.29080459475517273,265.3450753390789,0
301741,106,619,0.2987391948699951,265.6438145339489,0
301742,106,620,0.2952549159526825,265.9390694499016,0
301743,106,621,0.29769769310951233,266.2367671430111,0
301744,106,622,0.2988373339176178,266.5356044769287,0
301745,106,623,0.2918126583099365,266.82741713523865,0
301746,106,624,0.28517240285873413,267.1125895380974,0
301747,106,625,0.2808525562286377,267.393442094326,0
301748,106,626,0.2784169912338257,267.67185908555984,0
301749,106,627,0.27695703506469727,267.94881612062454,0
301750,106,628,0.28788313269615173,268.2366992533207,0
301751,106,629,0.2846890091896057,268.5213882625103,0
301752,106,630,0.28300732374191284,268.8043955862522,0
301753,106,631,0.2776411771774292,269.08203676342964,0
301754,106,632,0.2826920449733734,269.364728808403,0
301755,106,633,0.27959319949150085,269.6443220078945,0
301756,106,634,0.2757641673088074,269.9200861752033,0
301757,106,635,0.28215405344963074,270.20224022865295,0
301758,106,636,0.2780012786388397,270.4802415072918,0
301759,106,637,0.27775803208351135,270.7579995393753,0
301760,106,638,0.26920220255851746,271.0272017419338,0
301761,106,639,0.2620392143726349,271.28924095630646,0
301762,106,640,0.27526307106018066,271.56450402736664,0
301763,106,641,0.27126216888427734,271.8357661962509,0
301764,106,642,0.26424694061279297,272.1000131368637,0
301765,106,643,0.27114078402519226,272.3711539208889,0
301766,106,644,0.2668340802192688,272.63798800110817,0
301767,106,645,0.2613842785358429,272.899372279644,0
301768,106,646,0.27326712012290955,273.1726393997669,0
301769,106,647,0.26886436343193054,273.44150376319885,0
301770,106,648,0.26048415899276733,273.7019879221916,0
301771,106,649,0.25698527693748474,273.9589731991291,0
301772,106,650,0.2533652186393738,274.2123384177685,0
301773,106,651,0.26689547300338745,274.47923389077187,0
301774,106,652,0.26022329926490784,274.7394571900368,0
301775,106,653,0.2545132339000702,274.99397042393684,0
301776,106,654,0.24994850158691406,275.24391892552376,0
301777,106,655,0.24672839045524597,275.490647315979,0
301778,106,656,0.24454429745674133,275.73519161343575,0
301779,106,657,0.24296021461486816,275.9781518280506,0
301780,106,658,0.25399166345596313,276.2321434915066,0
301781,106,659,0.2482970505952835,276.48044054210186,0
301782,106,660,0.24884340167045593,276.7292839437723,0
301783,106,661,0.2437828779220581,276.9730668216944,0
301784,106,662,0.23730020225048065,277.21036702394485,0
301785,106,663,0.23205457627773285,277.4424216002226,0
301786,106,664,0.22971487045288086,277.67213647067547,0
301787,106,665,0.2402605563402176,277.9123970270157,0
301788,106,666,0.23473642766475677,278.14713345468044,0
301789,106,667,0.22892975807189941,278.37606321275234,0
301790,106,668,0.22408480942249298,278.60014802217484,0
301791,106,669,0.2342190444469452,278.8343670666218,0
301792,106,670,0.22798891365528107,279.06235598027706,0
301793,106,671,0.22782009840011597,279.2901760786772,0
301794,106,672,0.21863101422786713,279.50880709290504,0
301795,106,673,0.22469255328178406,279.73349964618683,0
301796,106,674,0.2203124612569809,279.9538121074438,0
301797,106,675,0.2126179188489914,280.1664300262928,0
301798,106,676,0.21971437335014343,280.38614439964294,0
301799,106,677,0.21584686636924744,280.6019912660122,0
301800,106,678,0.21154947578907013,280.81354074180126,0
301801,106,679,0.21727734804153442,281.0308180898428,0
301802,106,680,0.2129449099302292,281.243762999773,0
301803,106,681,0.20842061936855316,281.4521836191416,0
301804,106,682,0.21363648772239685,281.665820106864,0
301805,106,683,0.21170224249362946,281.8775223493576,0
301806,106,684,0.20859406888484955,282.08611641824245,0
301807,106,685,0.2040814906358719,282.2901979088783,0
301808,106,686,0.20106519758701324,282.49126310646534,0
301809,106,687,0.2116459757089615,282.7029090821743,0
301810,106,688,0.20732535421848297,282.9102344363928,0
301811,106,689,0.2076060026884079,283.1178404390812,0
301812,106,690,0.20285679399967194,283.32069723308086,0
301813,106,691,0.19740578532218933,283.51810301840305,0
301814,106,692,0.1925952434539795,283.71069826185703,0
301815,106,693,0.20361639559268951,283.9143146574497,0
301816,106,694,0.1979883313179016,284.1123029887676,0
301817,106,695,0.19336624443531036,284.30566923320293,0
301818,106,696,0.191194087266922,284.49686332046986,0
301819,106,697,0.1883397251367569,284.6852030456066,0
301820,106,698,0.2002611756324768,284.8854642212391,0
301821,106,699,0.19588212668895721,285.08134634792805,0
301822,106,700,0.1972397118806839,285.27858605980873,0
301823,106,701,0.19452208280563354,285.47310814261436,0
301824,106,702,0.19287995994091034,285.6659881025553,0
301825,106,703,0.19292514026165009,285.8589132428169,0
301826,106,704,0.18941208720207214,286.048325330019,0
301827,106,705,0.19367115199565887,286.24199648201466,0
301828,106,706,0.18716980516910553,286.42916628718376,0
301829,106,707,0.19169868528842926,286.6208649724722,0
301830,106,708,0.18919728696346283,286.81006225943565,0
301831,106,709,0.192667156457901,287.00272941589355,0
301832,106,710,0.1904948651790619,287.1932242810726,0
301833,106,711,0.18448100984096527,287.3777052909136,0
301834,106,712,0.179067000746727,287.5567722916603,0
301835,106,713,0.18913348019123077,287.74590577185154,0
301836,106,714,0.1856071799993515,287.9315129518509,0
301837,106,715,0.18730628490447998,288.11881923675537,0
301838,106,716,0.18723168969154358,288.3060509264469,0
301839,106,717,0.1843978464603424,288.49044877290726,0
301840,106,718,0.17908616364002228,288.6695349365473,0
301841,106,719,0.17707759141921997,288.8466125279665,0
301842,106,720,0.1765523999929428,289.02316492795944,0
301843,106,721,0.18981775641441345,289.21298268437386,0
301844,106,722,0.18540136516094208,289.3983840495348,0
301845,106,723,0.18972906470298767,289.5881131142378,0
301846,106,724,0.18408074975013733,289.7721938639879,0
301847,106,725,0.19004923105239868,289.9622430950403,0
301848,106,726,0.18874162435531616,290.15098471939564,0
301849,106,727,0.182032972574234,290.33301769196987,0
301850,106,728,0.17695653438568115,290.50997422635555,0
301851,106,729,0.17684383690357208,290.6868180632591,0
301852,106,730,0.17768919467926025,290.8645072579384,0
301853,106,731,0.177567258477211,291.0420745164156,0
301854,106,732,0.17767705023288727,291.2197515666485,0
301855,106,733,0.18963000178337097,291.40938156843185,0
301856,106,734,0.18615825474262238,291.5955398231745,0
301857,106,735,0.17352984845638275,291.76906967163086,0
301858,106,736,0.1677059680223465,291.9367756396532,0
301859,106,737,0.1827673614025116,292.1195430010557,0
301860,106,738,0.17936228215694427,292.29890528321266,0
301861,106,739,0.18415342271327972,292.48305870592594,0
301862,106,740,0.17738991975784302,292.6604486256838,0
301863,106,741,0.16892169415950775,292.8293703198433,0
301864,106,742,0.16500811278820038,292.9943784326315,0
301865,106,743,0.16274085640907288,293.15711928904057,0
301866,106,744,0.16204872727394104,293.3191680163145,0
301867,106,745,0.16192428767681122,293.4810923039913,0
301868,106,746,0.1619046926498413,293.64299699664116,0
301869,106,747,0.1737307608127594,293.8167277574539,0
301870,106,748,0.16578136384487152,293.9825091212988,0
301871,106,749,0.16025348007678986,294.1427626013756,0
301872,106,750,0.15740345418453217,294.3001660555601,0
301873,106,751,0.16730554401874542,294.46747159957886,0
301874,106,752,0.1613437980413437,294.6288153976202,0
301875,106,753,0.15587544441223145,294.78469084203243,0
301876,106,754,0.16150440275669098,294.9461952447891,0
301877,106,755,0.15932421386241913,295.10551945865154,0
301878,106,756,0.1612728387117386,295.2667922973633,0
301879,106,757,0.15378490090370178,295.420577198267,0
301880,106,758,0.1635446846485138,295.5841218829155,0
301881,106,759,0.16114859282970428,295.7452704757452,0
301882,106,760,0.1624232977628708,295.9076937735081,0
301883,106,761,0.16059745848178864,296.06829123198986,0
301884,106,762,0.15428310632705688,296.2225743383169,0
301885,106,763,0.15076346695423126,296.37333780527115,0
301886,106,764,0.16124163568019867,296.53457944095135,0
301887,106,765,0.1573895812034607,296.6919690221548,0
301888,106,766,0.15194614231586456,296.8439151644707,0
301889,106,767,0.1479586809873581,296.99187384545803,0
301890,106,768,0.14511246979236603,297.1369863152504,0
301891,106,769,0.14357055723667145,297.28055687248707,0
301892,106,770,0.1561947613954544,297.4367516338825,0
301893,106,771,0.14925886690616608,297.5860105007887,0
301894,106,772,0.14394564926624298,297.72995615005493,0
301895,106,773,0.1519012153148651,297.8818573653698,0
301896,106,774,0.15047107636928558,298.0323284417391,0
301897,106,775,0.1461399644613266,298.1784684062004,0
301898,106,776,0.15192754566669464,298.3303959518671,0
301899,106,777,0.14716067910194397,298.47755663096905,0
301900,106,778,0.1396259218454361,298.6171825528145,0
301901,106,779,0.1513098031282425,298.7684923559427,0
301902,106,780,0.14824052155017853,298.9167328774929,0
301903,106,781,0.14004968106746674,299.05678255856037,0
301904,106,782,0.13686780631542206,299.1936503648758,0
301905,106,783,0.13613182306289673,299.3297821879387,0
301906,106,784,0.1507783830165863,299.4805605709553,0
301907,106,785,0.148871049284935,299.6294316202402,0
301908,106,786,0.14983628690242767,299.77926790714264,0
301909,106,787,0.14537717401981354,299.92464508116245,0
301910,106,788,0.14949949085712433,300.0741445720196,0
301911,106,789,0.14898863434791565,300.2231332063675,0
301912,106,790,0.14337585866451263,300.366509065032,0
301913,106,791,0.13807755708694458,300.50458662211895,0
301914,106,792,0.14942426979541779,300.65401089191437,0
301915,106,793,0.14464673399925232,300.7986576259136,0
301916,106,794,0.14218030869960785,300.9408379346132,0
301917,106,795,0.13794341683387756,301.0787813514471,0
301918,106,796,0.14782455563545227,301.22660590708256,0
301919,106,797,0.1441235989332199,301.3707295060158,0
301920,106,798,0.14836663007736206,301.51909613609314,0
301921,106,799,0.1466296911239624,301.6657258272171,0
301922,106,800,0.14145690202713013,301.80718272924423,0
301923,106,801,0.1361081600189209,301.94329088926315,0
301924,106,802,0.13418006896972656,302.0774709582329,0
301925,106,803,0.13245491683483124,302.2099258750677,0
301926,106,804,0.13290098309516907,302.3428268581629,0
301927,106,805,0.14593766629695892,302.48876452445984,0
301928,106,806,0.13955287635326385,302.6283174008131,0
301929,106,807,0.13682018220424652,302.76513758301735,0
301930,106,808,0.1453637331724167,302.91050131618977,0
301931,106,809,0.13796108961105347,303.0484624058008,0
301932,106,810,0.14175370335578918,303.1902161091566,0
301933,106,811,0.13787038624286652,303.3280864953995,0
301934,106,812,0.13155896961688995,303.45964546501637,0
301935,106,813,0.12877123057842255,303.5884166955948,0
301936,106,814,0.1263841688632965,303.7148008644581,0
301937,106,815,0.12600889801979065,303.8408097624779,0
301938,106,816,0.13857324421405792,303.97938300669193,0
301939,106,817,0.1318860650062561,304.1112690716982,0
301940,106,818,0.1269049048423767,304.23817397654057,0
301941,106,819,0.1250993013381958,304.36327327787876,0
301942,106,820,0.12281595915555954,304.4860892370343,0
301943,106,821,0.12238385528326035,304.6084730923176,0
301944,106,822,0.13446469604969025,304.74293778836727,0
301945,106,823,0.13110440969467163,304.87404219806194,0
301946,106,824,0.13092386722564697,305.0049660652876,0
301947,106,825,0.13075512647628784,305.1357211917639,0
301948,106,826,0.12360727787017822,305.25932846963406,0
301949,106,827,0.1334484964609146,305.39277696609497,0
301950,106,828,0.13031238317489624,305.52308934926987,0
301951,106,829,0.12245843559503555,305.6455477848649,0
301952,106,830,0.11673683673143387,305.76228462159634,0
301953,106,831,0.11550666391849518,305.87779128551483,0
301954,106,832,0.12865139544010162,306.00644268095493,0
301955,106,833,0.12279905378818512,306.1292417347431,0
301956,106,834,0.11936592310667038,306.2486076578498,0
301957,106,835,0.11580803245306015,306.36441569030285,0
301958,106,836,0.11379120498895645,306.4782068952918,0
301959,106,837,0.12536489963531494,306.6035717949271,0
301960,106,838,0.11991708725690842,306.72348888218403,0
301961,106,839,0.1153518408536911,306.8388407230377,0
301962,106,840,0.12393214553594589,306.96277286857367,0
301963,106,841,0.1197335496544838,307.08250641822815,0
301964,106,842,0.11655452102422714,307.1990609392524,0
301965,106,843,0.1240508034825325,307.3231117427349,0
301966,106,844,0.12408226728439331,307.4471940100193,0
301967,106,845,0.11915343254804611,307.56634744256735,0
301968,106,846,0.11559868603944778,307.6819461286068,0
301969,106,847,0.11290138214826584,307.79484751075506,0
301970,106,848,0.11268244683742523,307.9075299575925,0
301971,106,849,0.11333055049180984,308.0208605080843,0
301972,106,850,0.11359856277704239,308.13445907086134,0
301973,106,851,0.1261293739080429,308.2605884447694,0
301974,106,852,0.1195361316204071,308.3801245763898,0
301975,106,853,0.12311004847288132,308.50323462486267,0
301976,106,854,0.12004697322845459,308.6232815980911,0
301977,106,855,0.11862442642450333,308.74190602451563,0
301978,106,856,0.1147347241640091,308.85664074867964,0
301979,106,857,0.11150321364402771,308.96814396232367,0
301980,106,858,0.10998895764350891,309.0781329199672,0
301981,106,859,0.10959550738334656,309.1877284273505,0
301982,106,860,0.12269613891839981,309.3104245662689,0
301983,106,861,0.11871788650751114,309.42914245277643,0
301984,106,862,0.11808262765407562,309.5472250804305,0
301985,106,863,0.11468376219272614,309.66190884262323,0
301986,106,864,0.10919002443552017,309.77109886705875,0
301987,106,865,0.1051461324095726,309.8762449994683,0
301988,106,866,0.10310627520084381,309.97935127466917,0
301989,106,867,0.10246314853429794,310.08181442320347,0
301990,106,868,0.1153155043721199,310.1971299275756,0
301991,106,869,0.11202169209718704,310.3091516196728,0
301992,106,870,0.10265407711267471,310.41180569678545,0
301993,106,871,0.11304689198732376,310.5248525887728,0
301994,106,872,0.11367717385292053,310.6385297626257,0
301995,106,873,0.11839654296636581,310.75692630559206,0
301996,106,874,0.12043447047472,310.8773607760668,0
301997,106,875,0.11432261019945145,310.99168338626623,0
301998,106,876,0.10862364619970322,311.10030703246593,0
301999,106,877,0.10538177192211151,311.20568880438805,0
302000,106,878,0.11874011158943176,311.3244289159775,0
302001,106,879,0.11302555352449417,311.437454469502,0
302002,106,880,0.10806488245725632,311.54551935195923,0
302003,106,881,0.10603165626525879,311.6515510082245,0
302004,106,882,0.10378452390432358,311.7553355321288,0
302005,106,883,0.11581160873174667,311.87114714086056,0
302006,106,884,0.10956501215696335,311.9807121530175,0
302007,106,885,0.1113905981183052,312.0921027511358,0
302008,106,886,0.11197315156459808,312.2040759027004,0
302009,106,887,0.11019986122846603,312.3142757639289,0
302010,106,888,0.10501696169376373,312.41929272562265,0
302011,106,889,0.11485498398542404,312.5341477096081,0
302012,106,890,0.10907481610774994,312.6432225257158,0
302013,106,891,0.10019472986459732,312.7434172555804,0
302014,106,892,0.09635914862155914,312.839776404202,0
302015,106,893,0.11329242587089539,312.9530688300729,0
302016,106,894,0.11320429295301437,313.0662731230259,0
302017,106,895,0.10398934036493301,313.1702624633908,0
302018,106,896,0.11377456784248352,313.2840370312333,0
302019,106,897,0.11156565696001053,313.3956026881933,0
302020,106,898,0.10575909167528152,313.5013617798686,0
302021,106,899,0.10299457609653473,313.60435635596514,0
302022,106,900,0.100429005920887,313.704785361886,0
302023,106,901,0.09940586239099503,313.804191224277,0
302024,106,902,0.0992952361702919,313.9034864604473,0
302025,106,903,0.0994318351149559,314.00291829556227,0
302026,106,904,0.10001913458108902,314.10293743014336,0
302027,106,905,0.11252179741859436,314.21545922756195,0
302028,106,906,0.1084018275141716,314.3238610550761,0
302029,106,907,0.10833095759153366,314.43219201266766,0
302030,106,908,0.10410154610872269,314.5362935587764,0
302031,106,909,0.10670935362577438,314.64300291240215,0
302032,106,910,0.10493284463882446,314.747935757041,0
302033,106,911,0.10059013217687607,314.84852588921785,0
302034,106,912,0.09521640837192535,314.9437422975898,0
302035,106,913,0.10783234983682632,315.0515746474266,0
302036,106,914,0.10313020646572113,315.1547048538923,0
302037,106,915,0.09958963096141815,315.25429448485374,0
302038,106,916,0.09534312039613724,315.3496376052499,0
302039,106,917,0.10557243973016739,315.45521004498005,0
302040,106,918,0.1009826734662056,315.55619271844625,0
302041,106,919,0.10318624973297119,315.6593789681792,0
302042,106,920,0.10220807790756226,315.7615870460868,0
302043,106,921,0.09607952833175659,315.85766657441854,0
302044,106,922,0.0916559174656868,315.94932249188423,0
302045,106,923,0.1055537536740303,316.05487624555826,0
302046,106,924,0.10063355416059494,316.15550979971886,0
302047,106,925,0.10302003473043442,316.2585298344493,0
302048,106,926,0.09866359084844589,316.35719342529774,0
302049,106,927,0.09363220632076263,316.4508256316185,0
302050,106,928,0.08997378498315811,316.54079941660166,0
302051,106,929,0.10384050756692886,316.6446399241686,0
302052,106,930,0.10011240094900131,316.7447523251176,0
302053,106,931,0.09508159011602402,316.8398339152336,0
302054,106,932,0.09345641732215881,316.93329033255577,0
302055,106,933,0.10581807792186737,317.03910841047764,0
302056,106,934,0.10015635937452316,317.13926476985216,0
302057,106,935,0.1057819202542305,317.2450466901064,0
302058,106,936,0.10164021700620651,317.3466869071126,0
302059,106,937,0.0992678701877594,317.44595477730036,0
302060,106,938,0.10801514238119125,317.55396991968155,0
302061,106,939,0.10584456473588943,317.65981448441744,0
302062,106,940,0.10319963097572327,317.76301411539316,0
302063,106,941,0.09880314767360687,317.86181726306677,0
302064,106,942,0.09624393284320831,317.95806119591,0
302065,106,943,0.09545060992240906,318.0535118058324,0
302066,106,944,0.09571938216686249,318.14923118799925,0
302067,106,945,0.10844144225120544,318.25767263025045,0
302068,106,946,0.10504700988531113,318.36271964013577,0
302069,106,947,0.10695713758468628,318.46967677772045,0
302070,106,948,0.10526521503925323,318.5749419927597,0
302071,106,949,0.1106475293636322,318.68558952212334,0
302072,106,950,0.1048547551035881,318.7904442772269,0
302073,106,951,0.11117324978113174,318.90161752700806,0
302074,106,952,0.10690757632255554,319.0085251033306,0
302075,106,953,0.09979768842458725,319.1083227917552,0
302076,106,954,0.09470124542713165,319.20302403718233,0
302077,106,955,0.10774251818656921,319.3107665553689,0
302078,106,956,0.1030663326382637,319.41383288800716,0
302079,106,957,0.10475904494524002,319.5185919329524,0
302080,106,958,0.10143843293190002,319.6200303658843,0
302081,106,959,0.106941357254982,319.7269717231393,0
302082,106,960,0.10147030651569366,319.828442029655,0
302083,106,961,0.10563439130783081,319.9340764209628,0
302084,106,962,0.0993853211402893,320.0334617421031,0
302085,106,963,0.10834112763404846,320.14180286973715,0
302086,106,964,0.10496131330728531,320.24676418304443,0
302087,106,965,0.10776355117559433,320.35452773422,0
302088,106,966,0.10560497641563416,320.46013271063566,0
302089,106,967,0.10698897391557693,320.56712168455124,0
302090,106,968,0.10270433872938156,320.6698260232806,0
302091,106,969,0.09827063232660294,320.7680966556072,0
302092,106,970,0.11152339726686478,320.8796200528741,0
302093,106,971,0.1084868386387825,320.98810689151287,0
302094,106,972,0.11190297454595566,321.1000098660588,0
302095,106,973,0.10729462653398514,321.2073044925928,0
302096,106,974,0.10080765932798386,321.3081121519208,0
302097,106,975,0.09611416608095169,321.40422631800175,0
302098,106,976,0.09516000747680664,321.49938632547855,0
302099,106,977,0.0943143367767334,321.5937006622553,0
302100,106,978,0.10767684131860733,321.7013775035739,0
302101,106,979,0.10075026750564575,321.80212777107954,0
302102,106,980,0.0965651124715805,321.8986928835511,0
302103,106,981,0.09262195229530334,321.9913148358464,0
302104,106,982,0.10262934118509293,322.0939441770315,0
302105,106,983,0.09698174893856049,322.1909259259701,0
302106,106,984,0.0916784480214119,322.2826043739915,0
302107,106,985,0.09858553856611252,322.3811899125576,0
302108,106,986,0.09469921141862869,322.47588912397623,0
302109,106,987,0.08932001888751984,322.56520914286375,0
302110,106,988,0.09531059861183167,322.6605197414756,0
302111,106,989,0.09425362944602966,322.7547733709216,0
302112,106,990,0.09041451662778854,322.8451878875494,0
302113,106,991,0.08552306145429611,322.9307109490037,0
302114,106,992,0.09832688421010971,323.0290378332138,0
302115,106,993,0.09571708738803864,323.12475492060184,0
302116,106,994,0.09840153902769089,323.22315645962954,0
302117,106,995,0.09496495872735977,323.3181214183569,0
302118,106,996,0.08868451416492462,323.4068059325218,0
302119,106,997,0.0985388308763504,323.50534476339817,0
302120,106,998,0.09456900507211685,323.5999137684703,0
302121,106,999,0.08954090625047684,323.68945467472076,0
302122,106,1000,0.08508387207984924,323.7745385468006,0
302123,106,1001,0.09613736718893051,323.87067591398954,0
302124,106,1002,0.09132538735866547,323.9620013013482,0
302125,106,1003,0.09618460386991501,324.0581859052181,0
302126,106,1004,0.09225891530513763,324.15044482052326,0
302127,106,1005,0.08827084302902222,324.2387156635523,0
302128,106,1006,0.0838964581489563,324.32261212170124,0
302129,106,1007,0.09833203256130219,324.42094415426254,0
302130,106,1008,0.0955924242734909,324.51653657853603,0
302131,106,1009,0.09817265719175339,324.6147092357278,0
302132,106,1010,0.09497205168008804,324.7096812874079,0
302133,106,1011,0.09982077032327652,324.80950205773115,0
302134,106,1012,0.09502150863409042,324.90452356636524,0
302135,106,1013,0.10236170887947083,325.0068852752447,0
302136,106,1014,0.10009275376796722,325.1069780290127,0
302137,106,1015,0.10234667360782623,325.2093247026205,0
302138,106,1016,0.09792014956474304,325.30724485218525,0
302139,106,1017,0.09108628332614899,325.3983311355114,0
302140,106,1018,0.10442955046892166,325.5027606859803,0
302141,106,1019,0.09969747066497803,325.6024581566453,0
302142,106,1020,0.10415209084749222,325.7066102474928,0
302143,106,1021,0.10094653815031052,325.8075567856431,0
302144,106,1022,0.09439349919557571,325.9019502848387,0
302145,106,1023,0.08967567980289459,325.99162596464157,0
302146,106,1024,0.10318099707365036,326.0948069617152,0
302147,106,1025,0.10113485902547836,326.1959418207407,0
302148,106,1026,0.10231960564851761,326.2982614263892,0
302149,106,1027,0.09981049597263336,326.39807192236185,0
302150,106,1028,0.10302954167127609,326.5011014640331,0
302151,106,1029,0.09763732552528381,326.5987387895584,0
302152,106,1030,0.0912153571844101,326.6899541467428,0
302153,106,1031,0.08918975293636322,326.7791438996792,0
302154,106,1032,0.0874348059296608,326.86657870560884,0
302155,106,1033,0.08839679509401321,326.95497550070286,0
302156,106,1034,0.10175619274377823,327.05673169344664,0
302157,106,1035,0.0977708250284195,327.15450251847506,0
302158,106,1036,0.09727317094802856,327.2517756894231,0
302159,106,1037,0.09367997199296951,327.34545566141605,0
302160,106,1038,0.08857979625463486,327.4340354576707,0
302161,106,1039,0.0989876538515091,327.5330231115222,0
302162,106,1040,0.095838263630867,327.62886137515306,0
302163,106,1041,0.08983305841684341,327.7186944335699,0
302164,106,1042,0.10017471015453339,327.81886914372444,0
302165,106,1043,0.09529870748519897,327.91416785120964,0
302166,106,1044,0.08739630877971649,328.00156415998936,0
302167,106,1045,0.08126308023929596,328.08282724022865,0
302168,106,1046,0.0787574052810669,328.1615846455097,0
302169,106,1047,0.0783592015504837,328.2399438470602,0
302170,106,1048,0.07881779968738556,328.3187616467476,0
302171,106,1049,0.09262575209140778,328.411387398839,0
302172,106,1050,0.08665764331817627,328.4980450421572,0
302173,106,1051,0.0916326493024826,328.58967769145966,0
302174,106,1052,0.0914076566696167,328.6810853481293,0
302175,106,1053,0.09241179376840591,328.7734971418977,0
302176,106,1054,0.09307939559221268,328.8665765374899,0
302177,106,1055,0.09424019604921341,328.9608167335391,0
302178,106,1056,0.09573128819465637,329.05654802173376,0
302179,106,1057,0.09005046635866165,329.1465984880924,0
302180,106,1058,0.08658984303474426,329.23318833112717,0
302181,106,1059,0.08321694284677505,329.31640527397394,0
302182,106,1060,0.08157256990671158,329.39797784388065,0
302183,106,1061,0.0814637839794159,329.47944162786007,0
302184,106,1062,0.08222910016775131,329.5616707280278,0
302185,106,1063,0.09546694904565811,329.6571376770735,0
302186,106,1064,0.08857470005750656,329.745712377131,0
302187,106,1065,0.09092802554368973,329.8366404026747,0
302188,106,1066,0.08791748434305191,329.9245578870177,0
302189,106,1067,0.08285335451364517,330.0074112415314,0
302190,106,1068,0.07773119956254959,330.0851424410939,0
302191,106,1069,0.0754285454750061,330.1605709865689,0
302192,106,1070,0.07385402172803879,330.23442500829697,0
302193,106,1071,0.08803504705429077,330.32246005535126,0
302194,106,1072,0.08163609355688095,330.40409614890814,0
302195,106,1073,0.07910101115703583,330.4831971600652,0
302196,106,1074,0.07790108025074005,330.5610982403159,0
302197,106,1075,0.07569662481546402,330.6367948651314,0
302198,106,1076,0.07474425435066223,330.71153911948204,0
302199,106,1077,0.0748768299818039,330.78641594946384,0
302200,106,1078,0.07541763782501221,330.86183358728886,0
302201,106,1079,0.07609976828098297,330.93793335556984,0
302202,106,1080,0.07661982625722885,331.01455318182707,0
302203,106,1081,0.07714743167161942,331.0917006134987,0
302204,106,1082,0.07765696197748184,331.16935757547617,0
302205,106,1083,0.07807865738868713,331.24743623286486,0
302206,106,1084,0.07854241132736206,331.3259786441922,0
302207,106,1085,0.09139500558376312,331.417373649776,0
302208,106,1086,0.08755795657634735,331.50493160635233,0
302209,106,1087,0.0864630937576294,331.59139470010996,0
302210,106,1088,0.08239225298166275,331.6737869530916,0
302211,106,1089,0.08741063624620438,331.7611975893378,0
302212,106,1090,0.08105910569429398,331.8422566950321,0
302213,106,1091,0.08778027445077896,331.9300369694829,0
302214,106,1092,0.08358342945575714,332.01362039893866,0
302215,106,1093,0.07752865552902222,332.0911490544677,0
302216,106,1094,0.07411845773458481,332.16526751220226,0
302217,106,1095,0.0870010256767273,332.252268537879,0
302218,106,1096,0.08189979940652847,332.3341683372855,0
302219,106,1097,0.07695318758487701,332.4111215248704,0
302220,106,1098,0.07562217861413956,332.48674370348454,0
302221,106,1099,0.073643758893013,332.56038746237755,0
302222,106,1100,0.07455708831548691,332.63494455069304,0
302223,106,1101,0.08777378499507904,332.7227183356881,0
302224,106,1102,0.08340601623058319,332.8061243519187,0
302225,106,1103,0.08723224699497223,332.89335659891367,0
302226,106,1104,0.08460500091314316,332.9779615998268,0
302227,106,1105,0.08243507891893387,333.06039667874575,0
302228,106,1106,0.07744999974966049,333.1378466784954,0
302229,106,1107,0.0904659777879715,333.2283126562834,0
302230,106,1108,0.08620458841323853,333.3145172446966,0
302231,106,1109,0.07859809696674347,333.39311534166336,0
302232,106,1110,0.09111294895410538,333.48422829061747,0
302233,106,1111,0.09191538393497467,333.57614367455244,0
302234,106,1112,0.09617232531309128,333.67231599986553,0
302235,106,1113,0.0981944128870964,333.7705104127526,0
302236,106,1114,0.09542383998632431,333.86593425273895,0
302237,106,1115,0.08957932144403458,333.955513574183,0
302238,106,1116,0.0863756313920021,334.041889205575,0
302239,106,1117,0.08692175149917603,334.12881095707417,0
302240,106,1118,0.1009775698184967,334.22978852689266,0
302241,106,1119,0.09509541094303131,334.3248839378357,0
302242,106,1120,0.0993957594037056,334.4242796972394,0
302243,106,1121,0.1002841517329216,334.5245638489723,0
302244,106,1122,0.0968688353896141,334.62143268436193,0
302245,106,1123,0.09153828769922256,334.71297097206116,0
302246,106,1124,0.10213669389486313,334.815107665956,0
302247,106,1125,0.09813477843999863,334.913242444396,0
302248,106,1126,0.10127989947795868,335.014522343874,0
302249,106,1127,0.09682098031044006,335.1113433241844,0
302250,106,1128,0.09020377695560455,335.20154710114,0
302251,106,1129,0.08532585948705673,335.2868729606271,0
302252,106,1130,0.09951161593198776,335.38638457655907,0
302253,106,1131,0.09661147743463516,335.4829960539937,0
302254,106,1132,0.08731537312269211,335.5703114271164,0
302255,106,1133,0.08315155655145645,335.65346298366785,0
302256,106,1134,0.09912638366222382,335.7525893673301,0
302257,106,1135,0.09742701798677444,335.85001638531685,0
302258,106,1136,0.09592706710100174,335.94594345241785,0
302259,106,1137,0.09779460728168488,336.04373805969954,0
302260,106,1138,0.09054935723543167,336.13428741693497,0
302261,106,1139,0.09692390263080597,336.2312113195658,0
302262,106,1140,0.09395388513803482,336.3251652047038,0
302263,106,1141,0.09561802446842194,336.42078322917223,0
302264,106,1142,0.09146492928266525,336.5122481584549,0
302265,106,1143,0.08392691612243652,336.59617507457733,0
302266,106,1144,0.08331973850727081,336.6794948130846,0
302267,106,1145,0.0989350751042366,336.77842988818884,0
302268,106,1146,0.09618210792541504,336.87461199611425,0
302269,106,1147,0.08567514270544052,336.9602871388197,0
302270,106,1148,0.07856174558401108,337.0388488844037,0
302271,106,1149,0.09161961823701859,337.1304685026407,0
302272,106,1150,0.08790308237075806,337.2183715850115,0
302273,106,1151,0.0823124572634697,337.30068404227495,0
302274,106,1152,0.07793206721544266,337.3786161094904,0
302275,106,1153,0.08997859060764313,337.46859470009804,0
302276,106,1154,0.08758805692195892,337.55618275702,0
302277,106,1155,0.08208756893873215,337.63827032595873,0
302278,106,1156,0.07938854396343231,337.71765886992216,0
302279,106,1157,0.07654352486133575,337.7942023947835,0
302280,106,1158,0.0896962583065033,337.88389865309,0
302281,106,1159,0.08336515724658966,337.9672638103366,0
302282,106,1160,0.08649787306785583,338.05376168340445,0
302283,106,1161,0.07994811236858368,338.13370979577303,0
302284,106,1162,0.09042084217071533,338.22413063794374,0
302285,106,1163,0.08810190111398697,338.31223253905773,0
302286,106,1164,0.08196607977151871,338.39419861882925,0
302287,106,1165,0.09479672461748123,338.48899534344673,0
302288,106,1166,0.09080865979194641,338.5798040032387,0
302289,106,1167,0.097099669277668,338.67690367251635,0
302290,106,1168,0.09003829210996628,338.7669419646263,0
302291,106,1169,0.08436447381973267,338.85130643844604,0
302292,106,1170,0.07964774966239929,338.93095418810844,0
302293,106,1171,0.09445362538099289,339.02540781348944,0
302294,106,1172,0.08891235291957855,339.114320166409,0
302295,106,1173,0.08579163253307343,339.2001117989421,0
302296,106,1174,0.08395008742809296,339.2840618863702,0
302297,106,1175,0.08366557955741882,339.3677274659276,0
302298,106,1176,0.08369963616132736,339.4514271020889,0
302299,106,1177,0.08458027243614197,339.53600737452507,0
302300,106,1178,0.08484342694282532,339.6208508014679,0
302301,106,1179,0.09810589253902435,339.7189566940069,0
302302,106,1180,0.09199949353933334,339.81095618754625,0
302303,106,1181,0.08678831160068512,339.89774449914694,0
302304,106,1182,0.08386252075433731,339.9816070199013,0
302305,106,1183,0.08165208250284195,340.0632591024041,0
302306,106,1184,0.08130570501089096,340.144564807415,0
302307,106,1185,0.08139345049858093,340.2259582579136,0
302308,106,1186,0.08194020390510559,340.3078984618187,0
302309,106,1187,0.09557175636291504,340.4034702181816,0
302310,106,1188,0.09011770784854889,340.49358792603016,0
302311,106,1189,0.0849999338388443,340.578587859869,0
302312,106,1190,0.08140450716018677,340.6599923670292,0
302313,106,1191,0.08058491349220276,340.7405772805214,0
302314,106,1192,0.0797322615981102,340.8203095421195,0
302315,106,1193,0.07969172298908234,340.9000012651086,0
302316,106,1194,0.09358803927898407,340.99358930438757,0
302317,106,1195,0.08751243352890015,341.08110173791647,0
302318,106,1196,0.0911259651184082,341.1722277030349,0
302319,106,1197,0.08304544538259506,341.2552731484175,0
302320,106,1198,0.09011948853731155,341.3453926369548,0
302321,106,1199,0.0859047919511795,341.43129742890596,0
302322,106,1200,0.07935802638530731,341.51065545529127,0
302323,106,1201,0.09034278988838196,341.60099824517965,0
302324,106,1202,0.08913367986679077,341.69013192504644,0
302325,106,1203,0.09196630865335464,341.7820982336998,0
302326,106,1204,0.0903664380311966,341.872464671731,0
302327,106,1205,0.0946265161037445,341.96709118783474,0
302328,106,1206,0.09436116367578506,342.0614523515105,0
302329,106,1207,0.097499780356884,342.1589521318674,0
302330,106,1208,0.10167111456394196,342.26062324643135,0
302331,106,1209,0.10322365909814835,342.3638469055295,0
302332,106,1210,0.10404402762651443,342.467890933156,0
302333,106,1211,0.09971579909324646,342.56760673224926,0
302334,106,1212,0.10398200899362564,342.6715887412429,0
302335,106,1213,0.09926072508096695,342.77084946632385,0
302336,106,1214,0.1044827252626419,342.8753321915865,0
302337,106,1215,0.09971558302640915,342.9750477746129,0
302338,106,1216,0.09258808195590973,343.0676358565688,0
302339,106,1217,0.08790603280067444,343.1555418893695,0
302340,106,1218,0.08618801832199097,343.2417299076915,0
302341,106,1219,0.08589383214712143,343.3276237398386,0
302342,106,1220,0.08658532798290253,343.4142090678215,0
302343,106,1221,0.08727782219648361,343.501486890018,0
302344,106,1222,0.08790432661771774,343.5893912166357,0
302345,106,1223,0.08830871433019638,343.6776999309659,0
302346,106,1224,0.10138647258281708,343.7790864035487,0
302347,106,1225,0.0943685993552208,343.87345500290394,0
302348,106,1226,0.09084189683198929,343.9642968997359,0
302349,106,1227,0.08725494891405106,344.05155184865,0
302350,106,1228,0.08535829931497574,344.13691014796495,0
302351,106,1229,0.08391153067350388,344.22082167863846,0
302352,106,1230,0.0832507312297821,344.30407240986824,0
302353,106,1231,0.08303116261959076,344.38710357248783,0
302354,106,1232,0.0830228254199028,344.47012639790773,0
302355,106,1233,0.08324048668146133,344.5533668845892,0
302356,106,1234,0.08331912755966187,344.63668601214886,0
302357,106,1235,0.083408884704113,344.72009489685297,0
302358,106,1236,0.083436518907547,344.8035314157605,0
302359,106,1237,0.09624301642179489,344.8997744321823,0
302360,106,1238,0.08855126053094864,344.98832569271326,0
302361,106,1239,0.08294107764959335,345.07126677036285,0
302362,106,1240,0.07908598333597183,345.1503527536988,0
302363,106,1241,0.07641133666038513,345.2267640903592,0
302364,106,1242,0.0749613493680954,345.3017254397273,0
302365,106,1243,0.08767476677894592,345.38940020650625,0
302366,106,1244,0.0832386463880539,345.4726388528943,0
302367,106,1245,0.07786548137664795,345.55050433427095,0
302368,106,1246,0.07380208373069763,345.62430641800165,0
302369,106,1247,0.07128304243087769,345.69558946043253,0
302370,106,1248,0.07092402875423431,345.76651348918676,0
302371,106,1249,0.07139845192432404,345.8379119411111,0
302372,106,1250,0.07146715372800827,345.9093790948391,0
302373,106,1251,0.07176624238491058,345.981145337224,0
302374,106,1252,0.0722622200846672,346.0534075573087,0
302375,106,1253,0.08549670875072479,346.1389042660594,0
302376,106,1254,0.07795272022485733,346.21685698628426,0
302377,106,1255,0.07393069565296173,346.2907876819372,0
302378,106,1256,0.07248688489198685,346.3632745668292,0
302379,106,1257,0.0828317254781723,346.4461062923074,0
302380,106,1258,0.0771762877702713,346.52328258007765,0
302381,106,1259,0.07204008102416992,346.5953226611018,0
302382,106,1260,0.07098546624183655,346.66630812734365,0
302383,106,1261,0.07075866311788559,346.73706679046154,0
302384,106,1262,0.0698714628815651,346.8069382533431,0
302385,106,1263,0.07066790759563446,346.87760616093874,0
302386,106,1264,0.08426165580749512,346.96186781674623,0
302387,106,1265,0.07810033857822418,347.03996815532446,0
302388,106,1266,0.08288316428661346,347.1228513196111,0
302389,106,1267,0.08204787969589233,347.20489919930696,0
302390,106,1268,0.08050388097763062,347.2854030802846,0
302391,106,1269,0.07879281789064407,347.36419589817524,0
302392,106,1270,0.09128974378108978,347.45548564195633,0
302393,106,1271,0.0864899531006813,347.541975595057,0
302394,106,1272,0.07905001938343048,347.62102561444044,0
302395,106,1273,0.09123028814792633,347.71225590258837,0
302396,106,1274,0.08834690600633621,347.8006028085947,0
302397,106,1275,0.0927254930138588,347.89332830160856,0
302398,106,1276,0.09549038857221603,347.9888186901808,0
302399,106,1277,0.09590865671634674,348.0847273468971,0
302400,106,1278,0.09591936320066452,348.1806467100978,0
302401,106,1279,0.08990994840860367,348.2705566585064,0
302402,106,1280,0.09890417009592056,348.3694608286023,0
302403,106,1281,0.09394452720880508,348.4634053558111,0
302404,106,1282,0.09906355291604996,348.56246890872717,0
302405,106,1283,0.09561803191900253,348.65808694064617,0
302406,106,1284,0.10227255523204803,348.7603594958782,0
302407,106,1285,0.09638258069753647,348.85674207657576,0
302408,106,1286,-10.0,338.85674207657576,1
302409,107,1,0.15163932740688324,0.15163932740688324,0
302410,107,2,0.1491834670305252,0.30082279443740845,0
302411,107,3,0.14339382946491241,0.44421662390232086,0
302412,107,4,0.13899557292461395,0.5832121968269348,0
302413,107,5,0.14941170811653137,0.7326239049434662,0
302414,107,6,0.1473856270313263,0.8800095319747925,0
302415,107,7,0.1513657122850418,1.0313752442598343,0
302416,107,8,0.15150247514247894,1.1828777194023132,0
302417,107,9,0.14754778146743774,1.330425500869751,0
302418,107,10,0.14534805715084076,1.4757735580205917,0
302419,107,11,0.1471463143825531,1.6229198724031448,0
302420,107,12,0.14890781044960022,1.771827682852745,0
302421,107,13,0.1454528272151947,1.9172805100679398,0
302422,107,14,0.14666859805583954,2.0639491081237793,0
302423,107,15,0.14274094998836517,2.2066900581121445,0
302424,107,16,0.14691190421581268,2.353601962327957,0
302425,107,17,0.14291764795780182,2.496519610285759,0
302426,107,18,0.14827178418636322,2.644791394472122,0
302427,107,19,0.13967078924179077,2.784462183713913,0
302428,107,20,0.14346741139888763,2.9279295951128006,0
302429,107,21,0.13825106620788574,3.0661806613206863,0
302430,107,22,0.13978321850299835,3.2059638798236847,0
302431,107,23,0.14519505202770233,3.351158931851387,0
302432,107,24,0.1502135992050171,3.501372531056404,0
302433,107,25,0.15128658711910248,3.6526591181755066,0
302434,107,26,0.15001147985458374,3.8026705980300903,0
302435,107,27,0.15040656924247742,3.9530771672725677,0
302436,107,28,0.14095830917358398,4.094035476446152,0
302437,107,29,0.14737407863140106,4.241409555077553,0
302438,107,30,0.15159229934215546,4.393001854419708,0
302439,107,31,0.14546087384223938,4.538462728261948,0
302440,107,32,0.151536226272583,4.689998954534531,0
302441,107,33,0.14249438047409058,4.832493335008621,0
302442,107,34,0.14055056869983673,4.973043903708458,0
302443,107,35,0.14168648421764374,5.114730387926102,0
302444,107,36,0.14885187149047852,5.26358225941658,0
302445,107,37,0.14895786345005035,5.4125401228666306,0
302446,107,38,0.14992840588092804,5.562468528747559,0
302447,107,39,0.14945292472839355,5.711921453475952,0
302448,107,40,0.15117813646793365,5.863099589943886,0
302449,107,41,0.14702749252319336,6.010127082467079,0
302450,107,42,0.1440812647342682,6.154208347201347,0
302451,107,43,0.14313890039920807,6.297347247600555,0
302452,107,44,0.1443404108285904,6.441687658429146,0
302453,107,45,0.1495800018310547,6.5912676602602005,0
302454,107,46,0.15134137868881226,6.742609038949013,0
302455,107,47,0.15333682298660278,6.8959458619356155,0
302456,107,48,0.1468500941991806,7.042795956134796,0
302457,107,49,0.1390305906534195,7.181826546788216,0
302458,107,50,0.1517697423696518,7.333596289157867,0
302459,107,51,0.14759515225887299,7.48119144141674,0
302460,107,52,0.1523289829492569,7.633520424365997,0
302461,107,53,0.14820167422294617,7.7817220985889435,0
302462,107,54,0.14414715766906738,7.925869256258011,0
302463,107,55,0.13978421688079834,8.06565347313881,0
302464,107,56,0.14035186171531677,8.206005334854126,0
302465,107,57,0.1403624564409256,8.346367791295052,0
302466,107,58,0.153447225689888,8.49981501698494,0
302467,107,59,0.15039688348770142,8.650211900472641,0
302468,107,60,0.14022362232208252,8.790435522794724,0
302469,107,61,0.14962249994277954,8.940058022737503,0
302470,107,62,0.15042735636234283,9.090485379099846,0
302471,107,63,0.14414866268634796,9.234634041786194,0
302472,107,64,0.15425966680049896,9.388893708586693,0
302473,107,65,0.15136833488941193,9.540262043476105,0
302474,107,66,0.14806422591209412,9.688326269388199,0
302475,107,67,0.14417114853858948,9.832497417926788,0
302476,107,68,0.14404508471488953,9.976542502641678,0
302477,107,69,0.1558714509010315,10.13241395354271,0
302478,107,70,0.15212108194828033,10.28453503549099,0
302479,107,71,0.14350271224975586,10.428037747740746,0
302480,107,72,0.15345498919487,10.581492736935616,0
302481,107,73,0.1513281911611557,10.732820928096771,0
302482,107,74,0.15247842669487,10.885299354791641,0
302483,107,75,0.14976349472999573,11.035062849521637,0
302484,107,76,0.1468856781721115,11.181948527693748,0
302485,107,77,0.15738508105278015,11.339333608746529,0
302486,107,78,0.15864789485931396,11.497981503605843,0
302487,107,79,0.15166763961315155,11.649649143218994,0
302488,107,80,0.14616043865680695,11.795809581875801,0
302489,107,81,0.15817296504974365,11.953982546925545,0
302490,107,82,0.1576565057039261,12.11163905262947,0
302491,107,83,0.15919479727745056,12.270833849906921,0
302492,107,84,0.15636183321475983,12.427195683121681,0
302493,107,85,0.15116330981254578,12.578358992934227,0
302494,107,86,0.15034571290016174,12.728704705834389,0
302495,107,87,0.14917276799678802,12.877877473831177,0
302496,107,88,0.15894630551338196,13.036823779344559,0
302497,107,89,0.15871629118919373,13.195540070533752,0
302498,107,90,0.16069920361042023,13.356239274144173,0
302499,107,91,0.15846040844917297,13.514699682593346,0
302500,107,92,0.156363844871521,13.671063527464867,0
302501,107,93,0.15273728966712952,13.823800817131996,0
302502,107,94,0.1510288268327713,13.974829643964767,0
302503,107,95,0.15065604448318481,14.125485688447952,0
302504,107,96,0.15098023414611816,14.27646592259407,0
302505,107,97,0.1624339371919632,14.438899859786034,0
302506,107,98,0.15678568184375763,14.595685541629791,0
302507,107,99,0.15248645842075348,14.748172000050545,0
302508,107,100,0.14993689954280853,14.898108899593353,0
302509,107,101,0.148162379860878,15.046271279454231,0
302510,107,102,0.15885195136070251,15.205123230814934,0
302511,107,103,0.15416330099105835,15.359286531805992,0
302512,107,104,0.14989109337329865,15.50917762517929,0
302513,107,105,0.1563248336315155,15.665502458810806,0
302514,107,106,0.15018071234226227,15.815683171153069,0
302515,107,107,0.1445610374212265,15.960244208574295,0
302516,107,108,0.14033851027488708,16.100582718849182,0
302517,107,109,0.155939519405365,16.256522238254547,0
302518,107,110,0.1568131148815155,16.413335353136063,0
302519,107,111,0.1485876739025116,16.561923027038574,0
302520,107,112,0.14566943049430847,16.707592457532883,0
302521,107,113,0.15738356113433838,16.86497601866722,0
302522,107,114,0.1556306779384613,17.020606696605682,0
302523,107,115,0.16133368015289307,17.181940376758575,0
302524,107,116,0.15993456542491913,17.341874942183495,0
302525,107,117,0.16074489057064056,17.502619832754135,0
302526,107,118,0.16146835684776306,17.664088189601898,0
302527,107,119,0.156862273812294,17.820950463414192,0
302528,107,120,0.15490995347499847,17.97586041688919,0
302529,107,121,0.15179689228534698,18.127657309174538,0
302530,107,122,0.15068002045154572,18.278337329626083,0
302531,107,123,0.1507766991853714,18.429114028811455,0
302532,107,124,0.1514526605606079,18.580566689372063,0
302533,107,125,0.15236088633537292,18.732927575707436,0
302534,107,126,0.1644975244998932,18.89742510020733,0
302535,107,127,0.16204635798931122,19.05947145819664,0
302536,107,128,0.15319614112377167,19.21266759932041,0
302537,107,129,0.16512657701969147,19.377794176340103,0
302538,107,130,0.16369982063770294,19.541493996977806,0
302539,107,131,0.16738678514957428,19.70888078212738,0
302540,107,132,0.16571585834026337,19.874596640467644,0
302541,107,133,0.17321255803108215,20.047809198498726,0
302542,107,134,0.1705719232559204,20.218381121754646,0
302543,107,135,0.17617346346378326,20.39455458521843,0
302544,107,136,0.17656828463077545,20.571122869849205,0
302545,107,137,0.1716185361146927,20.742741405963898,0
302546,107,138,0.16736780107021332,20.91010920703411,0
302547,107,139,0.1651325672864914,21.075241774320602,0
302548,107,140,0.16469542682170868,21.23993720114231,0
302549,107,141,0.1652568280696869,21.405194029211998,0
302550,107,142,0.16667725145816803,21.571871280670166,0
302551,107,143,0.1678221970796585,21.739693477749825,0
302552,107,144,0.18026113510131836,21.919954612851143,0
302553,107,145,0.1745181530714035,22.094472765922546,0
302554,107,146,0.17892809212207794,22.273400858044624,0
302555,107,147,0.17123804986476898,22.444638907909393,0
302556,107,148,0.1788843870162964,22.62352329492569,0
302557,107,149,0.1772802621126175,22.800803557038307,0
302558,107,150,0.17960022389888763,22.980403780937195,0
302559,107,151,0.17926931381225586,23.15967309474945,0
302560,107,152,0.17452526092529297,23.334198355674744,0
302561,107,153,0.17009814083576202,23.504296496510506,0
302562,107,154,0.16788175702095032,23.672178253531456,0
302563,107,155,0.16756963729858398,23.83974789083004,0
302564,107,156,0.1683485209941864,24.008096411824226,0
302565,107,157,0.1811414211988449,24.18923783302307,0
302566,107,158,0.18018560111522675,24.369423434138298,0
302567,107,159,0.17049811780452728,24.539921551942825,0
302568,107,160,0.16489166021347046,24.704813212156296,0
302569,107,161,0.18166454136371613,24.886477753520012,0
302570,107,162,0.18097832798957825,25.06745608150959,0
302571,107,163,0.17628614604473114,25.24374222755432,0
302572,107,164,0.18638387322425842,25.43012610077858,0
302573,107,165,0.18421685695648193,25.61434295773506,0
302574,107,166,0.18196742236614227,25.796310380101204,0
302575,107,167,0.17885397374629974,25.975164353847504,0
302576,107,168,0.17912785708904266,26.154292210936546,0
302577,107,169,0.1803130805492401,26.334605291485786,0
302578,107,170,0.182175874710083,26.51678116619587,0
302579,107,171,0.19557364284992218,26.71235480904579,0
302580,107,172,0.19021785259246826,26.90257266163826,0
302581,107,173,0.19431771337985992,27.09689037501812,0
302582,107,174,0.1948542445898056,27.291744619607925,0
302583,107,175,0.1929624378681183,27.484707057476044,0
302584,107,176,0.18996790051460266,27.674674957990646,0
302585,107,177,0.18971331417560577,27.864388272166252,0
302586,107,178,0.20300953090190887,28.06739780306816,0
302587,107,179,0.20015932619571686,28.267557129263878,0
302588,107,180,0.20457682013511658,28.472133949398994,0
302589,107,181,0.2052784413099289,28.677412390708923,0
302590,107,182,0.20222698152065277,28.879639372229576,0
302591,107,183,0.19928529858589172,29.078924670815468,0
302592,107,184,0.21135550737380981,29.290280178189278,0
302593,107,185,0.20820748805999756,29.498487666249275,0
302594,107,186,0.204548180103302,29.703035846352577,0
302595,107,187,0.21351514756679535,29.916550993919373,0
302596,107,188,0.21094925701618195,30.127500250935555,0
302597,107,189,0.21583020687103271,30.343330457806587,0
302598,107,190,0.21593555808067322,30.55926601588726,0
302599,107,191,0.21976488828659058,30.77903090417385,0
302600,107,192,0.2177525907754898,30.99678349494934,0
302601,107,193,0.2242739349603653,31.221057429909706,0
302602,107,194,0.22234942018985748,31.443406850099564,0
302603,107,195,0.21802544593811035,31.661432296037674,0
302604,107,196,0.21443481743335724,31.87586711347103,0
302605,107,197,0.21527069807052612,32.09113781154156,0
302606,107,198,0.2168261855840683,32.307963997125626,0
302607,107,199,0.21830853819847107,32.5262725353241,0
302608,107,200,0.21992595493793488,32.74619849026203,0
302609,107,201,0.23287637531757355,32.979074865579605,0
302610,107,202,0.2283267378807068,33.20740160346031,0
302611,107,203,0.22478723526000977,33.43218883872032,0
302612,107,204,0.22249428927898407,33.654683127999306,0
302613,107,205,0.232957661151886,33.88764078915119,0
302614,107,206,0.23114797472953796,34.11878876388073,0
302615,107,207,0.2358202040195465,34.354608967900276,0
302616,107,208,0.2306571900844574,34.585266157984734,0
302617,107,209,0.22686147689819336,34.81212763488293,0
302618,107,210,0.2247658520936966,35.03689348697662,0
302619,107,211,0.24165816605091095,35.278551653027534,0
302620,107,212,0.24177154898643494,35.52032320201397,0
302621,107,213,0.23353493213653564,35.753858134150505,0
302622,107,214,0.22929535806179047,35.983153492212296,0
302623,107,215,0.24184700846672058,36.225000500679016,0
302624,107,216,0.23958784341812134,36.46458834409714,0
302625,107,217,0.24440743029117584,36.70899577438831,0
302626,107,218,0.2446376383304596,36.95363341271877,0
302627,107,219,0.24059554934501648,37.19422896206379,0
302628,107,220,0.2365867793560028,37.43081574141979,0
302629,107,221,0.247567817568779,37.67838355898857,0
302630,107,222,0.24499228596687317,37.923375844955444,0
302631,107,223,0.24297378957271576,38.16634963452816,0
302632,107,224,0.23997758328914642,38.40632721781731,0
302633,107,225,0.23847754299640656,38.64480476081371,0
302634,107,226,0.2383786290884018,38.883183389902115,0
302635,107,227,0.24009519815444946,39.123278588056564,0
302636,107,228,0.24171653389930725,39.36499512195587,0
302637,107,229,0.2432989627122879,39.60829408466816,0
302638,107,230,0.2448199838399887,39.85311406850815,0
302639,107,231,0.2463357299566269,40.099449798464775,0
302640,107,232,0.25913721323013306,40.35858701169491,0
302641,107,233,0.2535506784915924,40.6121376901865,0
302642,107,234,0.25755828619003296,40.86969597637653,0
302643,107,235,0.25880876183509827,41.12850473821163,0
302644,107,236,0.261289119720459,41.38979385793209,0
302645,107,237,0.2633550763130188,41.65314893424511,0
302646,107,238,0.25974735617637634,41.912896290421486,0
302647,107,239,0.2553589940071106,42.1682552844286,0
302648,107,240,0.25297313928604126,42.42122842371464,0
302649,107,241,0.2536037564277649,42.6748321801424,0
302650,107,242,0.2681405246257782,42.94297270476818,0
302651,107,243,0.2645484507083893,43.20752115547657,0
302652,107,244,0.2701488435268402,43.47766999900341,0
302653,107,245,0.26919206976890564,43.746862068772316,0
302654,107,246,0.26960912346839905,44.016471192240715,0
302655,107,247,0.2714579701423645,44.28792916238308,0
302656,107,248,0.26854172348976135,44.55647088587284,0
302657,107,249,0.26430657505989075,44.82077746093273,0
302658,107,250,0.2621856927871704,45.0829631537199,0
302659,107,251,0.2622426152229309,45.34520576894283,0
302660,107,252,0.2771671712398529,45.622372940182686,0
302661,107,253,0.27284514904022217,45.89521808922291,0
302662,107,254,0.27142247557640076,46.16664056479931,0
302663,107,255,0.2801305055618286,46.44677107036114,0
302664,107,256,0.27563101053237915,46.72240208089352,0
302665,107,257,0.2808209955692291,47.003223076462746,0
302666,107,258,0.2821870446205139,47.28541012108326,0
302667,107,259,0.28828659653663635,47.573696717619896,0
302668,107,260,0.2867838442325592,47.860480561852455,0
302669,107,261,0.2851875424385071,48.14566810429096,0
302670,107,262,0.2851393520832062,48.43080745637417,0
302671,107,263,0.28678664565086365,48.71759410202503,0
302672,107,264,0.2894462049007416,49.007040306925774,0
302673,107,265,0.29181984066963196,49.298860147595406,0
302674,107,266,0.29428598284721375,49.59314613044262,0
302675,107,267,0.30817314982414246,49.90131928026676,0
302676,107,268,0.3073546588420868,50.20867393910885,0
302677,107,269,0.30792394280433655,50.516597881913185,0
302678,107,270,0.3070826232433319,50.82368050515652,0
302679,107,271,0.3038099706172943,51.12749047577381,0
302680,107,272,0.304439902305603,51.431930378079414,0
302681,107,273,0.3045360743999481,51.73646645247936,0
302682,107,274,0.306108683347702,52.042575135827065,0
302683,107,275,0.3209969103336334,52.3635720461607,0
302684,107,276,0.3170298635959625,52.68060190975666,0
302685,107,277,0.32170388102531433,53.002305790781975,0
302686,107,278,0.32102152705192566,53.3233273178339,0
302687,107,279,0.32399559020996094,53.64732290804386,0
302688,107,280,0.3262857496738434,53.973608657717705,0
302689,107,281,0.32691845297813416,54.30052711069584,0
302690,107,282,0.32252037525177,54.62304748594761,0
302691,107,283,0.3327139914035797,54.95576147735119,0
302692,107,284,0.3303694427013397,55.28613092005253,0
302693,107,285,0.32478067278862,55.61091159284115,0
302694,107,286,0.3215276598930359,55.932439252734184,0
302695,107,287,0.3219539523124695,56.254393205046654,0
302696,107,288,0.33760103583335876,56.59199424088001,0
302697,107,289,0.33649352192878723,56.9284877628088,0
302698,107,290,0.3390592336654663,57.267546996474266,0
302699,107,291,0.3367833197116852,57.60433031618595,0
302700,107,292,0.3346717059612274,57.93900202214718,0
302701,107,293,0.3462207019329071,58.285222724080086,0
302702,107,294,0.345640629529953,58.63086335361004,0
302703,107,295,0.34281888604164124,58.97368223965168,0
302704,107,296,0.35145270824432373,59.325134947896004,0
302705,107,297,0.3522729277610779,59.67740787565708,0
302706,107,298,0.3520350754261017,60.02944295108318,0
302707,107,299,0.3494880795478821,60.378931030631065,0
302708,107,300,0.3488030731678009,60.727734103798866,0
302709,107,301,0.36361411213874817,61.091348215937614,0
302710,107,302,0.36355629563331604,61.45490451157093,0
302711,107,303,0.3556685745716095,61.81057308614254,0
302712,107,304,0.36870238184928894,62.17927546799183,0
302713,107,305,0.36781296133995056,62.54708842933178,0
302714,107,306,0.3723560869693756,62.919444516301155,0
302715,107,307,0.3719809353351593,63.291425451636314,0
302716,107,308,0.3798222839832306,63.671247735619545,0
302717,107,309,0.3767245411872864,64.04797227680683,0
302718,107,310,0.3732803463935852,64.42125262320042,0
302719,107,311,0.3706594705581665,64.79191209375858,0
302720,107,312,0.3840092718601227,65.1759213656187,0
302721,107,313,0.383410781621933,65.55933214724064,0
302722,107,314,0.3804093301296234,65.93974147737026,0
302723,107,315,0.3890799880027771,66.32882146537304,0
302724,107,316,0.3868672847747803,66.71568875014782,0
302725,107,317,0.38922280073165894,67.10491155087948,0
302726,107,318,0.3870157301425934,67.49192728102207,0
302727,107,319,0.3959595561027527,67.88788683712482,0
302728,107,320,0.3937690258026123,68.28165586292744,0
302729,107,321,0.3996788263320923,68.68133468925953,0
302730,107,322,0.4021553099155426,69.08348999917507,0
302731,107,323,0.3977908492088318,69.4812808483839,0
302732,107,324,0.39400601387023926,69.87528686225414,0
302733,107,325,0.3924539387226105,70.26774080097675,0
302734,107,326,0.40584343671798706,70.67358423769474,0
302735,107,327,0.4022904634475708,71.07587470114231,0
302736,107,328,0.4015325605869293,71.47740726172924,0
302737,107,329,0.4108189046382904,71.88822616636753,0
302738,107,330,0.4062379002571106,72.29446406662464,0
302739,107,331,0.4138326346874237,72.70829670131207,0
302740,107,332,0.41198641061782837,73.1202831119299,0
302741,107,333,0.40729817748069763,73.52758128941059,0
302742,107,334,0.40428802371025085,73.93186931312084,0
302743,107,335,0.40400978922843933,74.33587910234928,0
302744,107,336,0.4059419333934784,74.74182103574276,0
302745,107,337,0.4083975553512573,75.15021859109402,0
302746,107,338,0.4110574424266815,75.5612760335207,0
302747,107,339,0.4139101803302765,75.97518621385098,0
302748,107,340,0.4283455014228821,76.40353171527386,0
302749,107,341,0.429143488407135,76.83267520368099,0
302750,107,342,0.4308197498321533,77.26349495351315,0
302751,107,343,0.4303078353404999,77.69380278885365,0
302752,107,344,0.42747393250465393,78.1212767213583,0
302753,107,345,0.4275719225406647,78.54884864389896,0
302754,107,346,0.4300137460231781,78.97886238992214,0
302755,107,347,0.43277713656425476,79.4116395264864,0
302756,107,348,0.4365943968296051,79.848233923316,0
302757,107,349,0.4399547278881073,80.28818865120411,0
302758,107,350,0.4551650285720825,80.74335367977619,0
302759,107,351,0.455337792634964,81.19869147241116,0
302760,107,352,0.44866546988487244,81.64735694229603,0
302761,107,353,0.4617081880569458,82.10906513035297,0
302762,107,354,0.46055087447166443,82.56961600482464,0
302763,107,355,0.4685203731060028,83.03813637793064,0
302764,107,356,0.46695977449417114,83.50509615242481,0
302765,107,357,0.4754939377307892,83.9805900901556,0
302766,107,358,0.47650447487831116,84.45709456503391,0
302767,107,359,0.4742501676082611,84.93134473264217,0
302768,107,360,0.4727040231227875,85.40404875576496,0
302769,107,361,0.47449180483818054,85.87854056060314,0
302770,107,362,0.49043163657188416,86.36897219717503,0
302771,107,363,0.48875492811203003,86.85772712528706,0
302772,107,364,0.4877394735813141,87.34546659886837,0
302773,107,365,0.5008666515350342,87.8463332504034,0
302774,107,366,0.5018743872642517,88.34820763766766,0
302775,107,367,0.5104123950004578,88.85862003266811,0
302776,107,368,0.5144832730293274,89.37310330569744,0
302777,107,369,0.5240579843521118,89.89716129004955,0
302778,107,370,0.525708019733429,90.42286930978298,0
302779,107,371,0.5320748090744019,90.95494411885738,0
302780,107,372,0.5294288396835327,91.48437295854092,0
302781,107,373,0.5280635952949524,92.01243655383587,0
302782,107,374,0.5280300378799438,92.54046659171581,0
302783,107,375,0.5442748665809631,93.08474145829678,0
302784,107,376,0.5449342727661133,93.62967573106289,0
302785,107,377,0.5432252287864685,94.17290095984936,0
302786,107,378,0.5582246780395508,94.73112563788891,0
302787,107,379,0.5587591528892517,95.28988479077816,0
302788,107,380,0.5673686265945435,95.8572534173727,0
302789,107,381,0.5697037577629089,96.42695717513561,0
302790,107,382,0.576626718044281,97.0035838931799,0
302791,107,383,0.579901933670044,97.58348582684994,0
302792,107,384,0.5775541067123413,98.16103993356228,0
302793,107,385,0.5759868621826172,98.7370267957449,0
302794,107,386,0.5763601064682007,99.3133869022131,0
302795,107,387,0.5797533392906189,99.89314024150372,0
302796,107,388,0.5845270156860352,100.47766725718975,0
302797,107,389,0.5891416668891907,101.06680892407894,0
302798,107,390,0.5941609144210815,101.66096983850002,0
302799,107,391,0.5993984341621399,102.26036827266216,0
302800,107,392,0.6047808527946472,102.86514912545681,0
302801,107,393,0.6215425729751587,103.48669169843197,0
302802,107,394,0.6243069171905518,104.11099861562252,0
302803,107,395,0.6208800673484802,104.731878682971,0
302804,107,396,0.6197972893714905,105.35167597234249,0
302805,107,397,0.6229706406593323,105.97464661300182,0
302806,107,398,0.643982470035553,106.61862908303738,0
302807,107,399,0.6428437232971191,107.2614728063345,0
302808,107,400,0.645047664642334,107.90652047097683,0
302809,107,401,0.6590210199356079,108.56554149091244,0
302810,107,402,0.6604990363121033,109.22604052722454,0
302811,107,403,0.6675592064857483,109.89359973371029,0
302812,107,404,0.6736102104187012,110.56720994412899,0
302813,107,405,0.6748018264770508,111.24201177060604,0
302814,107,406,0.6783736944198608,111.9203854650259,0
302815,107,407,0.6950288414955139,112.61541430652142,0
302816,107,408,0.6987568736076355,113.31417118012905,0
302817,107,409,0.6974287033081055,114.01159988343716,0
302818,107,410,0.6987914443016052,114.71039132773876,0
302819,107,411,0.7011652588844299,115.41155658662319,0
302820,107,412,0.7061252593994141,116.1176818460226,0
302821,107,413,0.7248197793960571,116.84250162541866,0
302822,107,414,0.7242842316627502,117.56678585708141,0
302823,107,415,0.7251073122024536,118.29189316928387,0
302824,107,416,0.7395796179771423,119.03147278726101,0
302825,107,417,0.7402431964874268,119.77171598374844,0
302826,107,418,0.7515957355499268,120.52331171929836,0
302827,107,419,0.7568463087081909,121.28015802800655,0
302828,107,420,0.7578436136245728,122.03800164163113,0
302829,107,421,0.7713916897773743,122.8093933314085,0
302830,107,422,0.775829553604126,123.58522288501263,0
302831,107,423,0.7851700782775879,124.37039296329021,0
302832,107,424,0.7883542776107788,125.158747240901,0
302833,107,425,0.7888773679733276,125.94762460887432,0
302834,107,426,0.8027629256248474,126.75038753449917,0
302835,107,427,0.8040938377380371,127.5544813722372,0
302836,107,428,0.8144155740737915,128.368896946311,0
302837,107,429,0.816338300704956,129.18523524701595,0
302838,107,430,0.815099835395813,130.00033508241177,0
302839,107,431,0.8159282207489014,130.81626330316067,0
302840,107,432,0.834692120552063,131.65095542371273,0
302841,107,433,0.8351959586143494,132.48615138232708,0
302842,107,434,0.8375006914138794,133.32365207374096,0
302843,107,435,0.8501351475715637,134.17378722131252,0
302844,107,436,0.8518109917640686,135.0255982130766,0
302845,107,437,0.854563295841217,135.8801615089178,0
302846,107,438,0.8662773370742798,136.7464388459921,0
302847,107,439,0.8696829676628113,137.6161218136549,0
302848,107,440,0.8798243403434753,138.49594615399837,0
302849,107,441,0.8818666338920593,139.37781278789043,0
302850,107,442,0.8803104758262634,140.2581232637167,0
302851,107,443,0.8808544874191284,141.13897775113583,0
302852,107,444,0.89875328540802,142.03773103654385,0
302853,107,445,0.8997842669487,142.93751530349255,0
302854,107,446,0.9020928740501404,143.8396081775427,0
302855,107,447,0.906105637550354,144.74571381509304,0
302856,107,448,0.9101452231407166,145.65585903823376,0
302857,107,449,0.9152191877365112,146.57107822597027,0
302858,107,450,0.9218748807907104,147.49295310676098,0
302859,107,451,0.9289367198944092,148.4218898266554,0
302860,107,452,0.9365968108177185,149.3584866374731,0
302861,107,453,0.956287145614624,150.31477378308773,0
302862,107,454,0.9618831276893616,151.2766569107771,0
302863,107,455,0.9623672366142273,152.23902414739132,0
302864,107,456,0.9637727737426758,153.202796921134,0
302865,107,457,0.9876163005828857,154.19041322171688,0
302866,107,458,0.9944033622741699,155.18481658399105,0
302867,107,459,0.9957513213157654,156.18056790530682,0
302868,107,460,0.9969932436943054,157.17756114900112,0
302869,107,461,1.0199432373046875,158.1975043863058,0
302870,107,462,1.028245449066162,159.22574983537197,0
302871,107,463,1.0314487218856812,160.25719855725765,0
302872,107,464,1.049796462059021,161.30699501931667,0
302873,107,465,1.0543612241744995,162.36135624349117,0
302874,107,466,1.0567842721939087,163.41814051568508,0
302875,107,467,1.0616965293884277,164.4798370450735,0
302876,107,468,1.0674551725387573,165.54729221761227,0
302877,107,469,1.0758965015411377,166.6231887191534,0
302878,107,470,1.092551350593567,167.71574006974697,0
302879,107,471,1.0781786441802979,168.79391871392727,0
302880,107,472,1.0655745267868042,169.85949324071407,0
302881,107,473,1.0540646314620972,170.91355787217617,0
302882,107,474,1.0438179969787598,171.95737586915493,0
302883,107,475,1.0340962409973145,172.99147211015224,0
302884,107,476,1.0252721309661865,174.01674424111843,0
302885,107,477,1.0289294719696045,175.04567371308804,0
302886,107,478,1.0147826671600342,176.06045638024807,0
302887,107,479,1.0080018043518066,177.06845818459988,0
302888,107,480,0.9896972179412842,178.05815540254116,0
302889,107,481,0.9878270626068115,179.04598246514797,0
302890,107,482,0.9774289131164551,180.02341137826443,0
302891,107,483,0.9641178250312805,180.9875292032957,0
302892,107,484,0.9671014547348022,181.9546306580305,0
302893,107,485,0.957459568977356,182.91209022700787,0
302894,107,486,0.9539662003517151,183.86605642735958,0
302895,107,487,0.9445772767066956,184.81063370406628,0
302896,107,488,0.9405633807182312,185.7511970847845,0
302897,107,489,0.9332288503646851,186.6844259351492,0
302898,107,490,0.9320158958435059,187.6164418309927,0
302899,107,491,0.9230422377586365,188.53948406875134,0
302900,107,492,0.9110794067382812,189.45056347548962,0
302901,107,493,0.9012353420257568,190.35179881751537,0
302902,107,494,0.90611732006073,191.2579161375761,0
302903,107,495,0.8995327353477478,192.15744887292385,0
302904,107,496,0.8846116662025452,193.0420605391264,0
302905,107,497,0.8834421634674072,193.9255027025938,0
302906,107,498,0.8778882026672363,194.80339090526104,0
302907,107,499,0.8709301352500916,195.67432104051113,0
302908,107,500,0.8673881888389587,196.5417092293501,0
302909,107,501,0.8609229922294617,197.40263222157955,0
302910,107,502,0.8545457720756531,198.2571779936552,0
302911,107,503,0.8430747389793396,199.10025273263454,0
302912,107,504,0.8464332222938538,199.9466859549284,0
302913,107,505,0.8409737348556519,200.78765968978405,0
302914,107,506,0.8329269886016846,201.62058667838573,0
302915,107,507,0.8297392725944519,202.4503259509802,0
302916,107,508,0.8231669664382935,203.27349291741848,0
302917,107,509,0.8182980418205261,204.091790959239,0
302918,107,510,0.815230131149292,204.9070210903883,0
302919,107,511,0.8086274266242981,205.7156485170126,0
302920,107,512,0.8035272359848022,206.5191757529974,0
302921,107,513,0.7982748746871948,207.3174506276846,0
302922,107,514,0.7946889400482178,208.1121395677328,0
302923,107,515,0.7938385605812073,208.90597812831402,0
302924,107,516,0.7849222421646118,209.69090037047863,0
302925,107,517,0.7831060290336609,210.4740063995123,0
302926,107,518,0.7821016311645508,211.25610803067684,0
302927,107,519,0.7731297016143799,212.02923773229122,0
302928,107,520,0.7656664252281189,212.79490415751934,0
302929,107,521,0.760178804397583,213.55508296191692,0
302930,107,522,0.7657400965690613,214.32082305848598,0
302931,107,523,0.7570664882659912,215.07788954675198,0
302932,107,524,0.7548947334289551,215.83278428018093,0
302933,107,525,0.748608410358429,216.58139269053936,0
302934,107,526,0.7401228547096252,217.32151554524899,0
302935,107,527,0.7335842251777649,218.05509977042675,0
302936,107,528,0.7258991599082947,218.78099893033504,0
302937,107,529,0.7336833477020264,219.51468227803707,0
302938,107,530,0.7245517373085022,220.23923401534557,0
302939,107,531,0.7158228158950806,220.95505683124065,0
302940,107,532,0.707876980304718,221.66293381154537,0
302941,107,533,0.7125675082206726,222.37550131976604,0
302942,107,534,0.7069855332374573,223.0824868530035,0
302943,107,535,0.7010798454284668,223.78356669843197,0
302944,107,536,0.6932826638221741,224.47684936225414,0
302945,107,537,0.6982340812683105,225.17508344352245,0
302946,107,538,0.6888121962547302,225.86389563977718,0
302947,107,539,0.6899446249008179,226.553840264678,0
302948,107,540,0.6828680038452148,227.23670826852322,0
302949,107,541,0.6744012236595154,227.91110949218273,0
302950,107,542,0.669430136680603,228.58053962886333,0
302951,107,543,0.6635841727256775,229.244123801589,0
302952,107,544,0.6732891798019409,229.91741298139095,0
302953,107,545,0.6669777035713196,230.58439068496227,0
302954,107,546,0.6591752171516418,231.24356590211391,0
302955,107,547,0.6543102860450745,231.897876188159,0
302956,107,548,0.6488242149353027,232.5467004030943,0
302957,107,549,0.6573261022567749,233.20402650535107,0
302958,107,550,0.6489697098731995,233.85299621522427,0
302959,107,551,0.6362299919128418,234.4892262071371,0
302960,107,552,0.646269679069519,235.13549588620663,0
302961,107,553,0.6430866122245789,235.7785824984312,0
302962,107,554,0.6369787454605103,236.41556124389172,0
302963,107,555,0.6412762403488159,237.05683748424053,0
302964,107,556,0.6331777572631836,237.69001524150372,0
302965,107,557,0.6367906928062439,238.32680593430996,0
302966,107,558,0.6329197287559509,238.9597256630659,0
302967,107,559,0.6327143907546997,239.5924400538206,0
302968,107,560,0.6309897303581238,240.22342978417873,0
302969,107,561,0.6252874135971069,240.84871719777584,0
302970,107,562,0.6229447722434998,241.47166197001934,0
302971,107,563,0.615027666091919,242.08668963611126,0
302972,107,564,0.6110273599624634,242.69771699607372,0
302973,107,565,0.6118655204772949,243.30958251655102,0
302974,107,566,0.6113735437393188,243.92095606029034,0
302975,107,567,0.6047574877738953,244.52571354806423,0
302976,107,568,0.6056666970252991,245.13138024508953,0
302977,107,569,0.5970978140830994,245.72847805917263,0
302978,107,570,0.5954373478889465,246.32391540706158,0
302979,107,571,0.5983927249908447,246.92230813205242,0
302980,107,572,0.5957226753234863,247.5180308073759,0
302981,107,573,0.5914434790611267,248.10947428643703,0
302982,107,574,0.587418258190155,248.6968925446272,0
302983,107,575,0.5849285125732422,249.28182105720043,0
302984,107,576,0.578455924987793,249.86027698218822,0
302985,107,577,0.5823885202407837,250.442665502429,0
302986,107,578,0.5767384767532349,251.01940397918224,0
302987,107,579,0.5767984390258789,251.59620241820812,0
302988,107,580,0.5725567936897278,252.16875921189785,0
302989,107,581,0.5689745545387268,252.73773376643658,0
302990,107,582,0.5691927075386047,253.30692647397518,0
302991,107,583,0.5646403431892395,253.87156681716442,0
302992,107,584,0.5591731071472168,254.43073992431164,0
302993,107,585,0.5538173913955688,254.9845573157072,0
302994,107,586,0.5573564171791077,255.54191373288631,0
302995,107,587,0.5583966970443726,256.1003104299307,0
302996,107,588,0.5516901016235352,256.6520005315542,0
302997,107,589,0.5456712245941162,257.19767175614834,0
302998,107,590,0.5412821769714355,257.7389539331198,0
302999,107,591,0.5375043153762817,258.27645824849606,0
303000,107,592,0.5342419743537903,258.81070022284985,0
303001,107,593,0.5312834978103638,259.3419837206602,0
303002,107,594,0.5286107063293457,259.87059442698956,0
303003,107,595,0.5345058441162109,260.40510027110577,0
303004,107,596,0.5271498560905457,260.9322501271963,0
303005,107,597,0.5203478336334229,261.45259796082973,0
303006,107,598,0.5256337523460388,261.9782317131758,0
303007,107,599,0.5146743059158325,262.4929060190916,0
303008,107,600,0.5178207159042358,263.01072673499584,0
303009,107,601,0.5107249617576599,263.5214516967535,0
303010,107,602,0.5117620229721069,264.0332137197256,0
303011,107,603,0.5091715455055237,264.54238526523113,0
303012,107,604,0.5085935592651367,265.05097882449627,0
303013,107,605,0.5023692846298218,265.5533481091261,0
303014,107,606,0.49445995688438416,266.0478080660105,0
303015,107,607,0.5012378096580505,266.5490458756685,0
303016,107,608,0.4966086447238922,267.0456545203924,0
303017,107,609,0.4899807870388031,267.5356353074312,0
303018,107,610,0.49314388632774353,268.02877919375896,0
303019,107,611,0.4909987151622772,268.51977790892124,0
303020,107,612,0.4837559163570404,269.0035338252783,0
303021,107,613,0.486295223236084,269.48982904851437,0
303022,107,614,0.4846383333206177,269.974467381835,0
303023,107,615,0.4774860739707947,270.4519534558058,0
303024,107,616,0.4707513153553009,270.9227047711611,0
303025,107,617,0.4655660092830658,271.38827078044415,0
303026,107,618,0.4759335219860077,271.86420430243015,0
303027,107,619,0.470798134803772,272.3350024372339,0
303028,107,620,0.4573228657245636,272.7923253029585,0
303029,107,621,0.4514487087726593,273.24377401173115,0
303030,107,622,0.4643535017967224,273.70812751352787,0
303031,107,623,0.45714136958122253,274.1652688831091,0
303032,107,624,0.4602283835411072,274.6254972666502,0
303033,107,625,0.4545295536518097,275.080026820302,0
303034,107,626,0.4444931149482727,275.5245199352503,0
303035,107,627,0.43929481506347656,275.96381475031376,0
303036,107,628,0.435175359249115,276.3989901095629,0
303037,107,629,0.44586318731307983,276.84485329687595,0
303038,107,630,0.43910232186317444,277.2839556187391,0
303039,107,631,0.4385915696620941,277.7225471884012,0
303040,107,632,0.43610504269599915,278.1586522310972,0
303041,107,633,0.4365573227405548,278.5952095538378,0
303042,107,634,0.4297853708267212,279.0249949246645,0
303043,107,635,0.42170625925064087,279.44670118391514,0
303044,107,636,0.42881977558135986,279.8755209594965,0
303045,107,637,0.42293596267700195,280.2984569221735,0
303046,107,638,0.4172031879425049,280.715660110116,0
303047,107,639,0.4218266010284424,281.13748671114445,0
303048,107,640,0.41640958189964294,281.5538962930441,0
303049,107,641,0.4108498990535736,281.96474619209766,0
303050,107,642,0.41713833808898926,282.38188453018665,0
303051,107,643,0.4122002422809601,282.7940847724676,0
303052,107,644,0.4054233431816101,283.1995081156492,0
303053,107,645,0.4115060269832611,283.6110141426325,0
303054,107,646,0.4066914916038513,284.01770563423634,0
303055,107,647,0.40523916482925415,284.4229447990656,0
303056,107,648,0.3955721855163574,284.81851698458195,0
303057,107,649,0.4014664590358734,285.2199834436178,0
303058,107,650,0.3963140547275543,285.6162974983454,0
303059,107,651,0.4002319872379303,286.0165294855833,0
303060,107,652,0.39741820096969604,286.413947686553,0
303061,107,653,0.3909594714641571,286.80490715801716,0
303062,107,654,0.3842059075832367,287.1891130656004,0
303063,107,655,0.38236621022224426,287.57147927582264,0
303064,107,656,0.3796272277832031,287.95110650360584,0
303065,107,657,0.37778016924858093,288.3288866728544,0
303066,107,658,0.37659919261932373,288.70548586547375,0
303067,107,659,0.37518981099128723,289.08067567646503,0
303068,107,660,0.3737613558769226,289.45443703234196,0
303069,107,661,0.372097909450531,289.8265349417925,0
303070,107,662,0.3702612817287445,290.19679622352123,0
303071,107,663,0.38006559014320374,290.57686181366444,0
303072,107,664,0.3735533058643341,290.95041511952877,0
303073,107,665,0.36990854144096375,291.32032366096973,0
303074,107,666,0.36517298221588135,291.6854966431856,0
303075,107,667,0.3548057973384857,292.0403024405241,0
303076,107,668,0.3639472424983978,292.4042496830225,0
303077,107,669,0.3604942858219147,292.7647439688444,0
303078,107,670,0.3510701656341553,293.11581413447857,0
303079,107,671,0.34696143865585327,293.4627755731344,0
303080,107,672,0.35917046666145325,293.8219460397959,0
303081,107,673,0.3545915186405182,294.1765375584364,0
303082,107,674,0.35443630814552307,294.5309738665819,0
303083,107,675,0.34852567315101624,294.87949953973293,0
303084,107,676,0.34134137630462646,295.22084091603756,0
303085,107,677,0.337897390127182,295.55873830616474,0
303086,107,678,0.3342922329902649,295.893030539155,0
303087,107,679,0.3319748342037201,296.2250053733587,0
303088,107,680,0.3302278220653534,296.5552331954241,0
303089,107,681,0.3287138342857361,296.8839470297098,0
303090,107,682,0.32709529995918274,297.211042329669,0
303091,107,683,0.3373671770095825,297.5484095066786,0
303092,107,684,0.3278353810310364,297.8762448877096,0
303093,107,685,0.32090824842453003,298.19715313613415,0
303094,107,686,0.3276653587818146,298.52481849491596,0
303095,107,687,0.32133302092552185,298.8461515158415,0
303096,107,688,0.31952038407325745,299.16567189991474,0
303097,107,689,0.3129083216190338,299.4785802215338,0
303098,107,690,0.30489134788513184,299.7834715694189,0
303099,107,691,0.3166264593601227,300.10009802877903,0
303100,107,692,0.31033051013946533,300.4104285389185,0
303101,107,693,0.3047250211238861,300.7151535600424,0
303102,107,694,0.31285274028778076,301.02800630033016,0
303103,107,695,0.30942681431770325,301.33743311464787,0
303104,107,696,0.3126886188983917,301.65012173354626,0
303105,107,697,0.30916547775268555,301.95928721129894,0
303106,107,698,0.30791711807250977,302.26720432937145,0
303107,107,699,0.2995467782020569,302.5667511075735,0
303108,107,700,0.29312893748283386,302.85988004505634,0
303109,107,701,0.3058710992336273,303.16575114428997,0
303110,107,702,0.3021875321865082,303.4679386764765,0
303111,107,703,0.29411885142326355,303.76205752789974,0
303112,107,704,0.2862662672996521,304.0483237951994,0
303113,107,705,0.2968670725822449,304.34519086778164,0
303114,107,706,0.2910207509994507,304.6362116187811,0
303115,107,707,0.2845533788204193,304.9207649976015,0
303116,107,708,0.280320405960083,305.2010854035616,0
303117,107,709,0.277521550655365,305.47860695421696,0
303118,107,710,0.2748655378818512,305.7534724920988,0
303119,107,711,0.2728457748889923,306.0263182669878,0
303120,107,712,0.27177178859710693,306.2980900555849,0
303121,107,713,0.28251901268959045,306.5806090682745,0
303122,107,714,0.2754219174385071,306.856030985713,0
303123,107,715,0.27535268664360046,307.1313836723566,0
303124,107,716,0.27122899889945984,307.40261267125607,0
303125,107,717,0.26496827602386475,307.66758094727993,0
303126,107,718,0.2707560360431671,307.9383369833231,0
303127,107,719,0.2695595622062683,308.20789654552937,0
303128,107,720,0.2629827558994293,308.4708793014288,0
303129,107,721,0.2674362063407898,308.7383155077696,0
303130,107,722,0.25919637084007263,308.99751187860966,0
303131,107,723,0.26584091782569885,309.26335279643536,0
303132,107,724,0.2629392445087433,309.5262920409441,0
303133,107,725,0.25511154532432556,309.7814035862684,0
303134,107,726,0.2512659728527069,310.03266955912113,0
303135,107,727,0.24975837767124176,310.2824279367924,0
303136,107,728,0.24759210646152496,310.5300200432539,0
303137,107,729,0.24611526727676392,310.77613531053066,0
303138,107,730,0.2573840916156769,311.03351940214634,0
303139,107,731,0.24975378811359406,311.28327319025993,0
303140,107,732,0.25013467669487,311.5334078669548,0
303141,107,733,0.24611277878284454,311.77952064573765,0
303142,107,734,0.2415211796760559,312.0210418254137,0
303143,107,735,0.24740323424339294,312.2684450596571,0
303144,107,736,0.2436808943748474,312.51212595403194,0
303145,107,737,0.23727239668369293,312.74939835071564,0
303146,107,738,0.231198251247406,312.98059660196304,0
303147,107,739,0.22695453464984894,313.2075511366129,0
303148,107,740,0.23739026486873627,313.4449414014816,0
303149,107,741,0.23353788256645203,313.6784792840481,0
303150,107,742,0.22158873081207275,313.90006801486015,0
303151,107,743,0.23214468359947205,314.1322126984596,0
303152,107,744,0.22860096395015717,314.3608136624098,0
303153,107,745,0.22032669186592102,314.5811403542757,0
303154,107,746,0.21354618668556213,314.79468654096127,0
303155,107,747,0.22407275438308716,315.01875929534435,0
303156,107,748,0.2184024304151535,315.2371617257595,0
303157,107,749,0.21252067387104034,315.44968239963055,0
303158,107,750,0.2078986018896103,315.65758100152016,0
303159,107,751,0.21788880228996277,315.8754698038101,0
303160,107,752,0.21186575293540955,316.08733555674553,0
303161,107,753,0.20075593888759613,316.2880914956331,0
303162,107,754,0.21100081503391266,316.49909231066704,0
303163,107,755,0.20516934990882874,316.70426166057587,0
303164,107,756,0.209967240691185,316.91422890126705,0
303165,107,757,0.2060094177722931,317.12023831903934,0
303166,107,758,0.2092122584581375,317.3294505774975,0
303167,107,759,0.206145241856575,317.53559581935406,0
303168,107,760,0.20230744779109955,317.73790326714516,0
303169,107,761,0.1967022567987442,317.9346055239439,0
303170,107,762,0.19342412054538727,318.1280296444893,0
303171,107,763,0.19238844513893127,318.3204180896282,0
303172,107,764,0.19181933999061584,318.51223742961884,0
303173,107,765,0.19161556661128998,318.7038529962301,0
303174,107,766,0.1915730983018875,318.895426094532,0
303175,107,767,0.19143277406692505,319.08685886859894,0
303176,107,768,0.19121183454990387,319.27807070314884,0
303177,107,769,0.19089718163013458,319.468967884779,0
303178,107,770,0.19050802290439606,319.6594759076834,0
303179,107,771,0.20195874571800232,319.8614346534014,0
303180,107,772,0.19392697513103485,320.0553616285324,0
303181,107,773,0.18908454477787018,320.2444461733103,0
303182,107,774,0.1860693246126175,320.4305154979229,0
303183,107,775,0.195082426071167,320.62559792399406,0
303184,107,776,0.18869361281394958,320.814291536808,0
303185,107,777,0.1830451786518097,320.9973367154598,0
303186,107,778,0.18921497464179993,321.1865516901016,0
303187,107,779,0.18454274535179138,321.3710944354534,0
303188,107,780,0.1817568987607956,321.5528513342142,0
303189,107,781,0.1796223670244217,321.73247370123863,0
303190,107,782,0.18932150304317474,321.9217952042818,0
303191,107,783,0.18553440272808075,322.1073296070099,0
303192,107,784,0.18996699154376984,322.29729659855366,0
303193,107,785,0.18826092779636383,322.48555752635,0
303194,107,786,0.18264105916023254,322.66819858551025,0
303195,107,787,0.1876833140850067,322.85588189959526,0
303196,107,788,0.1807897686958313,323.0366716682911,0
303197,107,789,0.17552216351032257,323.2121938318014,0
303198,107,790,0.1703764796257019,323.3825703114271,0
303199,107,791,0.18562263250350952,323.5681929439306,0
303200,107,792,0.18461287021636963,323.752805814147,0
303201,107,793,0.18675841391086578,323.93956422805786,0
303202,107,794,0.18463394045829773,324.12419816851616,0
303203,107,795,0.17730285227298737,324.30150102078915,0
303204,107,796,0.17147484421730042,324.47297586500645,0
303205,107,797,0.17040112614631653,324.64337699115276,0
303206,107,798,0.16886302828788757,324.81224001944065,0
303207,107,799,0.18235422670841217,324.99459424614906,0
303208,107,800,0.17978239059448242,325.17437663674355,0
303209,107,801,0.17878615856170654,325.35316279530525,0
303210,107,802,0.1746329665184021,325.52779576182365,0
303211,107,803,0.17638956010341644,325.70418532192707,0
303212,107,804,0.17076542973518372,325.87495075166225,0
303213,107,805,0.16666141152381897,326.0416121631861,0
303214,107,806,0.16187870502471924,326.2034908682108,0
303215,107,807,0.1593661904335022,326.3628570586443,0
303216,107,808,0.1582060605287552,326.52106311917305,0
303217,107,809,0.15762820839881897,326.67869132757187,0
303218,107,810,0.15721449255943298,326.8359058201313,0
303219,107,811,0.15695342421531677,326.9928592443466,0
303220,107,812,0.15644033253192902,327.14929957687855,0
303221,107,813,0.15581461787223816,327.3051141947508,0
303222,107,814,0.15508246421813965,327.4601966589689,0
303223,107,815,0.15425938367843628,327.61445604264736,0
303224,107,816,0.16538353264331818,327.7798395752907,0
303225,107,817,0.15711116790771484,327.9369507431984,0
303226,107,818,0.15158125758171082,328.0885320007801,0
303227,107,819,0.15777067840099335,328.2463026791811,0
303228,107,820,0.1506868451833725,328.39698952436447,0
303229,107,821,0.1404268890619278,328.5374164134264,0
303230,107,822,0.15241555869579315,328.6898319721222,0
303231,107,823,0.14940807223320007,328.8392400443554,0
303232,107,824,0.14265266060829163,328.9818927049637,0
303233,107,825,0.14906394481658936,329.1309566497803,0
303234,107,826,0.14796917140483856,329.2789258211851,0
303235,107,827,0.14167281985282898,329.42059864103794,0
303236,107,828,0.13630926609039307,329.55690790712833,0
303237,107,829,0.13293902575969696,329.68984693288803,0
303238,107,830,0.1311308592557907,329.8209777921438,0
303239,107,831,0.14348198473453522,329.96445977687836,0
303240,107,832,0.1380775421857834,330.10253731906414,0
303241,107,833,0.13482671976089478,330.23736403882504,0
303242,107,834,0.13048218190670013,330.36784622073174,0
303243,107,835,0.12919659912586212,330.4970428198576,0
303244,107,836,0.1277444213628769,330.6247872412205,0
303245,107,837,0.12691161036491394,330.7516988515854,0
303246,107,838,0.12669582664966583,330.87839467823505,0
303247,107,839,0.1384238600730896,331.01681853830814,0
303248,107,840,0.13076438009738922,331.14758291840553,0
303249,107,841,0.1321723759174347,331.27975529432297,0
303250,107,842,0.1300542801618576,331.4098095744848,0
303251,107,843,0.12476237118244171,331.53457194566727,0
303252,107,844,0.11950764805078506,331.65407959371805,0
303253,107,845,0.1158796101808548,331.7699592038989,0
303254,107,846,0.11538315564393997,331.88534235954285,0
303255,107,847,0.11479850858449936,332.00014086812735,0
303256,107,848,0.1277371644973755,332.1278780326247,0
303257,107,849,0.12069365382194519,332.24857168644667,0
303258,107,850,0.12293050438165665,332.3715021908283,0
303259,107,851,0.11654569953680038,332.4880478903651,0
303260,107,852,0.12433378398418427,332.6123816743493,0
303261,107,853,0.1206827461719513,332.73306442052126,0
303262,107,854,0.11670827120542526,332.8497726917267,0
303263,107,855,0.1117452085018158,332.9615179002285,0
303264,107,856,0.11143933236598969,333.0729572325945,0
303265,107,857,0.12552538514137268,333.19848261773586,0
303266,107,858,0.1210305318236351,333.3195131495595,0
303267,107,859,0.11885036528110504,333.4383635148406,0
303268,107,860,0.11550212651491165,333.5538656413555,0
303269,107,861,0.11529770493507385,333.6691633462906,0
303270,107,862,0.11462002992630005,333.7837833762169,0
303271,107,863,0.11500447988510132,333.898787856102,0
303272,107,864,0.12778083980083466,334.0265686959028,0
303273,107,865,0.12063106149435043,334.1471997573972,0
303274,107,866,0.11578743159770966,334.2629871889949,0
303275,107,867,0.1124362200498581,334.37542340904474,0
303276,107,868,0.12427748739719391,334.49970089644194,0
303277,107,869,0.11936933547258377,334.6190702319145,0
303278,107,870,0.11189794540405273,334.7309681773186,0
303279,107,871,0.1059461385011673,334.83691431581974,0
303280,107,872,0.1214626282453537,334.9583769440651,0
303281,107,873,0.11587002128362656,335.0742469653487,0
303282,107,874,0.12070628255605698,335.1949532479048,0
303283,107,875,0.11660552024841309,335.3115587681532,0
303284,107,876,0.12434512376785278,335.43590389192104,0
303285,107,877,0.12142036110162735,335.55732425302267,0
303286,107,878,0.12591232359409332,335.68323657661676,0
303287,107,879,0.12207997590303421,335.8053165525198,0
303288,107,880,0.12938636541366577,335.93470291793346,0
303289,107,881,0.12491606920957565,336.05961898714304,0
303290,107,882,0.13130897283554077,336.1909279599786,0
303291,107,883,0.12648719549179077,336.31741515547037,0
303292,107,884,0.1298624724149704,336.44727762788534,0
303293,107,885,0.12620887160301208,336.57348649948835,0
303294,107,886,0.11903679370880127,336.69252329319715,0
303295,107,887,0.13062794506549835,336.82315123826265,0
303296,107,888,0.12821653485298157,336.95136777311563,0
303297,107,889,0.11972019821405411,337.0710879713297,0
303298,107,890,0.11355012655258179,337.18463809788227,0
303299,107,891,0.11085718125104904,337.2954952791333,0
303300,107,892,0.11027538031339645,337.4057706594467,0
303301,107,893,0.11063835769891739,337.51640901714563,0
303302,107,894,0.1111421287059784,337.6275511458516,0
303303,107,895,0.11180893331766129,337.7393600791693,0
303304,107,896,0.12423986941576004,337.86359994858503,0
303305,107,897,0.1163010522723198,337.97990100085735,0
303306,107,898,0.11808325350284576,338.0979842543602,0
303307,107,899,0.1147402971982956,338.2127245515585,0
303308,107,900,0.10961610078811646,338.3223406523466,0
303309,107,901,0.11635152250528336,338.4386921748519,0
303310,107,902,0.1107405424118042,338.5494327172637,0
303311,107,903,0.10398006439208984,338.6534127816558,0
303312,107,904,0.1021546721458435,338.75556745380163,0
303313,107,905,0.11789888888597488,338.8734663426876,0
303314,107,906,0.11115139722824097,338.98461773991585,0
303315,107,907,0.11563479900360107,339.10025253891945,0
303316,107,908,0.10833150148391724,339.20858404040337,0
303317,107,909,0.11283271759748459,339.32141675800085,0
303318,107,910,0.11087219417095184,339.4322889521718,0
303319,107,911,0.115513876080513,339.5478028282523,0
303320,107,912,0.11390910297632217,339.66171193122864,0
303321,107,913,0.10653617978096008,339.7682481110096,0
303322,107,914,0.11521286517381668,339.8834609761834,0
303323,107,915,0.1140194684267044,339.9974804446101,0
303324,107,916,0.11642733961343765,340.11390778422356,0
303325,107,917,0.11706221848726273,340.2309700027108,0
303326,107,918,0.11500987410545349,340.3459798768163,0
303327,107,919,0.1091603934764862,340.45514027029276,0
303328,107,920,0.10647748410701752,340.5616177543998,0
303329,107,921,0.11841968446969986,340.6800374388695,0
303330,107,922,0.1142757311463356,340.7943131700158,0
303331,107,923,0.10948610305786133,340.9037992730737,0
303332,107,924,0.10507811605930328,341.008877389133,0
303333,107,925,0.10214624553918839,341.11102363467216,0
303334,107,926,0.10091546177864075,341.2119390964508,0
303335,107,927,0.09998685121536255,341.31192594766617,0
303336,107,928,0.0998910591006279,341.4118170067668,0
303337,107,929,0.1120334193110466,341.52385042607784,0
303338,107,930,0.10828427970409393,341.63213470578194,0
303339,107,931,0.10887032002210617,341.74100502580404,0
303340,107,932,0.10750506818294525,341.848510093987,0
303341,107,933,0.10442213714122772,341.9529322311282,0
303342,107,934,0.11423856765031815,342.06717079877853,0
303343,107,935,0.11207696050405502,342.1792477592826,0
303344,107,936,0.11003972589969635,342.2892874851823,0
303345,107,937,0.1161678358912468,342.40545532107353,0
303346,107,938,0.1124918982386589,342.5179472193122,0
303347,107,939,0.10790002346038818,342.6258472427726,0
303348,107,940,0.10283366590738297,342.72868090867996,0
303349,107,941,0.1124151423573494,342.8410960510373,0
303350,107,942,0.1073964387178421,342.94849248975515,0
303351,107,943,0.10201115161180496,343.05050364136696,0
303352,107,944,0.09755829721689224,343.14806193858385,0
303353,107,945,0.10814659297466278,343.2562085315585,0
303354,107,946,0.10292027145624161,343.35912880301476,0
303355,107,947,0.10530873388051987,343.4644375368953,0
303356,107,948,0.0977868065237999,343.5622243434191,0
303357,107,949,0.09133602678775787,343.65356037020683,0
303358,107,950,0.08843601495027542,343.7419963851571,0
303359,107,951,0.10398172587156296,343.84597811102867,0
303360,107,952,0.09909171611070633,343.9450698271394,0
303361,107,953,0.10373508930206299,344.04880491644144,0
303362,107,954,0.09950831532478333,344.1483132317662,0
303363,107,955,0.10056190937757492,344.2488751411438,0
303364,107,956,0.10163559764623642,344.35051073879004,0
303365,107,957,0.10444653034210205,344.45495726913214,0
303366,107,958,0.09800845384597778,344.5529657229781,0
303367,107,959,0.09174089133739471,344.6447066143155,0
303368,107,960,0.0892503410577774,344.7339569553733,0
303369,107,961,0.08818720281124115,344.8221441581845,0
303370,107,962,0.0883881002664566,344.910532258451,0
303371,107,963,0.08922557532787323,344.99975783377886,0
303372,107,964,0.10238100588321686,345.1021388396621,0
303373,107,965,0.09954483062028885,345.20168367028236,0
303374,107,966,0.09840467572212219,345.3000883460045,0
303375,107,967,0.09759624302387238,345.39768458902836,0
303376,107,968,0.10190276801586151,345.4995873570442,0
303377,107,969,0.09706207364797592,345.5966494306922,0
303378,107,970,0.0910455510020256,345.6876949816942,0
303379,107,971,0.10408299416303635,345.79177797585726,0
303380,107,972,0.10326192528009415,345.89503990113735,0
303381,107,973,0.09852129220962524,345.993561193347,0
303382,107,974,0.0946650430560112,346.088226236403,0
303383,107,975,0.09379894286394119,346.18202517926693,0
303384,107,976,0.09453729540109634,346.276562474668,0
303385,107,977,0.09539099037647247,346.3719534650445,0
303386,107,978,0.10851692408323288,346.48047038912773,0
303387,107,979,0.10535155236721039,346.58582194149494,0
303388,107,980,0.09675591439008713,346.68257785588503,0
303389,107,981,0.10687299072742462,346.78945084661245,0
303390,107,982,0.10460203140974045,346.8940528780222,0
303391,107,983,0.09777440130710602,346.9918272793293,0
303392,107,984,0.09245038777589798,347.0842776671052,0
303393,107,985,0.09008235484361649,347.1743600219488,0
303394,107,986,0.09149765968322754,347.26585768163204,0
303395,107,987,0.09211793541908264,347.3579756170511,0
303396,107,988,0.10559103637933731,347.46356665343046,0
303397,107,989,0.1033543199300766,347.56692097336054,0
303398,107,990,0.10228990763425827,347.6692108809948,0
303399,107,991,0.09817945212125778,347.76739033311605,0
303400,107,992,0.09302715957164764,347.8604174926877,0
303401,107,993,0.09059152752161026,347.9510090202093,0
303402,107,994,0.08897154033184052,348.03998056054115,0
303403,107,995,0.08866866677999496,348.12864922732115,0
303404,107,996,0.08907873928546906,348.2177279666066,0
303405,107,997,0.10251111537218094,348.3202390819788,0
303406,107,998,0.09542308747768402,348.4156621694565,0
303407,107,999,0.09810054302215576,348.51376271247864,0
303408,107,1000,0.09511663019657135,348.6088793426752,0
303409,107,1001,0.09460915625095367,348.70348849892616,0
303410,107,1002,0.09731648117303848,348.8008049800992,0
303411,107,1003,0.0953177809715271,348.8961227610707,0
303412,107,1004,0.100253626704216,348.99637638777494,0
303413,107,1005,0.09947600215673447,349.0958523899317,0
303414,107,1006,0.09397032856941223,349.1898227185011,0
303415,107,1007,0.10329430550336838,349.29311702400446,0
303416,107,1008,0.10370177030563354,349.3968187943101,0
303417,107,1009,0.09830011427402496,349.4951189085841,0
303418,107,1010,0.10528934001922607,349.60040824860334,0
303419,107,1011,0.10001596808433533,349.7004242166877,0
303420,107,1012,0.10444412380456924,349.80486834049225,0
303421,107,1013,0.10282894223928452,349.90769728273153,0
303422,107,1014,0.09615631401538849,350.0038535967469,0
303423,107,1015,0.09133899956941605,350.09519259631634,0
303424,107,1016,0.08899786323308945,350.1841904595494,0
303425,107,1017,0.0882517620921135,350.27244222164154,0
303426,107,1018,0.08824466913938522,350.3606868907809,0
303427,107,1019,0.10131219029426575,350.4619990810752,0
303428,107,1020,0.09398484975099564,350.5559839308262,0
303429,107,1021,0.08992869406938553,350.6459126248956,0
303430,107,1022,0.08606608211994171,350.7319787070155,0
303431,107,1023,0.09743256866931915,350.82941127568483,0
303432,107,1024,0.09086290746927261,350.9202741831541,0
303433,107,1025,0.09318964928388596,351.013463832438,0
303434,107,1026,0.08990874886512756,351.1033725813031,0
303435,107,1027,0.09626180678606033,351.1996343880892,0
303436,107,1028,0.09579841047525406,351.29543279856443,0
303437,107,1029,0.10023625940084457,351.3956690579653,0
303438,107,1030,0.09412197023630142,351.4897910282016,0
303439,107,1031,0.08743991702795029,351.57723094522953,0
303440,107,1032,0.08343277126550674,351.66066371649504,0
303441,107,1033,0.08145841956138611,351.7421221360564,0
303442,107,1034,0.09553981572389603,351.8376619517803,0
303443,107,1035,0.091556116938591,351.9292180687189,0
303444,107,1036,0.08636545389890671,352.0155835226178,0
303445,107,1037,0.08237280696630478,352.0979563295841,0
303446,107,1038,0.07991331070661545,352.17786964029074,0
303447,107,1039,0.07855778932571411,352.25642742961645,0
303448,107,1040,0.07872030138969421,352.33514773100615,0
303449,107,1041,0.09143123030662537,352.42657896131277,0
303450,107,1042,0.0841524675488472,352.5107314288616,0
303451,107,1043,0.0789332464337349,352.58966467529535,0
303452,107,1044,0.07750095427036285,352.6671656295657,0
303453,107,1045,0.07502465695142746,352.74219028651714,0
303454,107,1046,0.08630263805389404,352.82849292457104,0
303455,107,1047,0.08030180633068085,352.9087947309017,0
303456,107,1048,0.08189594000577927,352.9906906709075,0
303457,107,1049,0.0767631009221077,353.0674537718296,0
303458,107,1050,0.08572593331336975,353.153179705143,0
303459,107,1051,0.08221389353275299,353.2353935986757,0
303460,107,1052,0.0753021091222763,353.310695707798,0
303461,107,1053,0.07345537841320038,353.3841510862112,0
303462,107,1054,0.07108625769615173,353.45523734390736,0
303463,107,1055,0.07173459231853485,353.5269719362259,0
303464,107,1056,0.07212672382593155,353.5990986600518,0
303465,107,1057,0.0728641003370285,353.67196276038885,0
303466,107,1058,0.07369440793991089,353.74565716832876,0
303467,107,1059,0.07454518228769302,353.82020235061646,0
303468,107,1060,0.08740156143903732,353.9076039120555,0
303469,107,1061,0.08082067221403122,353.9884245842695,0
303470,107,1062,0.0767538994550705,354.0651784837246,0
303471,107,1063,0.07342809438705444,354.13860657811165,0
303472,107,1064,0.07157643884420395,354.21018301695585,0
303473,107,1065,0.08410178869962692,354.2942848056555,0
303474,107,1066,0.07985490560531616,354.3741397112608,0
303475,107,1067,0.07518482953310013,354.4493245407939,0
303476,107,1068,0.07250519841909409,354.521829739213,0
303477,107,1069,0.08347327262163162,354.6053030118346,0
303478,107,1070,0.07837783545255661,354.6836808472872,0
303479,107,1071,0.08070360124111176,354.7643844485283,0
303480,107,1072,0.0793440043926239,354.8437284529209,0
303481,107,1073,0.07620146125555038,354.91992991417646,0
303482,107,1074,0.08569592237472534,355.0056258365512,0
303483,107,1075,0.08197133243083954,355.08759716898203,0
303484,107,1076,0.07851056009531021,355.16610772907734,0
303485,107,1077,0.0747407078742981,355.24084843695164,0
303486,107,1078,0.0743429958820343,355.31519143283367,0
303487,107,1079,0.07405488938093185,355.3892463222146,0
303488,107,1080,0.07464525103569031,355.4638915732503,0
303489,107,1081,0.07595045864582062,355.5398420318961,0
303490,107,1082,0.08938967436552048,355.62923170626163,0
303491,107,1083,0.08228861540555954,355.7115203216672,0
303492,107,1084,0.077806256711483,355.7893265783787,0
303493,107,1085,0.07521481812000275,355.8645413964987,0
303494,107,1086,0.07407441735267639,355.93861581385136,0
303495,107,1087,0.0743735283613205,356.0129893422127,0
303496,107,1088,0.07475989311933517,356.087749235332,0
303497,107,1089,0.0881272703409195,356.17587650567293,0
303498,107,1090,0.0854937881231308,356.26137029379606,0
303499,107,1091,0.07402850687503815,356.3353988006711,0
303500,107,1092,0.08444225043058395,356.4198410511017,0
303501,107,1093,0.08279634267091751,356.5026373937726,0
303502,107,1094,0.07825225591659546,356.5808896496892,0
303503,107,1095,0.07311949133872986,356.6540091410279,0
303504,107,1096,0.07288022339344025,356.72688936442137,0
303505,107,1097,0.08810284733772278,356.8149922117591,0
303506,107,1098,0.0849296972155571,356.89992190897465,0
303507,107,1099,0.08708500862121582,356.98700691759586,0
303508,107,1100,0.08294929563999176,357.06995621323586,0
303509,107,1101,0.07761721312999725,357.14757342636585,0
303510,107,1102,0.0750233381986618,357.2225967645645,0
303511,107,1103,0.08885183930397034,357.3114486038685,0
303512,107,1104,0.08585001528263092,357.3972986191511,0
303513,107,1105,0.08746540546417236,357.4847640246153,0
303514,107,1106,0.08382876217365265,357.56859278678894,0
303515,107,1107,0.07816308736801147,357.64675587415695,0
303516,107,1108,0.07427380979061127,357.72102968394756,0
303517,107,1109,0.08712643384933472,357.8081561177969,0
303518,107,1110,0.0819515585899353,357.89010767638683,0
303519,107,1111,0.07712659984827042,357.9672342762351,0
303520,107,1112,0.07349145412445068,358.04072573035955,0
303521,107,1113,0.07148926705121994,358.1122149974108,0
303522,107,1114,0.07198694348335266,358.1842019408941,0
303523,107,1115,0.07231607288122177,358.25651801377535,0
303524,107,1116,0.085190050303936,358.3417080640793,0
303525,107,1117,0.07808946073055267,358.41979752480984,0
303526,107,1118,0.08216849714517593,358.501966021955,0
303527,107,1119,0.08142793923616409,358.5833939611912,0
303528,107,1120,0.08014168590307236,358.66353564709425,0
303529,107,1121,0.08085741102695465,358.7443930581212,0
303530,107,1122,0.07733574509620667,358.8217288032174,0
303531,107,1123,0.07462352514266968,358.8963523283601,0
303532,107,1124,0.07084851711988449,358.96720084547997,0
303533,107,1125,0.08352374285459518,359.05072458833456,0
303534,107,1126,0.07901494204998016,359.12973953038454,0
303535,107,1127,0.08141358941793442,359.2111531198025,0
303536,107,1128,0.07713101804256439,359.28828413784504,0
303537,107,1129,0.07119183242321014,359.35947597026825,0
303538,107,1130,0.0798649713397026,359.43934094160795,0
303539,107,1131,0.07592315971851349,359.51526410132647,0
303540,107,1132,0.07060878723859787,359.58587288856506,0
303541,107,1133,0.07754096388816833,359.66341385245323,0
303542,107,1134,0.07720457762479782,359.74061843007803,0
303543,107,1135,0.074742391705513,359.81536082178354,0
303544,107,1136,0.07168138772249222,359.88704220950603,0
303545,107,1137,0.068784199655056,359.9558264091611,0
303546,107,1138,0.08202379196882248,360.0378502011299,0
303547,107,1139,0.07885970175266266,360.1167099028826,0
303548,107,1140,0.08311344683170319,360.1998233497143,0
303549,107,1141,0.08320222795009613,360.2830255776644,0
303550,107,1142,0.07804376631975174,360.3610693439841,0
303551,107,1143,0.08292370289564133,360.44399304687977,0
303552,107,1144,0.08274132013320923,360.526734367013,0
303553,107,1145,0.07721314579248428,360.60394751280546,0
303554,107,1146,0.083272285759449,360.6872197985649,0
303555,107,1147,0.08008202910423279,360.76730182766914,0
303556,107,1148,0.07457584887742996,360.8418776765466,0
303557,107,1149,0.06964006274938583,360.91151773929596,0
303558,107,1150,0.06916864216327667,360.98068638145924,0
303559,107,1151,0.06779427826404572,361.0484806597233,0
303560,107,1152,0.06818940490484238,361.1166700646281,0
303561,107,1153,0.06827841699123383,361.18494848161936,0
303562,107,1154,0.08108580857515335,361.2660342901945,0
303563,107,1155,0.07684948295354843,361.34288377314806,0
303564,107,1156,0.06783818453550339,361.41072195768356,0
303565,107,1157,0.07847826182842255,361.489200219512,0
303566,107,1158,0.07317090034484863,361.56237111985683,0
303567,107,1159,0.06713481992483139,361.62950593978167,0
303568,107,1160,0.07829760015010834,361.7078035399318,0
303569,107,1161,0.07596153765916824,361.78376507759094,0
303570,107,1162,0.06705794483423233,361.8508230224252,0
303571,107,1163,0.060870978981256485,361.91169400140643,0
303572,107,1164,0.05840923637151718,361.97010323777795,0
303573,107,1165,0.0736074149608612,362.0437106527388,0
303574,107,1166,0.06908919662237167,362.1127998493612,0
303575,107,1167,0.07250594347715378,362.18530579283834,0
303576,107,1168,0.0700896605849266,362.25539545342326,0
303577,107,1169,0.06514611840248108,362.32054157182574,0
303578,107,1170,0.06032217666506767,362.3808637484908,0
303579,107,1171,0.058435652405023575,362.43929940089583,0
303580,107,1172,0.05856725201010704,362.49786665290594,0
303581,107,1173,0.059718191623687744,362.55758484452963,0
303582,107,1174,0.06035774573683739,362.61794259026647,0
303583,107,1175,0.06124734878540039,362.67918993905187,0
303584,107,1176,0.07458928972482681,362.7537792287767,0
303585,107,1177,0.06852971017360687,362.8223089389503,0
303586,107,1178,0.07142037898302078,362.8937293179333,0
303587,107,1179,0.0685482919216156,362.96227760985494,0
303588,107,1180,0.06460542231798172,363.0268830321729,0
303589,107,1181,0.06006470322608948,363.086947735399,0
303590,107,1182,0.0599435418844223,363.14689127728343,0
303591,107,1183,0.07247525453567505,363.2193665318191,0
303592,107,1184,0.0671573206782341,363.28652385249734,0
303593,107,1185,0.07293906807899475,363.35946292057633,0
303594,107,1186,0.07411254197359085,363.4335754625499,0
303595,107,1187,0.06996289640665054,363.5035383589566,0
303596,107,1188,0.06532177329063416,363.5688601322472,0
303597,107,1189,0.07602541148662567,363.64488554373384,0
303598,107,1190,0.07171851396560669,363.71660405769944,0
303599,107,1191,0.06701940298080444,363.78362346068025,0
303600,107,1192,0.06499496102333069,363.8486184217036,0
303601,107,1193,0.06444773823022842,363.9130661599338,0
303602,107,1194,0.06482920795679092,363.9778953678906,0
303603,107,1195,0.06539042294025421,364.04328579083085,0
303604,107,1196,0.06636159867048264,364.10964738950133,0
303605,107,1197,0.07988394796848297,364.1895313374698,0
303606,107,1198,0.07350964844226837,364.2630409859121,0
303607,107,1199,0.07041233777999878,364.3334533236921,0
303608,107,1200,0.06736905127763748,364.4008223749697,0
303609,107,1201,0.0658053606748581,364.4666277356446,0
303610,107,1202,0.06541752070188522,364.53204525634646,0
303611,107,1203,0.07845496386289597,364.61050022020936,0
303612,107,1204,0.07191634923219681,364.68241656944156,0
303613,107,1205,0.06936410069465637,364.7517806701362,0
303614,107,1206,-10.0,354.7517806701362,1
303615,108,1,0.16910552978515625,0.16910552978515625,0
303616,108,2,0.16716141998767853,0.3362669497728348,0
303617,108,3,0.16501803696155548,0.5012849867343903,0
303618,108,4,0.16876673698425293,0.6700517237186432,0
303619,108,5,0.16555534303188324,0.8356070667505264,0
303620,108,6,0.16144278645515442,0.9970498532056808,0
303621,108,7,0.16105787456035614,1.158107727766037,0
303622,108,8,0.16516752541065216,1.3232752531766891,0
303623,108,9,0.16765153408050537,1.4909267872571945,0
303624,108,10,0.16478194296360016,1.6557087302207947,0
303625,108,11,0.161418616771698,1.8171273469924927,0
303626,108,12,0.15941691398620605,1.9765442609786987,0
303627,108,13,0.1673664152622223,2.143910676240921,0
303628,108,14,0.1680547446012497,2.3119654208421707,0
303629,108,15,0.15802371501922607,2.469989135861397,0
303630,108,16,0.15170538425445557,2.6216945201158524,0
303631,108,17,0.16613703966140747,2.78783155977726,0
303632,108,18,0.1613214910030365,2.9491530507802963,0
303633,108,19,0.16615350544452667,3.115306556224823,0
303634,108,20,0.1600492298603058,3.275355786085129,0
303635,108,21,0.1539132446050644,3.429269030690193,0
303636,108,22,0.16602203249931335,3.5952910631895065,0
303637,108,23,0.1634121984243393,3.758703261613846,0
303638,108,24,0.15863026678562164,3.9173335283994675,0
303639,108,25,0.15643666684627533,4.073770195245743,0
303640,108,26,0.15588153898715973,4.2296517342329025,0
303641,108,27,0.1552262157201767,4.384877949953079,0
303642,108,28,0.16685345768928528,4.5517314076423645,0
303643,108,29,0.16097883880138397,4.7127102464437485,0
303644,108,30,0.16422592103481293,4.876936167478561,0
303645,108,31,0.16328367590904236,5.040219843387604,0
303646,108,32,0.16336753964424133,5.203587383031845,0
303647,108,33,0.1592332273721695,5.362820610404015,0
303648,108,34,0.15645958483219147,5.519280195236206,0
303649,108,35,0.16981801390647888,5.689098209142685,0
303650,108,36,0.16726434230804443,5.856362551450729,0
303651,108,37,0.1680891364812851,6.0244516879320145,0
303652,108,38,0.1673547327518463,6.191806420683861,0
303653,108,39,0.16223344206809998,6.354039862751961,0
303654,108,40,0.15864481031894684,6.512684673070908,0
303655,108,41,0.15710704028606415,6.669791713356972,0
303656,108,42,0.15732358396053314,6.827115297317505,0
303657,108,43,0.15762682259082794,6.984742119908333,0
303658,108,44,0.15827305614948273,7.1430151760578156,0
303659,108,45,0.17024917900562286,7.313264355063438,0
303660,108,46,0.1675223410129547,7.480786696076393,0
303661,108,47,0.16903150081634521,7.649818196892738,0
303662,108,48,0.1654924601316452,7.8153106570243835,0
303663,108,49,0.1632239669561386,7.978534623980522,0
303664,108,50,0.1596914827823639,8.138226106762886,0
303665,108,51,0.1596948802471161,8.297920987010002,0
303666,108,52,0.1600465476512909,8.457967534661293,0
303667,108,53,0.17259567975997925,8.630563214421272,0
303668,108,54,0.17059893906116486,8.801162153482437,0
303669,108,55,0.17069992423057556,8.971862077713013,0
303670,108,56,0.167725071310997,9.13958714902401,0
303671,108,57,0.16347552835941315,9.303062677383423,0
303672,108,58,0.1587575525045395,9.461820229887962,0
303673,108,59,0.1577676683664322,9.619587898254395,0
303674,108,60,0.15823839604854584,9.77782629430294,0
303675,108,61,0.15971894562244415,9.937545239925385,0
303676,108,62,0.16090445220470428,10.098449692130089,0
303677,108,63,0.1737278699874878,10.272177562117577,0
303678,108,64,0.17071764171123505,10.442895203828812,0
303679,108,65,0.1603793054819107,10.603274509310722,0
303680,108,66,0.1692028045654297,10.772477313876152,0
303681,108,67,0.16696472465991974,10.939442038536072,0
303682,108,68,0.1616559624671936,11.101098001003265,0
303683,108,69,0.15780134499073029,11.258899345993996,0
303684,108,70,0.15578392148017883,11.414683267474174,0
303685,108,71,0.1686905473470688,11.583373814821243,0
303686,108,72,0.166762575507164,11.750136390328407,0
303687,108,73,0.16745957732200623,11.917595967650414,0
303688,108,74,0.1636347472667694,12.081230714917183,0
303689,108,75,0.16088633239269257,12.242117047309875,0
303690,108,76,0.1710052788257599,12.413122326135635,0
303691,108,77,0.165718212723732,12.578840538859367,0
303692,108,78,0.1695544570684433,12.74839499592781,0
303693,108,79,0.16800537705421448,12.916400372982025,0
303694,108,80,0.17062778770923615,13.087028160691261,0
303695,108,81,0.16817636787891388,13.255204528570175,0
303696,108,82,0.16244307160377502,13.41764760017395,0
303697,108,83,0.1704007238149643,13.588048323988914,0
303698,108,84,0.16616736352443695,13.754215687513351,0
303699,108,85,0.15865382552146912,13.91286951303482,0
303700,108,86,0.16932843625545502,14.082197949290276,0
303701,108,87,0.1658148169517517,14.248012766242027,0
303702,108,88,0.16783945262432098,14.415852218866348,0
303703,108,89,0.16298462450504303,14.578836843371391,0
303704,108,90,0.16998152434825897,14.74881836771965,0
303705,108,91,0.1661762148141861,14.914994582533836,0
303706,108,92,0.1679278016090393,15.082922384142876,0
303707,108,93,0.1699938327074051,15.25291621685028,0
303708,108,94,0.1697731763124466,15.422689393162727,0
303709,108,95,0.16331496834754944,15.586004361510277,0
303710,108,96,0.15738797187805176,15.743392333388329,0
303711,108,97,0.16915735602378845,15.912549689412117,0
303712,108,98,0.1664295345544815,16.0789792239666,0
303713,108,99,0.15809746086597443,16.237076684832573,0
303714,108,100,0.15174801647663116,16.388824701309204,0
303715,108,101,0.16452839970588684,16.55335310101509,0
303716,108,102,0.16010116040706635,16.713454261422157,0
303717,108,103,0.16295677423477173,16.87641103565693,0
303718,108,104,0.1611354500055313,17.03754648566246,0
303719,108,105,0.15891622006893158,17.196462705731392,0
303720,108,106,0.15395332872867584,17.350416034460068,0
303721,108,107,0.1507459282875061,17.501161962747574,0
303722,108,108,0.14926253259181976,17.650424495339394,0
303723,108,109,0.16071413457393646,17.81113862991333,0
303724,108,110,0.15491798520088196,17.966056615114212,0
303725,108,111,0.15137536823749542,18.117431983351707,0
303726,108,112,0.15827348828315735,18.275705471634865,0
303727,108,113,0.15439698100090027,18.430102452635765,0
303728,108,114,0.14969207346439362,18.57979452610016,0
303729,108,115,0.15608999133110046,18.73588451743126,0
303730,108,116,0.15327565371990204,18.88916017115116,0
303731,108,117,0.1502051204442978,19.03936529159546,0
303732,108,118,0.1465000957250595,19.18586538732052,0
303733,108,119,0.15584175288677216,19.34170714020729,0
303734,108,120,0.15153197944164276,19.493239119648933,0
303735,108,121,0.14696146547794342,19.640200585126877,0
303736,108,122,0.14334270358085632,19.783543288707733,0
303737,108,123,0.1433287113904953,19.92687200009823,0
303738,108,124,0.1425994485616684,20.069471448659897,0
303739,108,125,0.15427492558956146,20.22374637424946,0
303740,108,126,0.14845365285873413,20.372200027108192,0
303741,108,127,0.1441805362701416,20.516380563378334,0
303742,108,128,0.14115342497825623,20.65753398835659,0
303743,108,129,0.15075279772281647,20.808286786079407,0
303744,108,130,0.1462303251028061,20.954517111182213,0
303745,108,131,0.14848490059375763,21.10300201177597,0
303746,108,132,0.14506737887859344,21.248069390654564,0
303747,108,133,0.14839228987693787,21.3964616805315,0
303748,108,134,0.14931224286556244,21.545773923397064,0
303749,108,135,0.14450711011886597,21.69028103351593,0
303750,108,136,0.14035102725028992,21.83063206076622,0
303751,108,137,0.14013102650642395,21.970763087272644,0
303752,108,138,0.14006316661834717,22.11082625389099,0
303753,108,139,0.14057768881320953,22.2514039427042,0
303754,108,140,0.1418217420578003,22.393225684762,0
303755,108,141,0.14306873083114624,22.536294415593147,0
303756,108,142,0.1443159282207489,22.680610343813896,0
303757,108,143,0.14556562900543213,22.82617597281933,0
303758,108,144,0.1467863917350769,22.972962364554405,0
303759,108,145,0.15898814797401428,23.13195051252842,0
303760,108,146,0.15244604647159576,23.284396559000015,0
303761,108,147,0.15606552362442017,23.440462082624435,0
303762,108,148,0.15665505826473236,23.597117140889168,0
303763,108,149,0.15278956294059753,23.749906703829765,0
303764,108,150,0.1599998027086258,23.90990650653839,0
303765,108,151,0.16072949767112732,24.07063600420952,0
303766,108,152,0.15829668939113617,24.228932693600655,0
303767,108,153,0.1654866635799408,24.394419357180595,0
303768,108,154,0.16489362716674805,24.559312984347343,0
303769,108,155,0.16771556437015533,24.7270285487175,0
303770,108,156,0.16319558024406433,24.890224128961563,0
303771,108,157,0.1737687885761261,25.06399291753769,0
303772,108,158,0.17299754917621613,25.236990466713905,0
303773,108,159,0.16961799561977386,25.40660846233368,0
303774,108,160,0.16789762675762177,25.5745060890913,0
303775,108,161,0.18038173019886017,25.75488781929016,0
303776,108,162,0.1778186857700348,25.932706505060196,0
303777,108,163,0.18160921335220337,26.1143157184124,0
303778,108,164,0.1752060055732727,26.289521723985672,0
303779,108,165,0.18217623233795166,26.471697956323624,0
303780,108,166,0.1777023822069168,26.64940033853054,0
303781,108,167,0.18502745032310486,26.834427788853645,0
303782,108,168,0.18414823710918427,27.01857602596283,0
303783,108,169,0.1872154325246811,27.20579145848751,0
303784,108,170,0.1823236644268036,27.388115122914314,0
303785,108,171,0.18686480820178986,27.574979931116104,0
303786,108,172,0.18505671620368958,27.760036647319794,0
303787,108,173,0.18747347593307495,27.94751012325287,0
303788,108,174,0.18841823935508728,28.135928362607956,0
303789,108,175,0.18200185894966125,28.317930221557617,0
303790,108,176,0.1866425722837448,28.504572793841362,0
303791,108,177,0.18918165564537048,28.693754449486732,0
303792,108,178,0.18419252336025238,28.877946972846985,0
303793,108,179,0.17999936640262604,29.05794633924961,0
303794,108,180,0.17748446762561798,29.23543080687523,0
303795,108,181,0.18923455476760864,29.424665361642838,0
303796,108,182,0.18562613427639008,29.610291495919228,0
303797,108,183,0.18979831039905548,29.800089806318283,0
303798,108,184,0.18809561431407928,29.988185420632362,0
303799,108,185,0.18338961899280548,30.171575039625168,0
303800,108,186,0.1783541738986969,30.349929213523865,0
303801,108,187,0.18854781985282898,30.538477033376694,0
303802,108,188,0.18682429194450378,30.725301325321198,0
303803,108,189,0.18187183141708374,30.90717315673828,0
303804,108,190,0.18840661644935608,31.095579773187637,0
303805,108,191,0.18518948554992676,31.280769258737564,0
303806,108,192,0.18645048141479492,31.46721974015236,0
303807,108,193,0.186165913939476,31.653385654091835,0
303808,108,194,0.18203432857990265,31.835419982671738,0
303809,108,195,0.1765269786119461,32.011946961283684,0
303810,108,196,0.1747804433107376,32.18672740459442,0
303811,108,197,0.17399004101753235,32.360717445611954,0
303812,108,198,0.18658992648124695,32.5473073720932,0
303813,108,199,0.1828342080116272,32.73014158010483,0
303814,108,200,0.1859799176454544,32.91612149775028,0
303815,108,201,0.1843419224023819,33.100463420152664,0
303816,108,202,0.17962369322776794,33.28008711338043,0
303817,108,203,0.17468829452991486,33.45477540791035,0
303818,108,204,0.18452100455760956,33.63929641246796,0
303819,108,205,0.1794835329055786,33.818779945373535,0
303820,108,206,0.1827172338962555,34.00149717926979,0
303821,108,207,0.17964622378349304,34.181143403053284,0
303822,108,208,0.18222388625144958,34.36336728930473,0
303823,108,209,0.180894136428833,34.544261425733566,0
303824,108,210,0.17704987525939941,34.721311300992966,0
303825,108,211,0.1721632480621338,34.8934745490551,0
303826,108,212,0.16938699781894684,35.062861546874046,0
303827,108,213,0.1690516322851181,35.231913179159164,0
303828,108,214,0.1692197173833847,35.40113289654255,0
303829,108,215,0.1699371039867401,35.57107000052929,0
303830,108,216,0.1822945475578308,35.75336454808712,0
303831,108,217,0.17782273888587952,35.931187286973,0
303832,108,218,0.17386466264724731,36.10505194962025,0
303833,108,219,0.17135727405548096,36.27640922367573,0
303834,108,220,0.18172113597393036,36.45813035964966,0
303835,108,221,0.17717251181602478,36.63530287146568,0
303836,108,222,0.17312054336071014,36.80842341482639,0
303837,108,223,0.17006242275238037,36.97848583757877,0
303838,108,224,0.16977845132350922,37.14826428890228,0
303839,108,225,0.16963210701942444,37.31789639592171,0
303840,108,226,0.18234355747699738,37.500239953398705,0
303841,108,227,0.17700137197971344,37.67724132537842,0
303842,108,228,0.17328187823295593,37.850523203611374,0
303843,108,229,0.1708890050649643,38.02141220867634,0
303844,108,230,0.1699759066104889,38.19138811528683,0
303845,108,231,0.18189634382724762,38.373284459114075,0
303846,108,232,0.17707648873329163,38.550360947847366,0
303847,108,233,0.18252262473106384,38.73288357257843,0
303848,108,234,0.17916978895664215,38.91205336153507,0
303849,108,235,0.1726534366607666,39.08470679819584,0
303850,108,236,0.1872982233762741,39.27200502157211,0
303851,108,237,0.18556484580039978,39.45756986737251,0
303852,108,238,0.18203358352184296,39.639603450894356,0
303853,108,239,0.17721442878246307,39.81681787967682,0
303854,108,240,0.175860196352005,39.992678076028824,0
303855,108,241,0.18977788090705872,40.18245595693588,0
303856,108,242,0.1898985654115677,40.37235452234745,0
303857,108,243,0.1908806711435318,40.56323519349098,0
303858,108,244,0.188693106174469,40.75192829966545,0
303859,108,245,0.18734011054039001,40.93926841020584,0
303860,108,246,0.19713513553142548,41.13640354573727,0
303861,108,247,0.19415786862373352,41.330561414361,0
303862,108,248,0.19713492691516876,41.52769634127617,0
303863,108,249,0.19947823882102966,41.7271745800972,0
303864,108,250,0.19862473011016846,41.92579931020737,0
303865,108,251,0.2050226330757141,42.13082194328308,0
303866,108,252,0.20443761348724365,42.335259556770325,0
303867,108,253,0.20140865445137024,42.536668211221695,0
303868,108,254,0.19790486991405487,42.73457308113575,0
303869,108,255,0.20929232239723206,42.94386540353298,0
303870,108,256,0.205430269241333,43.149295672774315,0
303871,108,257,0.20149053633213043,43.350786209106445,0
303872,108,258,0.20957668125629425,43.56036289036274,0
303873,108,259,0.20682689547538757,43.76718978583813,0
303874,108,260,0.20267102122306824,43.969860807061195,0
303875,108,261,0.1992514282464981,44.16911223530769,0
303876,108,262,0.1975465714931488,44.36665880680084,0
303877,108,263,0.19732147455215454,44.563980281353,0
303878,108,264,0.21059782803058624,44.77457810938358,0
303879,108,265,0.20518213510513306,44.979760244488716,0
303880,108,266,0.20215091109275818,45.181911155581474,0
303881,108,267,0.20055389404296875,45.38246504962444,0
303882,108,268,0.19919607043266296,45.581661120057106,0
303883,108,269,0.19929562509059906,45.780956745147705,0
303884,108,270,0.19990050792694092,45.980857253074646,0
303885,108,271,0.2009125053882599,46.181769758462906,0
303886,108,272,0.2020084708929062,46.38377822935581,0
303887,108,273,0.20320409536361694,46.58698232471943,0
303888,108,274,0.2156313806772232,46.80261370539665,0
303889,108,275,0.2106925994157791,47.01330630481243,0
303890,108,276,0.2088935226202011,47.22219982743263,0
303891,108,277,0.20618624985218048,47.42838607728481,0
303892,108,278,0.20644274353981018,47.63482882082462,0
303893,108,279,0.2064301073551178,47.84125892817974,0
303894,108,280,0.2069004774093628,48.048159405589104,0
303895,108,281,0.20808447897434235,48.256243884563446,0
303896,108,282,0.20914465188980103,48.46538853645325,0
303897,108,283,0.21034438908100128,48.67573292553425,0
303898,108,284,0.2116914838552475,48.887424409389496,0
303899,108,285,0.21295152604579926,49.100375935435295,0
303900,108,286,0.2254124879837036,49.325788423419,0
303901,108,287,0.21918880939483643,49.544977232813835,0
303902,108,288,0.22386649250984192,49.76884372532368,0
303903,108,289,0.22469326853752136,49.9935369938612,0
303904,108,290,0.22439002990722656,50.217927023768425,0
303905,108,291,0.22945331037044525,50.44738033413887,0
303906,108,292,0.2280290722846985,50.67540940642357,0
303907,108,293,0.23019376397132874,50.9056031703949,0
303908,108,294,0.2310747653245926,51.13667793571949,0
303909,108,295,0.23058843612670898,51.3672663718462,0
303910,108,296,0.22487583756446838,51.59214220941067,0
303911,108,297,0.23578669130802155,51.82792890071869,0
303912,108,298,0.2326931357383728,52.06062203645706,0
303913,108,299,0.22619859874248505,52.28682063519955,0
303914,108,300,0.22317060828208923,52.509991243481636,0
303915,108,301,0.2216750830411911,52.73166632652283,0
303916,108,302,0.2220735400915146,52.95373986661434,0
303917,108,303,0.22337494790554047,53.17711481451988,0
303918,108,304,0.2250463366508484,53.40216115117073,0
303919,108,305,0.23831483721733093,53.64047598838806,0
303920,108,306,0.23623162508010864,53.87670761346817,0
303921,108,307,0.2366611510515213,54.11336876451969,0
303922,108,308,0.23602162301540375,54.349390387535095,0
303923,108,309,0.2400789111852646,54.58946929872036,0
303924,108,310,0.2396039068698883,54.82907320559025,0
303925,108,311,0.235290989279747,55.064364194869995,0
303926,108,312,0.2326543629169464,55.29701855778694,0
303927,108,313,0.2323896884918213,55.52940824627876,0
303928,108,314,0.24719010293483734,55.7765983492136,0
303929,108,315,0.242971733212471,56.01957008242607,0
303930,108,316,0.23990662395954132,56.25947670638561,0
303931,108,317,0.23871555924415588,56.49819226562977,0
303932,108,318,0.251217246055603,56.74940951168537,0
303933,108,319,0.24769921600818634,56.99710872769356,0
303934,108,320,0.2531577944755554,57.25026652216911,0
303935,108,321,0.25312861800193787,57.50339514017105,0
303936,108,322,0.24985523521900177,57.75325037539005,0
303937,108,323,0.24749574065208435,58.00074611604214,0
303938,108,324,0.24709591269493103,58.24784202873707,0
303939,108,325,0.24756625294685364,58.49540828168392,0
303940,108,326,0.26154589653015137,58.75695417821407,0
303941,108,327,0.26004621386528015,59.01700039207935,0
303942,108,328,0.25213220715522766,59.26913259923458,0
303943,108,329,0.26350781321525574,59.53264041244984,0
303944,108,330,0.26276764273643494,59.79540805518627,0
303945,108,331,0.25782066583633423,60.053228721022606,0
303946,108,332,0.2545572817325592,60.307786002755165,0
303947,108,333,0.2543129622936249,60.56209896504879,0
303948,108,334,0.25739532709121704,60.81949429214001,0
303949,108,335,0.26018065214157104,61.07967494428158,0
303950,108,336,0.2634197473526001,61.34309469163418,0
303951,108,337,0.2668464779853821,61.60994116961956,0
303952,108,338,0.2701950967311859,61.880136266350746,0
303953,108,339,0.273663729429245,62.15379999577999,0
303954,108,340,0.27718642354011536,62.43098641932011,0
303955,108,341,0.28060582280158997,62.7115922421217,0
303956,108,342,0.284225732088089,62.995817974209785,0
303957,108,343,0.2878390848636627,63.28365705907345,0
303958,108,344,0.30264246463775635,63.586299523711205,0
303959,108,345,0.2986546456813812,63.884954169392586,0
303960,108,346,0.30443304777145386,64.18938721716404,0
303961,108,347,0.3062050938606262,64.49559231102467,0
303962,108,348,0.3117362856864929,64.80732859671116,0
303963,108,349,0.3153655529022217,65.12269414961338,0
303964,108,350,0.3133688271045685,65.43606297671795,0
303965,108,351,0.3110193610191345,65.74708233773708,0
303966,108,352,0.3254753649234772,66.07255770266056,0
303967,108,353,0.3241281509399414,66.3966858536005,0
303968,108,354,0.3249059319496155,66.72159178555012,0
303969,108,355,0.3241128921508789,67.045704677701,0
303970,108,356,0.3373163640499115,67.38302104175091,0
303971,108,357,0.3366098701953888,67.7196309119463,0
303972,108,358,0.3420437276363373,68.06167463958263,0
303973,108,359,0.33970534801483154,68.40137998759747,0
303974,108,360,0.34852027893066406,68.74990026652813,0
303975,108,361,0.3507061302661896,69.10060639679432,0
303976,108,362,0.35918137431144714,69.45978777110577,0
303977,108,363,0.3584793210029602,69.81826709210873,0
303978,108,364,0.3544023036956787,70.1726693958044,0
303979,108,365,0.3675075173377991,70.5401769131422,0
303980,108,366,0.3667718470096588,70.90694876015186,0
303981,108,367,0.3739953339099884,71.28094409406185,0
303982,108,368,0.37643036246299744,71.65737445652485,0
303983,108,369,0.3765820562839508,72.0339565128088,0
303984,108,370,0.3765958845615387,72.41055239737034,0
303985,108,371,0.3756869435310364,72.78623934090137,0
303986,108,372,0.37827178835868835,73.16451112926006,0
303987,108,373,0.3922807276248932,73.55679185688496,0
303988,108,374,0.393004447221756,73.94979630410671,0
303989,108,375,0.38784265518188477,74.3376389592886,0
303990,108,376,0.3992265462875366,74.73686550557613,0
303991,108,377,0.40053144097328186,75.13739694654942,0
303992,108,378,0.403819739818573,75.54121668636799,0
303993,108,379,0.40491536259651184,75.9461320489645,0
303994,108,380,0.40275701880455017,76.34888906776905,0
303995,108,381,0.4018183648586273,76.75070743262768,0
303996,108,382,0.4117129445075989,77.16242037713528,0
303997,108,383,0.4108198881149292,77.5732402652502,0
303998,108,384,0.4100436270236969,77.9832838922739,0
303999,108,385,0.4077545404434204,78.39103843271732,0
304000,108,386,0.4074251651763916,78.79846359789371,0
304001,108,387,0.40863877534866333,79.20710237324238,0
304002,108,388,0.42209672927856445,79.62919910252094,0
304003,108,389,0.4196983277797699,80.04889743030071,0
304004,108,390,0.423305869102478,80.47220329940319,0
304005,108,391,0.4232586622238159,80.895461961627,0
304006,108,392,0.42368170619010925,81.31914366781712,0
304007,108,393,0.4299585819244385,81.74910224974155,0
304008,108,394,0.42685559391975403,82.17595784366131,0
304009,108,395,0.4240298867225647,82.59998773038387,0
304010,108,396,0.42384693026542664,83.0238346606493,0
304011,108,397,0.4382798373699188,83.46211449801922,0
304012,108,398,0.4351747930049896,83.89728929102421,0
304013,108,399,0.4387286603450775,84.33601795136929,0
304014,108,400,0.43906518816947937,84.77508313953876,0
304015,108,401,0.437616765499115,85.21269990503788,0
304016,108,402,0.4438573122024536,85.65655721724033,0
304017,108,403,0.44335058331489563,86.09990780055523,0
304018,108,404,0.43992486596107483,86.5398326665163,0
304019,108,405,0.44961225986480713,86.98944492638111,0
304020,108,406,0.44881975650787354,87.43826468288898,0
304021,108,407,0.4519154727458954,87.89018015563488,0
304022,108,408,0.45653510093688965,88.34671525657177,0
304023,108,409,0.4537273943424225,88.80044265091419,0
304024,108,410,0.46022742986679077,89.26067008078098,0
304025,108,411,0.4597634971141815,89.72043357789516,0
304026,108,412,0.4563143849372864,90.17674796283245,0
304027,108,413,0.45345205068588257,90.63020001351833,0
304028,108,414,0.45272722840309143,91.08292724192142,0
304029,108,415,0.4539225697517395,91.53684981167316,0
304030,108,416,0.45737752318382263,91.99422733485699,0
304031,108,417,0.47246822714805603,92.46669556200504,0
304032,108,418,0.4717472493648529,92.9384428113699,0
304033,108,419,0.4674733281135559,93.40591613948345,0
304034,108,420,0.4800150692462921,93.88593120872974,0
304035,108,421,0.48230162262916565,94.36823283135891,0
304036,108,422,0.4779376983642578,94.84617052972317,0
304037,108,423,0.476137638092041,95.32230816781521,0
304038,108,424,0.4914360046386719,95.81374417245388,0
304039,108,425,0.4925641417503357,96.30630831420422,0
304040,108,426,0.49862754344940186,96.80493585765362,0
304041,108,427,0.5019174218177795,97.3068532794714,0
304042,108,428,0.5066290497779846,97.81348232924938,0
304043,108,429,0.5037747025489807,98.31725703179836,0
304044,108,430,0.5001443028450012,98.81740133464336,0
304045,108,431,0.5124760866165161,99.32987742125988,0
304046,108,432,0.5111218094825745,99.84099923074245,0
304047,108,433,0.5089145302772522,100.3499137610197,0
304048,108,434,0.5079783201217651,100.85789208114147,0
304049,108,435,0.5104377269744873,101.36832980811596,0
304050,108,436,0.5130526423454285,101.88138245046139,0
304051,108,437,0.5167362093925476,102.39811865985394,0
304052,108,438,0.52105712890625,102.91917578876019,0
304053,108,439,0.525776207447052,103.44495199620724,0
304054,108,440,0.5307786464691162,103.97573064267635,0
304055,108,441,0.5471413135528564,104.52287195622921,0
304056,108,442,0.5496073961257935,105.072479352355,0
304057,108,443,0.5464220643043518,105.61890141665936,0
304058,108,444,0.560328483581543,106.1792299002409,0
304059,108,445,0.560904860496521,106.74013476073742,0
304060,108,446,0.570270299911499,107.31040506064892,0
304061,108,447,0.5690341591835022,107.87943921983242,0
304062,108,448,0.5664199590682983,108.44585917890072,0
304063,108,449,0.5668908357620239,109.01275001466274,0
304064,108,450,0.5709717869758606,109.5837218016386,0
304065,108,451,0.5889188051223755,110.17264060676098,0
304066,108,452,0.593986451625824,110.7666270583868,0
304067,108,453,0.5984882712364197,111.36511532962322,0
304068,108,454,0.5988852381706238,111.96400056779385,0
304069,108,455,0.6106917858123779,112.57469235360622,0
304070,108,456,0.613843560218811,113.18853591382504,0
304071,108,457,0.6193464398384094,113.80788235366344,0
304072,108,458,0.6264097094535828,114.43429206311703,0
304073,108,459,0.6253921389579773,115.059684202075,0
304074,108,460,0.624483585357666,115.68416778743267,0
304075,108,461,0.6273328065872192,116.31150059401989,0
304076,108,462,0.6311085820198059,116.9426091760397,0
304077,108,463,0.6363275051116943,117.57893668115139,0
304078,108,464,0.6425259709358215,118.22146265208721,0
304079,108,465,0.6487895250320435,118.87025217711926,0
304080,108,466,0.655325174331665,119.52557735145092,0
304081,108,467,0.66178959608078,120.1873669475317,0
304082,108,468,0.6684997081756592,120.85586665570736,0
304083,108,469,0.6754148602485657,121.53128151595592,0
304084,108,470,0.6825495362281799,122.2138310521841,0
304085,108,471,0.6896264553070068,122.90345750749111,0
304086,108,472,0.6970528364181519,123.60051034390926,0
304087,108,473,0.7046867609024048,124.30519710481167,0
304088,108,474,0.7122484445571899,125.01744554936886,0
304089,108,475,0.7199087142944336,125.73735426366329,0
304090,108,476,0.7279264330863953,126.46528069674969,0
304091,108,477,0.736239492893219,127.2015201896429,0
304092,108,478,0.7448530793190002,127.9463732689619,0
304093,108,479,0.753771960735321,128.70014522969723,0
304094,108,480,0.772712767124176,129.4728579968214,0
304095,108,481,0.7820203304290771,130.25487832725048,0
304096,108,482,0.7897926568984985,131.04467098414898,0
304097,108,483,0.7953294515609741,131.84000043570995,0
304098,108,484,0.8095448017120361,132.649545237422,0
304099,108,485,0.8129584789276123,133.4625037163496,0
304100,108,486,0.8178640604019165,134.28036777675152,0
304101,108,487,0.8221002221107483,135.10246799886227,0
304102,108,488,0.8290232419967651,135.93149124085903,0
304103,108,489,0.8382077813148499,136.76969902217388,0
304104,108,490,0.8478929996490479,137.61759202182293,0
304105,108,491,0.858211874961853,138.47580389678478,0
304106,108,492,0.8802918791770935,139.35609577596188,0
304107,108,493,0.882981538772583,140.23907731473446,0
304108,108,494,0.8894637227058411,141.1285410374403,0
304109,108,495,0.8955360054969788,142.02407704293728,0
304110,108,496,0.9044370055198669,142.92851404845715,0
304111,108,497,0.9262707829475403,143.8547848314047,0
304112,108,498,0.9299807548522949,144.78476558625698,0
304113,108,499,0.9345632791519165,145.7193288654089,0
304114,108,500,0.9403731822967529,146.65970204770565,0
304115,108,501,0.9609737396240234,147.62067578732967,0
304116,108,502,0.9657362699508667,148.58641205728054,0
304117,108,503,0.9703599810600281,149.55677203834057,0
304118,108,504,0.9867685437202454,150.5435405820608,0
304119,108,505,0.9930850863456726,151.5366256684065,0
304120,108,506,1.0003471374511719,152.53697280585766,0
304121,108,507,1.0054717063903809,153.54244451224804,0
304122,108,508,1.0127657651901245,154.55521027743816,0
304123,108,509,1.034623384475708,155.58983366191387,0
304124,108,510,1.0396018028259277,156.6294354647398,0
304125,108,511,1.052863359451294,157.6822988241911,0
304126,108,512,1.057062029838562,158.73936085402966,0
304127,108,513,1.0650016069412231,159.80436246097088,0
304128,108,514,1.0531294345855713,160.85749189555645,0
304129,108,515,1.0427888631820679,161.90028075873852,0
304130,108,516,1.047724962234497,162.94800572097301,0
304131,108,517,1.0304169654846191,163.97842268645763,0
304132,108,518,1.0265171527862549,165.0049398392439,0
304133,108,519,1.0123668909072876,166.01730673015118,0
304134,108,520,0.9956600069999695,167.01296673715115,0
304135,108,521,0.982292652130127,167.99525938928127,0
304136,108,522,0.9716359972953796,168.96689538657665,0
304137,108,523,0.9761996865272522,169.9430950731039,0
304138,108,524,0.9617974162101746,170.90489248931408,0
304139,108,525,0.9490733742713928,171.85396586358547,0
304140,108,526,0.937257707118988,172.79122357070446,0
304141,108,527,0.926908016204834,173.7181315869093,0
304142,108,528,0.9170745611190796,174.63520614802837,0
304143,108,529,0.9193687438964844,175.55457489192486,0
304144,108,530,0.904288113117218,176.45886300504208,0
304145,108,531,0.8911927938461304,177.3500557988882,0
304146,108,532,0.8897892236709595,178.23984502255917,0
304147,108,533,0.8774232268333435,179.1172682493925,0
304148,108,534,0.8718605041503906,179.9891287535429,0
304149,108,535,0.8633394241333008,180.8524681776762,0
304150,108,536,0.8538974523544312,181.70636563003063,0
304151,108,537,0.8437230587005615,182.5500886887312,0
304152,108,538,0.8334489464759827,183.38353763520718,0
304153,108,539,0.8393077850341797,184.22284542024136,0
304154,108,540,0.8278391361236572,185.050684556365,0
304155,108,541,0.8119380474090576,185.86262260377407,0
304156,108,542,0.8145262002944946,186.67714880406857,0
304157,108,543,0.8082015514373779,187.48535035550594,0
304158,108,544,0.8055069446563721,188.29085730016232,0
304159,108,545,0.798145055770874,189.0890023559332,0
304160,108,546,0.7887953519821167,189.8777977079153,0
304161,108,547,0.7798579335212708,190.65765564143658,0
304162,108,548,0.7719679474830627,191.42962358891964,0
304163,108,549,0.7648914456367493,192.1945150345564,0
304164,108,550,0.758535623550415,192.9530506581068,0
304165,108,551,0.7650890946388245,193.71813975274563,0
304166,108,552,0.7549601197242737,194.4730998724699,0
304167,108,553,0.7475005984306335,195.22060047090054,0
304168,108,554,0.7385789752006531,195.9591794461012,0
304169,108,555,0.7366448640823364,196.69582431018353,0
304170,108,556,0.7295773029327393,197.42540161311626,0
304171,108,557,0.7170791625976562,198.14248077571392,0
304172,108,558,0.7200035452842712,198.8624843209982,0
304173,108,559,0.7112040519714355,199.57368837296963,0
304174,108,560,0.6993740200996399,200.27306239306927,0
304175,108,561,0.6904991269111633,200.96356151998043,0
304176,108,562,0.6834821701049805,201.6470436900854,0
304177,108,563,0.6779292225837708,202.32497291266918,0
304178,108,564,0.6862002611160278,203.0111731737852,0
304179,108,565,0.6750472187995911,203.6862203925848,0
304180,108,566,0.6657435894012451,204.35196398198605,0
304181,108,567,0.6576470136642456,205.0096109956503,0
304182,108,568,0.6506975293159485,205.66030852496624,0
304183,108,569,0.6445804834365845,206.30488900840282,0
304184,108,570,0.6505942344665527,206.95548324286938,0
304185,108,571,0.6425879597663879,207.59807120263577,0
304186,108,572,0.6391651034355164,208.23723630607128,0
304187,108,573,0.6321642994880676,208.86940060555935,0
304188,108,574,0.6301073431968689,209.49950794875622,0
304189,108,575,0.6212688088417053,210.12077675759792,0
304190,108,576,0.6221163868904114,210.74289314448833,0
304191,108,577,0.6135210990905762,211.3564142435789,0
304192,108,578,0.6145398616790771,211.970954105258,0
304193,108,579,0.6065669059753418,212.57752101123333,0
304194,108,580,0.5972471237182617,213.1747681349516,0
304195,108,581,0.5899274945259094,213.7646956294775,0
304196,108,582,0.5838195085525513,214.34851513803005,0
304197,108,583,0.5933158993721008,214.94183103740215,0
304198,108,584,0.5838577747344971,215.52568881213665,0
304199,108,585,0.5772621035575867,216.10295091569424,0
304200,108,586,0.5799135565757751,216.68286447227,0
304201,108,587,0.5723605155944824,217.2552249878645,0
304202,108,588,0.566807746887207,217.8220327347517,0
304203,108,589,0.5709640979766846,218.3929968327284,0
304204,108,590,0.5646559596061707,218.95765279233456,0
304205,108,591,0.55663001537323,219.5142828077078,0
304206,108,592,0.5508735775947571,220.06515638530254,0
304207,108,593,0.5446851253509521,220.6098415106535,0
304208,108,594,0.5397500395774841,221.14959155023098,0
304209,108,595,0.5364101529121399,221.68600170314312,0
304210,108,596,0.5325194597244263,222.21852116286755,0
304211,108,597,0.528606653213501,222.74712781608105,0
304212,108,598,0.5250669121742249,223.27219472825527,0
304213,108,599,0.5325180292129517,223.80471275746822,0
304214,108,600,0.5217989087104797,224.3265116661787,0
304215,108,601,0.5131857395172119,224.83969740569592,0
304216,108,602,0.505799412727356,225.34549681842327,0
304217,108,603,0.5117599964141846,225.85725681483746,0
304218,108,604,0.5036636590957642,226.36092047393322,0
304219,108,605,0.4972843527793884,226.8582048267126,0
304220,108,606,0.48989298939704895,227.34809781610966,0
304221,108,607,0.483815997838974,227.83191381394863,0
304222,108,608,0.4802359938621521,228.31214980781078,0
304223,108,609,0.47607874870300293,228.7882285565138,0
304224,108,610,0.4731769859790802,229.26140554249287,0
304225,108,611,0.481649249792099,229.74305479228497,0
304226,108,612,0.47251299023628235,230.21556778252125,0
304227,108,613,0.47062307596206665,230.68619085848331,0
304228,108,614,0.4649324119091034,231.15112327039242,0
304229,108,615,0.45742666721343994,231.60854993760586,0
304230,108,616,0.45938268303871155,232.06793262064457,0
304231,108,617,0.4561048150062561,232.52403743565083,0
304232,108,618,0.4558420479297638,232.9798794835806,0
304233,108,619,0.4555063247680664,233.43538580834866,0
304234,108,620,0.4479956030845642,233.88338141143322,0
304235,108,621,0.44018441438674927,234.32356582581997,0
304236,108,622,0.43641406297683716,234.7599798887968,0
304237,108,623,0.4339689612388611,235.19394885003567,0
304238,108,624,0.431341290473938,235.6252901405096,0
304239,108,625,0.4407265782356262,236.06601671874523,0
304240,108,626,0.43555948138237,236.5015762001276,0
304241,108,627,0.4229077696800232,236.92448396980762,0
304242,108,628,0.43103766441345215,237.35552163422108,0
304243,108,629,0.42637506127357483,237.78189669549465,0
304244,108,630,0.4174637198448181,238.19936041533947,0
304245,108,631,0.4114573001861572,238.61081771552563,0
304246,108,632,0.40650761127471924,239.01732532680035,0
304247,108,633,0.40438348054885864,239.4217088073492,0
304248,108,634,0.4027651250362396,239.82447393238544,0
304249,108,635,0.40072399377822876,240.22519792616367,0
304250,108,636,0.39863258600234985,240.62383051216602,0
304251,108,637,0.39639541506767273,241.0202259272337,0
304252,108,638,0.3939872086048126,241.4142131358385,0
304253,108,639,0.39141324162483215,241.80562637746334,0
304254,108,640,0.3886084258556366,242.19423480331898,0
304255,108,641,0.3972715139389038,242.59150631725788,0
304256,108,642,0.3914196789264679,242.98292599618435,0
304257,108,643,0.38687625527381897,243.36980225145817,0
304258,108,644,0.38033121824264526,243.7501334697008,0
304259,108,645,0.37306538224220276,244.12319885194302,0
304260,108,646,0.3681173026561737,244.4913161545992,0
304261,108,647,0.36393529176712036,244.8552514463663,0
304262,108,648,0.3731812536716461,245.22843270003796,0
304263,108,649,0.36574289202690125,245.59417559206486,0
304264,108,650,0.3588563799858093,245.95303197205067,0
304265,108,651,0.3539508581161499,246.30698283016682,0
304266,108,652,0.35012751817703247,246.65711034834385,0
304267,108,653,0.35989290475845337,247.0170032531023,0
304268,108,654,0.35184869170188904,247.3688519448042,0
304269,108,655,0.34748557209968567,247.71633751690388,0
304270,108,656,0.35197320580482483,248.0683107227087,0
304271,108,657,0.34572890400886536,248.41403962671757,0
304272,108,658,0.33889129757881165,248.75293092429638,0
304273,108,659,0.3327661156654358,249.08569703996181,0
304274,108,660,0.32870328426361084,249.41440032422543,0
304275,108,661,0.32604846358299255,249.74044878780842,0
304276,108,662,0.32416877150535583,250.06461755931377,0
304277,108,663,0.3221878409385681,250.38680540025234,0
304278,108,664,0.3202844560146332,250.70708985626698,0
304279,108,665,0.3183960020542145,251.0254858583212,0
304280,108,666,0.3278202414512634,251.35330609977245,0
304281,108,667,0.31809237599372864,251.67139847576618,0
304282,108,668,0.3184491991996765,251.98984767496586,0
304283,108,669,0.3131454885005951,252.30299316346645,0
304284,108,670,0.30658209323883057,252.60957525670528,0
304285,108,671,0.3010568618774414,252.91063211858273,0
304286,108,672,0.29589417576789856,253.20652629435062,0
304287,108,673,0.29230397939682007,253.49883027374744,0
304288,108,674,0.28970471024513245,253.78853498399258,0
304289,108,675,0.2878473699092865,254.07638235390186,0
304290,108,676,0.29753029346466064,254.37391264736652,0
304291,108,677,0.289686918258667,254.6635995656252,0
304292,108,678,0.28286024928092957,254.94645981490612,0
304293,108,679,0.27840524911880493,255.22486506402493,0
304294,108,680,0.2742290794849396,255.49909414350986,0
304295,108,681,0.271069198846817,255.77016334235668,0
304296,108,682,0.2812161147594452,256.0513794571161,0
304297,108,683,0.2736722528934479,256.3250517100096,0
304298,108,684,0.2673744261264801,256.59242613613605,0
304299,108,685,0.26195579767227173,256.8543819338083,0
304300,108,686,0.2696966528892517,257.1240785866976,0
304301,108,687,0.26469993591308594,257.38877852261066,0
304302,108,688,0.2560065984725952,257.64478512108326,0
304303,108,689,0.2650596499443054,257.90984477102757,0
304304,108,690,0.2613653838634491,258.171210154891,0
304305,108,691,0.252662718296051,258.42387287318707,0
304306,108,692,0.2488228976726532,258.6726957708597,0
304307,108,693,0.2456127107143402,258.91830848157406,0
304308,108,694,0.24319377541542053,259.1615022569895,0
304309,108,695,0.25404706597328186,259.41554932296276,0
304310,108,696,0.24624885618686676,259.6617981791496,0
304311,108,697,0.2420508712530136,259.90384905040264,0
304312,108,698,0.2370920330286026,260.14094108343124,0
304313,108,699,0.24656622111797333,260.3875073045492,0
304314,108,700,0.23915548622608185,260.6266627907753,0
304315,108,701,0.23967088758945465,260.86633367836475,0
304316,108,702,0.23460017144680023,261.10093384981155,0
304317,108,703,0.2291174829006195,261.3300513327122,0
304318,108,704,0.23745296895503998,261.5675043016672,0
304319,108,705,0.23252443969249725,261.8000287413597,0
304320,108,706,0.23241665959358215,262.0324454009533,0
304321,108,707,0.22978131473064423,262.26222671568394,0
304322,108,708,0.2230568826198578,262.4852835983038,0
304323,108,709,0.23057322204113007,262.7158568203449,0
304324,108,710,0.2287856638431549,262.9446424841881,0
304325,108,711,0.22244659066200256,263.1670890748501,0
304326,108,712,0.21684005856513977,263.3839291334152,0
304327,108,713,0.2255946695804596,263.6095238029957,0
304328,108,714,0.2218155413866043,263.8313393443823,0
304329,108,715,0.22467993199825287,264.05601927638054,0
304330,108,716,0.22212116420269012,264.27814044058323,0
304331,108,717,0.2223902940750122,264.50053073465824,0
304332,108,718,0.222016379237175,264.7225471138954,0
304333,108,719,0.21944351494312286,264.94199062883854,0
304334,108,720,0.21612372994422913,265.15811435878277,0
304335,108,721,0.21300466358661652,265.3711190223694,0
304336,108,722,0.21041785180568695,265.5815368741751,0
304337,108,723,0.21009907126426697,265.79163594543934,0
304338,108,724,0.21002855896949768,266.00166450440884,0
304339,108,725,0.20968061685562134,266.21134512126446,0
304340,108,726,0.20916664600372314,266.4205117672682,0
304341,108,727,0.20840705931186676,266.62891882658005,0
304342,108,728,0.2075371891260147,266.83645601570606,0
304343,108,729,0.20656198263168335,267.04301799833775,0
304344,108,730,0.20549462735652924,267.2485126256943,0
304345,108,731,0.21586309373378754,267.46437571942806,0
304346,108,732,0.20716455578804016,267.6715402752161,0
304347,108,733,0.2011656016111374,267.87270587682724,0
304348,108,734,0.1964428871870041,268.06914876401424,0
304349,108,735,0.19301649928092957,268.2621652632952,0
304350,108,736,0.20241610705852509,268.4645813703537,0
304351,108,737,0.19670279324054718,268.66128416359425,0
304352,108,738,0.19086255133152008,268.85214671492577,0
304353,108,739,0.18611235916614532,269.0382590740919,0
304354,108,740,0.18440815806388855,269.2226672321558,0
304355,108,741,0.19465196132659912,269.4173191934824,0
304356,108,742,0.18862609565258026,269.605945289135,0
304357,108,743,0.19113574922084808,269.7970810383558,0
304358,108,744,0.18979482352733612,269.98687586188316,0
304359,108,745,0.19149938225746155,270.1783752441406,0
304360,108,746,0.18573245406150818,270.36410769820213,0
304361,108,747,0.19161801040172577,270.55572570860386,0
304362,108,748,0.18868817389011383,270.744413882494,0
304363,108,749,0.18244849145412445,270.9268623739481,0
304364,108,750,0.1778540015220642,271.10471637547016,0
304365,108,751,0.1742909997701645,271.2790073752403,0
304366,108,752,0.1855309158563614,271.4645382910967,0
304367,108,753,0.17926113307476044,271.64379942417145,0
304368,108,754,0.1738191395998001,271.81761856377125,0
304369,108,755,0.17993073165416718,271.9975492954254,0
304370,108,756,0.17538447678089142,272.1729337722063,0
304371,108,757,0.17107179760932922,272.34400556981564,0
304372,108,758,0.16913922131061554,272.51314479112625,0
304373,108,759,0.1659022569656372,272.6790470480919,0
304374,108,760,0.1641068309545517,272.84315387904644,0
304375,108,761,0.16334004700183868,273.0064939260483,0
304376,108,762,0.16284631192684174,273.1693402379751,0
304377,108,763,0.1625102311372757,273.3318504691124,0
304378,108,764,0.17389507591724396,273.50574554502964,0
304379,108,765,0.1673978716135025,273.67314341664314,0
304380,108,766,0.16883739829063416,273.8419808149338,0
304381,108,767,0.1684820055961609,274.01046282052994,0
304382,108,768,0.16661423444747925,274.1770770549774,0
304383,108,769,0.15818242728710175,274.3352594822645,0
304384,108,770,0.1690479964017868,274.5043074786663,0
304385,108,771,0.16491734981536865,274.6692248284817,0
304386,108,772,0.1573389321565628,274.82656376063824,0
304387,108,773,0.16663484275341034,274.99319860339165,0
304388,108,774,0.16144633293151855,275.15464493632317,0
304389,108,775,0.1652921885251999,275.31993712484837,0
304390,108,776,0.16190539300441742,275.4818425178528,0
304391,108,777,0.1637963503599167,275.6456388682127,0
304392,108,778,0.1593170166015625,275.80495588481426,0
304393,108,779,0.1637829691171646,275.9687388539314,0
304394,108,780,0.16337110102176666,276.1321099549532,0
304395,108,781,0.15749667584896088,276.28960663080215,0
304396,108,782,0.152370423078537,276.4419770538807,0
304397,108,783,0.14973129332065582,276.59170834720135,0
304398,108,784,0.14834751188755035,276.7400558590889,0
304399,108,785,0.14850281178951263,276.8885586708784,0
304400,108,786,0.14839394390583038,277.03695261478424,0
304401,108,787,0.14856913685798645,277.1855217516422,0
304402,108,788,0.14862585067749023,277.3341476023197,0
304403,108,789,0.1485496163368225,277.48269721865654,0
304404,108,790,0.14839377999305725,277.6310909986496,0
304405,108,791,0.15970227122306824,277.79079326987267,0
304406,108,792,0.15308375656604767,277.9438770264387,0
304407,108,793,0.14841920137405396,278.09229622781277,0
304408,108,794,0.15584541857242584,278.2481416463852,0
304409,108,795,0.14804646372795105,278.39618811011314,0
304410,108,796,0.15143482387065887,278.5476229339838,0
304411,108,797,0.14737462997436523,278.69499756395817,0
304412,108,798,0.14094018936157227,278.83593775331974,0
304413,108,799,0.14852215349674225,278.9844599068165,0
304414,108,800,0.14697490632534027,279.1314348131418,0
304415,108,801,0.14210104942321777,279.27353586256504,0
304416,108,802,0.14898934960365295,279.4225252121687,0
304417,108,803,0.14786647260189056,279.5703916847706,0
304418,108,804,0.14260543882846832,279.71299712359905,0
304419,108,805,0.15061499178409576,279.86361211538315,0
304420,108,806,0.14817868173122406,280.0117907971144,0
304421,108,807,0.15139693021774292,280.1631877273321,0
304422,108,808,0.14331719279289246,280.306504920125,0
304423,108,809,0.1384178251028061,280.4449227452278,0
304424,108,810,0.1349269598722458,280.57984970510006,0
304425,108,811,0.14918968081474304,280.7290393859148,0
304426,108,812,0.14404214918613434,280.87308153510094,0
304427,108,813,0.1479933261871338,281.02107486128807,0
304428,108,814,0.14061668515205383,281.1616915464401,0
304429,108,815,0.14562545716762543,281.30731700360775,0
304430,108,816,0.14508303999900818,281.45240004360676,0
304431,108,817,0.13873715698719025,281.59113720059395,0
304432,108,818,0.13377545773983002,281.7249126583338,0
304433,108,819,0.13109827041625977,281.85601092875004,0
304434,108,820,0.1428968906402588,281.9989078193903,0
304435,108,821,0.13929440081119537,282.1382022202015,0
304436,108,822,0.1434224247932434,282.28162464499474,0
304437,108,823,0.14431998133659363,282.42594462633133,0
304438,108,824,0.13904494047164917,282.564989566803,0
304439,108,825,0.13675044476985931,282.70174001157284,0
304440,108,826,0.13479162752628326,282.8365316390991,0
304441,108,827,0.13266335427761078,282.96919499337673,0
304442,108,828,0.14440400898456573,283.1135990023613,0
304443,108,829,0.1379091590642929,283.2515081614256,0
304444,108,830,0.1345236897468567,283.38603185117245,0
304445,108,831,0.1305813491344452,283.5166132003069,0
304446,108,832,0.14131879806518555,283.6579319983721,0
304447,108,833,0.13758458197116852,283.79551658034325,0
304448,108,834,0.13798537850379944,283.93350195884705,0
304449,108,835,0.13631278276443481,284.0698147416115,0
304450,108,836,0.13105033338069916,284.2008650749922,0
304451,108,837,0.12598566710948944,284.32685074210167,0
304452,108,838,0.1231456845998764,284.44999642670155,0
304453,108,839,0.12167688459157944,284.5716733112931,0
304454,108,840,0.12156030535697937,284.6932336166501,0
304455,108,841,0.12112623453140259,284.8143598511815,0
304456,108,842,0.12091105431318283,284.9352709054947,0
304457,108,843,0.12074877321720123,285.0560196787119,0
304458,108,844,0.13223353028297424,285.18825320899487,0
304459,108,845,0.1247195452451706,285.31297275424004,0
304460,108,846,0.11962202191352844,285.43259477615356,0
304461,108,847,0.12717792391777039,285.55977270007133,0
304462,108,848,0.12502425909042358,285.68479695916176,0
304463,108,849,0.12147042900323868,285.806267388165,0
304464,108,850,0.11679335683584213,285.92306074500084,0
304465,108,851,0.12693706154823303,286.0499978065491,0
304466,108,852,0.12207230925559998,286.1720701158047,0
304467,108,853,0.12348049879074097,286.2955506145954,0
304468,108,854,0.12199608236551285,286.4175466969609,0
304469,108,855,0.11685477942228317,286.5344014763832,0
304470,108,856,0.11438292264938354,286.6487843990326,0
304471,108,857,0.1125451847910881,286.7613295838237,0
304472,108,858,0.12498343735933304,286.886313021183,0
304473,108,859,0.1195126622915268,287.00582568347454,0
304474,108,860,0.11463140696287155,287.1204570904374,0
304475,108,861,0.12228810787200928,287.2427451983094,0
304476,108,862,0.11975158751010895,287.36249678581953,0
304477,108,863,0.1226952001452446,287.4851919859648,0
304478,108,864,0.12273044884204865,287.6079224348068,0
304479,108,865,0.11767277866601944,287.72559521347284,0
304480,108,866,0.11238542199134827,287.8379806354642,0
304481,108,867,0.10907423496246338,287.94705487042665,0
304482,108,868,0.1077532023191452,288.0548080727458,0
304483,108,869,0.10755806416273117,288.16236613690853,0
304484,108,870,0.10791226476430893,288.27027840167284,0
304485,108,871,0.10848773270845413,288.3787661343813,0
304486,108,872,0.1207781434059143,288.4995442777872,0
304487,108,873,0.11347712576389313,288.6130214035511,0
304488,108,874,0.10866726189851761,288.7216886654496,0
304489,108,875,0.10533026605844498,288.82701893150806,0
304490,108,876,0.10511865466833115,288.9321375861764,0
304491,108,877,0.11715042591094971,289.04928801208735,0
304492,108,878,0.11317833513021469,289.16246634721756,0
304493,108,879,0.1084781289100647,289.2709444761276,0
304494,108,880,0.11756861209869385,289.3885130882263,0
304495,108,881,0.11353572458028793,289.5020488128066,0
304496,108,882,0.10870861262083054,289.61075742542744,0
304497,108,883,0.10462623089551926,289.71538365632296,0
304498,108,884,0.10436459630727768,289.81974825263023,0
304499,108,885,0.10351527482271194,289.92326352745295,0
304500,108,886,0.10361345112323761,290.0268769785762,0
304501,108,887,0.10412250459194183,290.1309994831681,0
304502,108,888,0.11681082099676132,290.2478103041649,0
304503,108,889,0.11365708708763123,290.3614673912525,0
304504,108,890,0.11414439231157303,290.4756117835641,0
304505,108,891,0.11016185581684113,290.58577363938093,0
304506,108,892,0.11483735591173172,290.70061099529266,0
304507,108,893,0.11508079618215561,290.8156917914748,0
304508,108,894,0.10994204133749008,290.9256338328123,0
304509,108,895,0.10771192610263824,291.03334575891495,0
304510,108,896,0.10498093068599701,291.13832668960094,0
304511,108,897,0.11833719164133072,291.2566638812423,0
304512,108,898,0.11283186823129654,291.3694957494736,0
304513,108,899,0.11006674915552139,291.4795624986291,0
304514,108,900,0.11967725306749344,291.5992397516966,0
304515,108,901,0.11782052367925644,291.71706027537584,0
304516,108,902,0.11853275448083878,291.8355930298567,0
304517,108,903,0.11065401136875153,291.94624704122543,0
304518,108,904,0.11790968477725983,292.0641567260027,0
304519,108,905,0.11597711592912674,292.1801338419318,0
304520,108,906,0.10906323045492172,292.28919707238674,0
304521,108,907,0.11745502799749374,292.40665210038424,0
304522,108,908,0.11238505691289902,292.51903715729713,0
304523,108,909,0.105784572660923,292.62482172995806,0
304524,108,910,0.10058920085430145,292.72541093081236,0
304525,108,911,0.11693555861711502,292.8423464894295,0
304526,108,912,0.11425136774778366,292.95659785717726,0
304527,108,913,0.11662445217370987,293.07322230935097,0
304528,108,914,0.1124066412448883,293.18562895059586,0
304529,108,915,0.11806941032409668,293.30369836091995,0
304530,108,916,0.11273973435163498,293.4164380952716,0
304531,108,917,0.10518538951873779,293.5216234847903,0
304532,108,918,0.10014408826828003,293.6217675730586,0
304533,108,919,0.09791040420532227,293.7196779772639,0
304534,108,920,0.09729325771331787,293.81697123497725,0
304535,108,921,0.0973401814699173,293.91431141644716,0
304536,108,922,0.0975678414106369,294.0118792578578,0
304537,108,923,0.09777568280696869,294.10965494066477,0
304538,108,924,0.09789421409368515,294.20754915475845,0
304539,108,925,0.09792532026767731,294.30547447502613,0
304540,108,926,0.10959828644990921,294.41507276147604,0
304541,108,927,0.10169830173254013,294.5167710632086,0
304542,108,928,0.10374259203672409,294.6205136552453,0
304543,108,929,0.10293798893690109,294.7234516441822,0
304544,108,930,0.09796611219644547,294.82141775637865,0
304545,108,931,0.09276764839887619,294.9141854047775,0
304546,108,932,0.08911162614822388,295.00329703092575,0
304547,108,933,0.08715905249118805,295.09045608341694,0
304548,108,934,0.08747740834951401,295.17793349176645,0
304549,108,935,0.08724439889192581,295.2651778906584,0
304550,108,936,0.08740774542093277,295.3525856360793,0
304551,108,937,0.0877523198723793,295.4403379559517,0
304552,108,938,0.08793091028928757,295.528268866241,0
304553,108,939,0.09975022077560425,295.6280190870166,0
304554,108,940,0.09721671044826508,295.72523579746485,0
304555,108,941,0.08474437147378922,295.80998016893864,0
304556,108,942,0.0798531174659729,295.8898332864046,0
304557,108,943,0.07780148088932037,295.96763476729393,0
304558,108,944,0.09417062252759933,296.06180538982153,0
304559,108,945,0.0924932211637497,296.1542986109853,0
304560,108,946,0.08274158835411072,296.2370401993394,0
304561,108,947,0.09194339066743851,296.3289835900068,0
304562,108,948,0.08845717459917068,296.417440764606,0
304563,108,949,0.09078572690486908,296.50822649151087,0
304564,108,950,0.08595193922519684,296.59417843073606,0
304565,108,951,0.09408855438232422,296.6882669851184,0
304566,108,952,0.08990775048732758,296.7781747356057,0
304567,108,953,0.08345353603363037,296.86162827163935,0
304568,108,954,0.09294590353965759,296.954574175179,0
304569,108,955,0.08995483815670013,297.0445290133357,0
304570,108,956,0.09221410751342773,297.13674312084913,0
304571,108,957,0.09102918207645416,297.2277723029256,0
304572,108,958,0.08596175163984299,297.31373405456543,0
304573,108,959,0.0810282900929451,297.3947623446584,0
304574,108,960,0.0802341103553772,297.47499645501375,0
304575,108,961,0.0792904943227768,297.55428694933653,0
304576,108,962,0.08048136532306671,297.6347683146596,0
304577,108,963,0.08117549121379852,297.7159438058734,0
304578,108,964,0.08206005394458771,297.798003859818,0
304579,108,965,0.09476977586746216,297.89277363568544,0
304580,108,966,0.09312042593955994,297.985894061625,0
304581,108,967,0.08156493306159973,298.0674589946866,0
304582,108,968,0.09134833514690399,298.1588073298335,0
304583,108,969,0.08994780480861664,298.2487551346421,0
304584,108,970,0.0846962183713913,298.3334513530135,0
304585,108,971,0.07963501662015915,298.4130863696337,0
304586,108,972,0.09161804616451263,298.5047044157982,0
304587,108,973,0.08713807910680771,298.591842494905,0
304588,108,974,0.08263514935970306,298.6744776442647,0
304589,108,975,0.07939260452985764,298.75387024879456,0
304590,108,976,0.0923570990562439,298.8462273478508,0
304591,108,977,0.08917362987995148,298.93540097773075,0
304592,108,978,0.08616995811462402,299.0215709358454,0
304593,108,979,0.08464288711547852,299.10621382296085,0
304594,108,980,0.08292338252067566,299.18913720548153,0
304595,108,981,0.08251778781414032,299.27165499329567,0
304596,108,982,0.08289919793605804,299.3545541912317,0
304597,108,983,0.08366510272026062,299.438219293952,0
304598,108,984,0.08457905054092407,299.5227983444929,0
304599,108,985,0.08551643043756485,299.6083147749305,0
304600,108,986,0.08638971298933029,299.6947044879198,0
304601,108,987,0.08724617958068848,299.7819506675005,0
304602,108,988,0.08795752376317978,299.8699081912637,0
304603,108,989,0.08870188891887665,299.95861008018255,0
304604,108,990,0.08939588814973831,300.0480059683323,0
304605,108,991,0.08994966000318527,300.1379556283355,0
304606,108,992,0.09040047973394394,300.2283561080694,0
304607,108,993,0.09098473191261292,300.31934083998203,0
304608,108,994,0.09153484553098679,300.410875685513,0
304609,108,995,0.09205206483602524,300.50292775034904,0
304610,108,996,0.10427077859640121,300.60719852894545,0
304611,108,997,0.09664297103881836,300.70384149998426,0
304612,108,998,0.09175385534763336,300.7955953553319,0
304613,108,999,0.08877640217542648,300.8843717575073,0
304614,108,1000,0.08678993582725525,300.9711616933346,0
304615,108,1001,0.09801143407821655,301.0691731274128,0
304616,108,1002,0.09368006885051727,301.1628531962633,0
304617,108,1003,0.08287603408098221,301.2457292303443,0
304618,108,1004,0.07840907573699951,301.3241383060813,0
304619,108,1005,0.09584537893533707,301.41998368501663,0
304620,108,1006,0.09018851816654205,301.5101722031832,0
304621,108,1007,0.09517202526330948,301.6053442284465,0
304622,108,1008,0.08861754834651947,301.693961776793,0
304623,108,1009,0.08300594240427017,301.7769677191973,0
304624,108,1010,0.09411442279815674,301.87108214199543,0
304625,108,1011,0.09046487510204315,301.9615470170975,0
304626,108,1012,0.09552138298749924,302.057068400085,0
304627,108,1013,0.09667479246854782,302.1537431925535,0
304628,108,1014,0.09142062813043594,302.24516382068396,0
304629,108,1015,0.0870445966720581,302.332208417356,0
304630,108,1016,0.09734353423118591,302.4295519515872,0
304631,108,1017,0.09279697388410568,302.5223489254713,0
304632,108,1018,0.08977697044610977,302.6121258959174,0
304633,108,1019,0.08564411848783493,302.69777001440525,0
304634,108,1020,0.08527462929487228,302.7830446437001,0
304635,108,1021,0.0850960984826088,302.86814074218273,0
304636,108,1022,0.08576353639364243,302.9539042785764,0
304637,108,1023,0.08574602007865906,303.03965029865503,0
304638,108,1024,0.09778940677642822,303.13743970543146,0
304639,108,1025,0.09108080714941025,303.2285205125809,0
304640,108,1026,0.09505724906921387,303.3235777616501,0
304641,108,1027,0.09248340129852295,303.4160611629486,0
304642,108,1028,0.08981360495090485,303.5058747678995,0
304643,108,1029,0.08468247205018997,303.5905572399497,0
304644,108,1030,0.09601374715566635,303.68657098710537,0
304645,108,1031,0.09408341348171234,303.7806544005871,0
304646,108,1032,0.08885268867015839,303.86950708925724,0
304647,108,1033,0.0962674617767334,303.965774551034,0
304648,108,1034,0.09616737067699432,304.06194192171097,0
304649,108,1035,0.09323076158761978,304.1551726832986,0
304650,108,1036,0.09137991815805435,304.24655260145664,0
304651,108,1037,0.08910390734672546,304.33565650880337,0
304652,108,1038,0.08747514337301254,304.4231316521764,0
304653,108,1039,0.09928407520055771,304.52241572737694,0
304654,108,1040,0.09277911484241486,304.61519484221935,0
304655,108,1041,0.09013457596302032,304.7053294181824,0
304656,108,1042,0.08655872195959091,304.79188814014196,0
304657,108,1043,0.0839235782623291,304.8758117184043,0
304658,108,1044,0.08244418352842331,304.9582559019327,0
304659,108,1045,0.08175092190504074,305.04000682383776,0
304660,108,1046,0.09348754584789276,305.13349436968565,0
304661,108,1047,0.0878819078207016,305.22137627750635,0
304662,108,1048,0.08272819221019745,305.30410446971655,0
304663,108,1049,0.0891435295343399,305.3932479992509,0
304664,108,1050,0.08243265748023987,305.47568065673113,0
304665,108,1051,0.08667165040969849,305.5623523071408,0
304666,108,1052,0.08578063547611237,305.64813294261694,0
304667,108,1053,0.09147026389837265,305.7396032065153,0
304668,108,1054,0.08605913817882538,305.82566234469414,0
304669,108,1055,0.09231002628803253,305.91797237098217,0
304670,108,1056,0.08787152916193008,306.0058439001441,0
304671,108,1057,0.08071517199277878,306.0865590721369,0
304672,108,1058,0.09120773524045944,306.17776680737734,0
304673,108,1059,0.09000488370656967,306.2677716910839,0
304674,108,1060,0.09269823879003525,306.36046992987394,0
304675,108,1061,0.09155454486608505,306.45202447474,0
304676,108,1062,0.08920927345752716,306.54123374819756,0
304677,108,1063,0.0968024954199791,306.63803624361753,0
304678,108,1064,0.09347538650035858,306.7315116301179,0
304679,108,1065,0.08918527513742447,306.8206969052553,0
304680,108,1066,0.10106319189071655,306.92176009714603,0
304681,108,1067,0.09576781839132309,307.01752791553736,0
304682,108,1068,0.10012556612491608,307.1176534816623,0
304683,108,1069,0.09380674362182617,307.2114602252841,0
304684,108,1070,0.08831875771284103,307.29977898299694,0
304685,108,1071,0.0837283581495285,307.38350734114647,0
304686,108,1072,0.08450210839509964,307.46800944954157,0
304687,108,1073,0.0852685496211052,307.5532779991627,0
304688,108,1074,0.08581909537315369,307.6390970945358,0
304689,108,1075,0.0865442231297493,307.7256413176656,0
304690,108,1076,0.08726175874471664,307.8129030764103,0
304691,108,1077,0.08792237192392349,307.9008254483342,0
304692,108,1078,0.10029792040586472,308.0011233687401,0
304693,108,1079,0.09391073882579803,308.0950341075659,0
304694,108,1080,0.09607606381177902,308.19111017137766,0
304695,108,1081,0.09314531087875366,308.2842554822564,0
304696,108,1082,0.08845631778240204,308.3727118000388,0
304697,108,1083,0.09542904049158096,308.4681408405304,0
304698,108,1084,0.09449505060911179,308.5626358911395,0
304699,108,1085,0.09494134038686752,308.6575772315264,0
304700,108,1086,0.08771414309740067,308.7452913746238,0
304701,108,1087,0.09628203511238098,308.84157340973616,0
304702,108,1088,0.0929812639951706,308.9345546737313,0
304703,108,1089,0.09649436175823212,309.03104903548956,0
304704,108,1090,0.09683142602443695,309.127880461514,0
304705,108,1091,0.10080699622631073,309.2286874577403,0
304706,108,1092,0.094716377556324,309.32340383529663,0
304707,108,1093,0.08976761996746063,309.4131714552641,0
304708,108,1094,0.08622688800096512,309.49939834326506,0
304709,108,1095,0.10041973739862442,309.5998180806637,0
304710,108,1096,0.09898624569177628,309.69880432635546,0
304711,108,1097,0.09093499183654785,309.789739318192,0
304712,108,1098,0.10123897343873978,309.89097829163074,0
304713,108,1099,0.09856760501861572,309.98954589664936,0
304714,108,1100,0.09144897758960724,310.08099487423897,0
304715,108,1101,0.08673415333032608,310.1677290275693,0
304716,108,1102,0.09976210445165634,310.26749113202095,0
304717,108,1103,0.09572742134332657,310.3632185533643,0
304718,108,1104,0.09091940522193909,310.4541379585862,0
304719,108,1105,0.08919693529605865,310.5433348938823,0
304720,108,1106,0.08718419820070267,310.630519092083,0
304721,108,1107,0.08735975623130798,310.7178788483143,0
304722,108,1108,0.08736696094274521,310.80524580925703,0
304723,108,1109,0.08787507563829422,310.8931208848953,0
304724,108,1110,0.10055938363075256,310.9936802685261,0
304725,108,1111,0.09680459648370743,311.0904848650098,0
304726,108,1112,0.08477959036827087,311.17526445537806,0
304727,108,1113,0.09497621655464172,311.2702406719327,0
304728,108,1114,0.0902184322476387,311.36045910418034,0
304729,108,1115,0.09767501056194305,311.4581341147423,0
304730,108,1116,0.09226278960704803,311.5503969043493,0
304731,108,1117,0.09715914726257324,311.6475560516119,0
304732,108,1118,0.09628213196992874,311.74383818358183,0
304733,108,1119,0.09042118489742279,311.83425936847925,0
304734,108,1120,0.08670200407505035,311.9209613725543,0
304735,108,1121,0.08387842029333115,312.00483979284763,0
304736,108,1122,0.08285617083311081,312.08769596368074,0
304737,108,1123,0.09558340162038803,312.18327936530113,0
304738,108,1124,0.08921939879655838,312.2724987640977,0
304739,108,1125,0.08600403368473053,312.3585027977824,0
304740,108,1126,0.0824054628610611,312.4409082606435,0
304741,108,1127,0.09329898655414581,312.5342072471976,0
304742,108,1128,0.0882921889424324,312.62249943614006,0
304743,108,1129,0.08119555562734604,312.7036949917674,0
304744,108,1130,0.09262318164110184,312.7963181734085,0
304745,108,1131,0.09016823768615723,312.88648641109467,0
304746,108,1132,0.09308632463216782,312.97957273572683,0
304747,108,1133,0.09077053517103195,313.07034327089787,0
304748,108,1134,0.10000626742839813,313.17034953832626,0
304749,108,1135,0.09827878326177597,313.26862832158804,0
304750,108,1136,0.10073544830083847,313.3693637698889,0
304751,108,1137,0.09887300431728363,313.46823677420616,0
304752,108,1138,0.10203176736831665,313.5702685415745,0
304753,108,1139,0.09535947442054749,313.665628015995,0
304754,108,1140,0.10206654667854309,313.76769456267357,0
304755,108,1141,0.09831971675157547,313.86601427942514,0
304756,108,1142,0.09361067414283752,313.959624953568,0
304757,108,1143,0.0881592258810997,314.0477841794491,0
304758,108,1144,0.08560214936733246,314.1333863288164,0
304759,108,1145,0.08477825671434402,314.21816458553076,0
304760,108,1146,0.08474763482809067,314.30291222035885,0
304761,108,1147,0.08497598022222519,314.3878882005811,0
304762,108,1148,0.09732847660779953,314.4852166771889,0
304763,108,1149,0.0898989737033844,314.57511565089226,0
304764,108,1150,0.09396523237228394,314.66908088326454,0
304765,108,1151,0.09172306954860687,314.76080395281315,0
304766,108,1152,-10.0,304.76080395281315,1
304767,109,1,0.13348767161369324,0.13348767161369324,0
304768,109,2,0.12968198955059052,0.26316966116428375,0
304769,109,3,0.13295036554336548,0.39612002670764923,0
304770,109,4,0.12947742640972137,0.5255974531173706,0
304771,109,5,0.12320014834403992,0.6487976014614105,0
304772,109,6,0.1208333820104599,0.7696309834718704,0
304773,109,7,0.1191050261259079,0.8887360095977783,0
304774,109,8,0.12017184495925903,1.0089078545570374,0
304775,109,9,0.1211010217666626,1.1300088763237,0
304776,109,10,0.12158221006393433,1.2515910863876343,0
304777,109,11,0.12217017263174057,1.3737612590193748,0
304778,109,12,0.12267127633094788,1.4964325353503227,0
304779,109,13,0.13328707218170166,1.6297196075320244,0
304780,109,14,0.12808643281459808,1.7578060403466225,0
304781,109,15,0.12510286271572113,1.8829089030623436,0
304782,109,16,0.13220813870429993,2.0151170417666435,0
304783,109,17,0.12547865509986877,2.1405956968665123,0
304784,109,18,0.1299743950366974,2.2705700919032097,0
304785,109,19,0.1299120932817459,2.4004821851849556,0
304786,109,20,0.12682224810123444,2.52730443328619,0
304787,109,21,0.1337512731552124,2.6610557064414024,0
304788,109,22,0.13223588466644287,2.7932915911078453,0
304789,109,23,0.13276690244674683,2.926058493554592,0
304790,109,24,0.13417372107505798,3.06023221462965,0
304791,109,25,0.12839946150779724,3.1886316761374474,0
304792,109,26,0.12962357699871063,3.318255253136158,0
304793,109,27,0.1322326362133026,3.4504878893494606,0
304794,109,28,0.13171783089637756,3.582205720245838,0
304795,109,29,0.12821078300476074,3.710416503250599,0
304796,109,30,0.12996156513690948,3.8403780683875084,0
304797,109,31,0.13417783379554749,3.974555902183056,0
304798,109,32,0.1300252377986908,4.104581139981747,0
304799,109,33,0.12751318514347076,4.232094325125217,0
304800,109,34,0.12739796936511993,4.359492294490337,0
304801,109,35,0.13056635856628418,4.4900586530566216,0
304802,109,36,0.13462384045124054,4.624682493507862,0
304803,109,37,0.13451865315437317,4.759201146662235,0
304804,109,38,0.1342780739068985,4.893479220569134,0
304805,109,39,0.13324685394763947,5.026726074516773,0
304806,109,40,0.13418327271938324,5.1609093472361565,0
304807,109,41,0.12833203375339508,5.2892413809895515,0
304808,109,42,0.12493744492530823,5.41417882591486,0
304809,109,43,0.13286711275577545,5.547045938670635,0
304810,109,44,0.13471005856990814,5.681755997240543,0
304811,109,45,0.1266823261976242,5.808438323438168,0
304812,109,46,0.12067016959190369,5.929108493030071,0
304813,109,47,0.11908052861690521,6.0481890216469765,0
304814,109,48,0.1335550844669342,6.181744106113911,0
304815,109,49,0.12904444336891174,6.310788549482822,0
304816,109,50,0.12633351981639862,6.437122069299221,0
304817,109,51,0.1358136236667633,6.572935692965984,0
304818,109,52,0.13043789565563202,6.703373588621616,0
304819,109,53,0.13387826085090637,6.837251849472523,0
304820,109,54,0.12972284853458405,6.966974698007107,0
304821,109,55,0.13582007586956024,7.102794773876667,0
304822,109,56,0.13499103486537933,7.237785808742046,0
304823,109,57,0.13596485555171967,7.373750664293766,0
304824,109,58,0.12957875430583954,7.503329418599606,0
304825,109,59,0.13571573793888092,7.6390451565384865,0
304826,109,60,0.13593870401382446,7.774983860552311,0
304827,109,61,0.13528184592723846,7.910265706479549,0
304828,109,62,0.13229523599147797,8.042560942471027,0
304829,109,63,0.13560186326503754,8.178162805736065,0
304830,109,64,0.133596733212471,8.311759538948536,0
304831,109,65,0.12690208852291107,8.438661627471447,0
304832,109,66,0.12223854660987854,8.560900174081326,0
304833,109,67,0.12013417482376099,8.681034348905087,0
304834,109,68,0.1320129930973053,8.813047342002392,0
304835,109,69,0.12950153648853302,8.942548878490925,0
304836,109,70,0.1320415735244751,9.0745904520154,0
304837,109,71,0.13087286055088043,9.20546331256628,0
304838,109,72,0.12598668038845062,9.331449992954731,0
304839,109,73,0.13517159223556519,9.466621585190296,0
304840,109,74,0.13243795931339264,9.599059544503689,0
304841,109,75,0.1296384036540985,9.728697948157787,0
304842,109,76,0.1271977722644806,9.855895720422268,0
304843,109,77,0.1371680498123169,9.993063770234585,0
304844,109,78,0.13607245683670044,10.129136227071285,0
304845,109,79,0.13803640007972717,10.267172627151012,0
304846,109,80,0.13779795169830322,10.404970578849316,0
304847,109,81,0.13274987041950226,10.537720449268818,0
304848,109,82,0.1273796111345291,10.665100060403347,0
304849,109,83,0.1374712735414505,10.802571333944798,0
304850,109,84,0.1354396790266037,10.938011012971401,0
304851,109,85,0.13767696917057037,11.075687982141972,0
304852,109,86,0.13371942937374115,11.209407411515713,0
304853,109,87,0.13854661583900452,11.347954027354717,0
304854,109,88,0.13699457049369812,11.484948597848415,0
304855,109,89,0.1369481235742569,11.621896721422672,0
304856,109,90,0.13705486059188843,11.75895158201456,0
304857,109,91,0.13589513301849365,11.894846715033054,0
304858,109,92,0.13676442205905914,12.031611137092113,0
304859,109,93,0.13333489000797272,12.164946027100086,0
304860,109,94,0.13059493899345398,12.29554096609354,0
304861,109,95,0.12763115763664246,12.423172123730183,0
304862,109,96,0.1262204945087433,12.549392618238926,0
304863,109,97,0.12602363526821136,12.675416253507137,0
304864,109,98,0.12712320685386658,12.802539460361004,0
304865,109,99,0.12765417993068695,12.93019364029169,0
304866,109,100,0.12823402881622314,13.058427669107914,0
304867,109,101,0.12880274653434753,13.187230415642262,0
304868,109,102,0.1293446123600006,13.316575028002262,0
304869,109,103,0.12986330687999725,13.44643833488226,0
304870,109,104,0.14130669832229614,13.587745033204556,0
304871,109,105,0.13925005495548248,13.726995088160038,0
304872,109,106,0.14085766673088074,13.867852754890919,0
304873,109,107,0.13745592534542084,14.00530868023634,0
304874,109,108,0.1326795220375061,14.137988202273846,0
304875,109,109,0.12910611927509308,14.267094321548939,0
304876,109,110,0.1282331794500351,14.395327500998974,0
304877,109,111,0.12925834953784943,14.524585850536823,0
304878,109,112,0.13049761950969696,14.65508347004652,0
304879,109,113,0.1315135806798935,14.786597050726414,0
304880,109,114,0.13227428495883942,14.918871335685253,0
304881,109,115,0.13309696316719055,15.051968298852444,0
304882,109,116,0.14433015882968903,15.196298457682133,0
304883,109,117,0.13950929045677185,15.335807748138905,0
304884,109,118,0.13518288731575012,15.470990635454655,0
304885,109,119,0.1434396505355835,15.614430285990238,0
304886,109,120,0.14092771708965302,15.755358003079891,0
304887,109,121,0.1414819061756134,15.896839909255505,0
304888,109,122,0.13426236808300018,16.031102277338505,0
304889,109,123,0.14189229905605316,16.172994576394558,0
304890,109,124,0.14028790593147278,16.31328248232603,0
304891,109,125,0.14462856948375702,16.457911051809788,0
304892,109,126,0.1395999640226364,16.597511015832424,0
304893,109,127,0.1468455195426941,16.74435653537512,0
304894,109,128,0.14384977519512177,16.88820631057024,0
304895,109,129,0.13857755064964294,17.026783861219883,0
304896,109,130,0.14720085263252258,17.173984713852406,0
304897,109,131,0.14628015458583832,17.320264868438244,0
304898,109,132,0.13896188139915466,17.4592267498374,0
304899,109,133,0.13475947082042694,17.593986220657825,0
304900,109,134,0.13376028835773468,17.72774650901556,0
304901,109,135,0.1341225653886795,17.86186907440424,0
304902,109,136,0.13540351390838623,17.997272588312626,0
304903,109,137,0.1365058422088623,18.133778430521488,0
304904,109,138,0.1375475525856018,18.27132598310709,0
304905,109,139,0.13855046033859253,18.409876443445683,0
304906,109,140,0.1505693793296814,18.560445822775364,0
304907,109,141,0.14387042820453644,18.7043162509799,0
304908,109,142,0.14136190712451935,18.84567815810442,0
304909,109,143,0.13910427689552307,18.984782434999943,0
304910,109,144,0.1379164606332779,19.12269889563322,0
304911,109,145,0.13816961646080017,19.26086851209402,0
304912,109,146,0.13900353014469147,19.399872042238712,0
304913,109,147,0.13954390585422516,19.539415948092937,0
304914,109,148,0.1403079330921173,19.679723881185055,0
304915,109,149,0.14123773574829102,19.820961616933346,0
304916,109,150,0.14214107394218445,19.96310269087553,0
304917,109,151,0.1541515588760376,20.117254249751568,0
304918,109,152,0.14758789539337158,20.26484214514494,0
304919,109,153,0.14346005022525787,20.408302195370197,0
304920,109,154,0.15183709561824799,20.560139290988445,0
304921,109,155,0.149819016456604,20.70995830744505,0
304922,109,156,0.15216855704784393,20.862126864492893,0
304923,109,157,0.15315330028533936,21.015280164778233,0
304924,109,158,0.15447676181793213,21.169756926596165,0
304925,109,159,0.14986200630664825,21.319618932902813,0
304926,109,160,0.1584695279598236,21.478088460862637,0
304927,109,161,0.15834307670593262,21.63643153756857,0
304928,109,162,0.1518314629793167,21.788263000547886,0
304929,109,163,0.1472627818584442,21.93552578240633,0
304930,109,164,0.1475299745798111,22.08305575698614,0
304931,109,165,0.14766833186149597,22.230724088847637,0
304932,109,166,0.1485222429037094,22.379246331751347,0
304933,109,167,0.14966170489788055,22.528908036649227,0
304934,109,168,0.15085916221141815,22.679767198860645,0
304935,109,169,0.15203134715557098,22.831798546016216,0
304936,109,170,0.1642896682024002,22.996088214218616,0
304937,109,171,0.15867461264133453,23.15476282685995,0
304938,109,172,0.15461000800132751,23.30937283486128,0
304939,109,173,0.15348215401172638,23.462854988873005,0
304940,109,174,0.15204502642154694,23.614900015294552,0
304941,109,175,0.15170139074325562,23.766601406037807,0
304942,109,176,0.1521029770374298,23.918704383075237,0
304943,109,177,0.15294590592384338,24.07165028899908,0
304944,109,178,0.15402793884277344,24.225678227841854,0
304945,109,179,0.15523284673690796,24.380911074578762,0
304946,109,180,0.1676989048719406,24.548609979450703,0
304947,109,181,0.16152003407478333,24.710130013525486,0
304948,109,182,0.16432078182697296,24.87445079535246,0
304949,109,183,0.1636890470981598,25.03813984245062,0
304950,109,184,0.16139456629753113,25.19953440874815,0
304951,109,185,0.15949925780296326,25.359033666551113,0
304952,109,186,0.16902582347393036,25.528059490025043,0
304953,109,187,0.1679827868938446,25.696042276918888,0
304954,109,188,0.16415828466415405,25.860200561583042,0
304955,109,189,0.16122643649578094,26.021426998078823,0
304956,109,190,0.1722942441701889,26.193721242249012,0
304957,109,191,0.16860434412956238,26.362325586378574,0
304958,109,192,0.17124450206756592,26.53357008844614,0
304959,109,193,0.1707865595817566,26.704356648027897,0
304960,109,194,0.16798728704452515,26.872343935072422,0
304961,109,195,0.16413818299770355,27.036482118070126,0
304962,109,196,0.17665773630142212,27.213139854371548,0
304963,109,197,0.17607513070106506,27.389214985072613,0
304964,109,198,0.17331862449645996,27.562533609569073,0
304965,109,199,0.18299426138401031,27.745527870953083,0
304966,109,200,0.18305960297584534,27.92858747392893,0
304967,109,201,0.17915144562721252,28.10773891955614,0
304968,109,202,0.17592571675777435,28.283664636313915,0
304969,109,203,0.18773595988750458,28.47140059620142,0
304970,109,204,0.18508663773536682,28.656487233936787,0
304971,109,205,0.190219447016716,28.846706680953503,0
304972,109,206,0.1917698234319687,29.03847650438547,0
304973,109,207,0.18785211443901062,29.226328618824482,0
304974,109,208,0.18385028839111328,29.410178907215595,0
304975,109,209,0.18275098502635956,29.592929892241955,0
304976,109,210,0.18249720335006714,29.775427095592022,0
304977,109,211,0.19655445218086243,29.971981547772884,0
304978,109,212,0.19538767635822296,30.167369224131107,0
304979,109,213,0.19650566577911377,30.36387488991022,0
304980,109,214,0.19516968727111816,30.55904457718134,0
304981,109,215,0.1984211504459381,30.757465727627277,0
304982,109,216,0.19701474905014038,30.954480476677418,0
304983,109,217,0.19522978365421295,31.14971026033163,0
304984,109,218,0.20442472398281097,31.35413498431444,0
304985,109,219,0.20098865032196045,31.555123634636402,0
304986,109,220,0.20761500298976898,31.76273863762617,0
304987,109,221,0.20237165689468384,31.965110294520855,0
304988,109,222,0.2080298662185669,32.17314016073942,0
304989,109,223,0.20650775730609894,32.37964791804552,0
304990,109,224,0.2099553495645523,32.58960326761007,0
304991,109,225,0.21021348237991333,32.799816749989986,0
304992,109,226,0.206866055727005,33.00668280571699,0
304993,109,227,0.20453248918056488,33.211215294897556,0
304994,109,228,0.20383059978485107,33.41504589468241,0
304995,109,229,0.2160082459449768,33.631054140627384,0
304996,109,230,0.21162761747837067,33.842681758105755,0
304997,109,231,0.20806770026683807,34.05074945837259,0
304998,109,232,0.21548764407634735,34.26623710244894,0
304999,109,233,0.21411742269992828,34.48035452514887,0
305000,109,234,0.21133475005626678,34.691689275205135,0
305001,109,235,0.21859902143478394,34.91028829663992,0
305002,109,236,0.2186971753835678,35.12898547202349,0
305003,109,237,0.220706507563591,35.34969197958708,0
305004,109,238,0.2216363251209259,35.571328304708004,0
305005,109,239,0.2205929011106491,35.79192120581865,0
305006,109,240,0.2168758362531662,36.00879704207182,0
305007,109,241,0.21408100426197052,36.22287804633379,0
305008,109,242,0.22778835892677307,36.45066640526056,0
305009,109,243,0.2244190275669098,36.67508543282747,0
305010,109,244,0.22760629653930664,36.90269172936678,0
305011,109,245,0.22482392191886902,37.12751565128565,0
305012,109,246,0.21982964873313904,37.34734530001879,0
305013,109,247,0.21689598262310028,37.56424128264189,0
305014,109,248,0.23022548854351044,37.7944667711854,0
305015,109,249,0.22607074677944183,38.02053751796484,0
305016,109,250,0.22200463712215424,38.242542155086994,0
305017,109,251,0.21883732080459595,38.46137947589159,0
305018,109,252,0.22896642982959747,38.69034590572119,0
305019,109,253,0.2261587530374527,38.91650465875864,0
305020,109,254,0.23292972147464752,39.14943438023329,0
305021,109,255,0.2332521229982376,39.382686503231525,0
305022,109,256,0.23917023837566376,39.62185674160719,0
305023,109,257,0.23921848833560944,39.8610752299428,0
305024,109,258,0.23635324835777283,40.09742847830057,0
305025,109,259,0.23288628458976746,40.33031476289034,0
305026,109,260,0.24077172577381134,40.57108648866415,0
305027,109,261,0.24202188849449158,40.81310837715864,0
305028,109,262,0.24057883024215698,41.0536872074008,0
305029,109,263,0.23800183832645416,41.29168904572725,0
305030,109,264,0.24338942766189575,41.53507847338915,0
305031,109,265,0.24405315518379211,41.77913162857294,0
305032,109,266,0.23985502123832703,42.01898664981127,0
305033,109,267,0.24736034870147705,42.266346998512745,0
305034,109,268,0.24309194087982178,42.50943893939257,0
305035,109,269,0.23525722324848175,42.74469616264105,0
305036,109,270,0.2476714700460434,42.99236763268709,0
305037,109,271,0.24538233876228333,43.237749971449375,0
305038,109,272,0.2506186068058014,43.48836857825518,0
305039,109,273,0.24648521840572357,43.7348537966609,0
305040,109,274,0.2523520886898041,43.987205885350704,0
305041,109,275,0.2542671859264374,44.24147307127714,0
305042,109,276,0.2555701434612274,44.49704321473837,0
305043,109,277,0.25651901960372925,44.7535622343421,0
305044,109,278,0.25315383076667786,45.006716065108776,0
305045,109,279,0.24920615553855896,45.255922220647335,0
305046,109,280,0.24704910814762115,45.502971328794956,0
305047,109,281,0.24774111807346344,45.75071244686842,0
305048,109,282,0.24839594960212708,45.99910839647055,0
305049,109,283,0.2496609091758728,46.24876930564642,0
305050,109,284,0.25143370032310486,46.500203005969524,0
305051,109,285,0.26402217149734497,46.76422517746687,0
305052,109,286,0.258504182100296,47.022729359567165,0
305053,109,287,0.25697773694992065,47.279707096517086,0
305054,109,288,0.25464534759521484,47.5343524441123,0
305055,109,289,0.2650284767150879,47.79938092082739,0
305056,109,290,0.2628757655620575,48.062256686389446,0
305057,109,291,0.2667282223701477,48.328984908759594,0
305058,109,292,0.2645031213760376,48.59348803013563,0
305059,109,293,0.2599601149559021,48.853448145091534,0
305060,109,294,0.2589656114578247,49.11241375654936,0
305061,109,295,0.26021718978881836,49.37263094633818,0
305062,109,296,0.2620179057121277,49.634648852050304,0
305063,109,297,0.2636009156703949,49.8982497677207,0
305064,109,298,0.27732712030410767,50.17557688802481,0
305065,109,299,0.27373477816581726,50.449311666190624,0
305066,109,300,0.2776273488998413,50.726939015090466,0
305067,109,301,0.2761755585670471,51.00311457365751,0
305068,109,302,0.2727881968021393,51.27590277045965,0
305069,109,303,0.27915239334106445,51.555055163800716,0
305070,109,304,0.27491259574890137,51.82996775954962,0
305071,109,305,0.26939091086387634,52.099358670413494,0
305072,109,306,0.28247424960136414,52.38183292001486,0
305073,109,307,0.28253668546676636,52.664369605481625,0
305074,109,308,0.2760252356529236,52.94039484113455,0
305075,109,309,0.27216556668281555,53.212560407817364,0
305076,109,310,0.2718636095523834,53.48442401736975,0
305077,109,311,0.27310100197792053,53.75752501934767,0
305078,109,312,0.27539098262786865,54.032916001975536,0
305079,109,313,0.27809450030326843,54.311010502278805,0
305080,109,314,0.280943900346756,54.59195440262556,0
305081,109,315,0.28384408354759216,54.87579848617315,0
305082,109,316,0.29798221588134766,55.1737807020545,0
305083,109,317,0.29357245564460754,55.46735315769911,0
305084,109,318,0.29824188351631165,55.76559504121542,0
305085,109,319,0.29773345589637756,56.0633284971118,0
305086,109,320,0.2989805042743683,56.362309001386166,0
305087,109,321,0.3014271855354309,56.6637361869216,0
305088,109,322,0.30548301339149475,56.96921920031309,0
305089,109,323,0.3085784912109375,57.27779769152403,0
305090,109,324,0.305145263671875,57.582942955195904,0
305091,109,325,0.3041106164455414,57.887053571641445,0
305092,109,326,0.3028501868247986,58.189903758466244,0
305093,109,327,0.3175141513347626,58.507417909801006,0
305094,109,328,0.3188265264034271,58.82624443620443,0
305095,109,329,0.32171979546546936,59.1479642316699,0
305096,109,330,0.3216633200645447,59.46962755173445,0
305097,109,331,0.3298455476760864,59.799473099410534,0
305098,109,332,0.33064186573028564,60.13011496514082,0
305099,109,333,0.3293910622596741,60.459506027400494,0
305100,109,334,0.32904893159866333,60.78855495899916,0
305101,109,335,0.32861578464508057,61.11717074364424,0
305102,109,336,0.33011138439178467,61.44728212803602,0
305103,109,337,0.3326065242290497,61.77988865226507,0
305104,109,338,0.33989647030830383,62.119785122573376,0
305105,109,339,0.3420514762401581,62.461836598813534,0
305106,109,340,0.34104835987091064,62.802884958684444,0
305107,109,341,0.33935606479644775,63.14224102348089,0
305108,109,342,0.33910825848579407,63.481349281966686,0
305109,109,343,0.34005963802337646,63.82140891999006,0
305110,109,344,0.3541097640991211,64.17551868408918,0
305111,109,345,0.35256072878837585,64.52807941287756,0
305112,109,346,0.3450744152069092,64.87315382808447,0
305113,109,347,0.3603636920452118,65.23351752012968,0
305114,109,348,0.36133360862731934,65.594851128757,0
305115,109,349,0.35744187235832214,65.95229300111532,0
305116,109,350,0.35420310497283936,66.30649610608816,0
305117,109,351,0.35335639119148254,66.65985249727964,0
305118,109,352,0.36778759956359863,67.02764009684324,0
305119,109,353,0.3643856644630432,67.39202576130629,0
305120,109,354,0.3620070815086365,67.75403284281492,0
305121,109,355,0.37101098895072937,68.12504383176565,0
305122,109,356,0.36680614948272705,68.49184998124838,0
305123,109,357,0.37297239899635315,68.86482238024473,0
305124,109,358,0.3712259829044342,69.23604836314917,0
305125,109,359,0.36855772137641907,69.60460608452559,0
305126,109,360,0.3687553107738495,69.97336139529943,0
305127,109,361,0.38372886180877686,70.35709025710821,0
305128,109,362,0.38093051314353943,70.73802077025175,0
305129,109,363,0.3780196011066437,71.1160403713584,0
305130,109,364,0.3780258595943451,71.49406623095274,0
305131,109,365,0.3797779083251953,71.87384413927794,0
305132,109,366,0.3807688355445862,72.25461297482252,0
305133,109,367,0.3829151690006256,72.63752814382315,0
305134,109,368,0.3857652246952057,73.02329336851835,0
305135,109,369,0.3884286880493164,73.41172205656767,0
305136,109,370,0.3913173973560333,73.8030394539237,0
305137,109,371,0.3943819999694824,74.19742145389318,0
305138,109,372,0.4090867340564728,74.60650818794966,0
305139,109,373,0.405014306306839,75.0115224942565,0
305140,109,374,0.40294623374938965,75.41446872800589,0
305141,109,375,0.4023243486881256,75.81679307669401,0
305142,109,376,0.40319952368736267,76.21999260038137,0
305143,109,377,0.4172990620136261,76.637291662395,0
305144,109,378,0.41474372148513794,77.05203538388014,0
305145,109,379,0.4140300750732422,77.46606545895338,0
305146,109,380,0.41606149077415466,77.88212694972754,0
305147,109,381,0.4306795597076416,78.31280650943518,0
305148,109,382,0.42896515130996704,78.74177166074514,0
305149,109,383,0.4273219406604767,79.16909360140562,0
305150,109,384,0.426754355430603,79.59584795683622,0
305151,109,385,0.42931950092315674,80.02516745775938,0
305152,109,386,0.43198657035827637,80.45715402811766,0
305153,109,387,0.44824057817459106,80.90539460629225,0
305154,109,388,0.44854792952537537,81.35394253581762,0
305155,109,389,0.44454169273376465,81.79848422855139,0
305156,109,390,0.44423988461494446,82.24272411316633,0
305157,109,391,0.4632633924484253,82.70598750561476,0
305158,109,392,0.4656345248222351,83.17162203043699,0
305159,109,393,0.4693163335323334,83.64093836396933,0
305160,109,394,0.4736934304237366,84.11463179439306,0
305161,109,395,0.47819972038269043,84.59283151477575,0
305162,109,396,0.4818718433380127,85.07470335811377,0
305163,109,397,0.48170801997184753,85.55641137808561,0
305164,109,398,0.4811791479587555,86.03759052604437,0
305165,109,399,0.4824293255805969,86.52001985162497,0
305166,109,400,0.4860992133617401,87.0061190649867,0
305167,109,401,0.5043739676475525,87.51049303263426,0
305168,109,402,0.5040872693061829,88.01458030194044,0
305169,109,403,0.5038822889328003,88.51846259087324,0
305170,109,404,0.505587637424469,89.02405022829771,0
305171,109,405,0.5216630101203918,89.5457132384181,0
305172,109,406,0.5207043290138245,90.06641756743193,0
305173,109,407,0.5216138958930969,90.58803146332502,0
305174,109,408,0.535346269607544,91.12337773293257,0
305175,109,409,0.5343227386474609,91.65770047158003,0
305176,109,410,0.5423916578292847,92.20009212940931,0
305177,109,411,0.5424755811691284,92.74256771057844,0
305178,109,412,0.5503479838371277,93.29291569441557,0
305179,109,413,0.5547839403152466,93.84769963473082,0
305180,109,414,0.5628641247749329,94.41056375950575,0
305181,109,415,0.5612846612930298,94.97184842079878,0
305182,109,416,0.5724450349807739,95.54429345577955,0
305183,109,417,0.571957528591156,96.11625098437071,0
305184,109,418,0.5687404274940491,96.68499141186476,0
305185,109,419,0.5691766738891602,97.25416808575392,0
305186,109,420,0.5738080143928528,97.82797610014677,0
305187,109,421,0.5915855765342712,98.41956167668104,0
305188,109,422,0.589893102645874,99.00945477932692,0
305189,109,423,0.5894081592559814,99.5988629385829,0
305190,109,424,0.590411901473999,100.1892748400569,0
305191,109,425,0.5931426882743835,100.78241752833128,0
305192,109,426,0.5976657867431641,101.38008331507444,0
305193,109,427,0.6145281195640564,101.9946114346385,0
305194,109,428,0.6126552224159241,102.60726665705442,0
305195,109,429,0.6135912537574768,103.2208579108119,0
305196,109,430,0.6149073839187622,103.83576529473066,0
305197,109,431,0.6179000735282898,104.45366536825895,0
305198,109,432,0.6223214268684387,105.07598679512739,0
305199,109,433,0.6281424760818481,105.70412927120924,0
305200,109,434,0.6340782642364502,106.33820753544569,0
305201,109,435,0.651898980140686,106.99010651558638,0
305202,109,436,0.6516181826591492,107.64172469824553,0
305203,109,437,0.6518095135688782,108.2935342118144,0
305204,109,438,0.6547514796257019,108.9482856914401,0
305205,109,439,0.658308207988739,109.60659389942884,0
305206,109,440,0.6632382869720459,110.26983218640089,0
305207,109,441,0.66872239112854,110.93855457752943,0
305208,109,442,0.6749815344810486,111.61353611201048,0
305209,109,443,0.6931494474411011,112.30668555945158,0
305210,109,444,0.6919862627983093,112.99867182224989,0
305211,109,445,0.6930745244026184,113.69174634665251,0
305212,109,446,0.6961226463317871,114.3878689929843,0
305213,109,447,0.7003515362739563,115.08822052925825,0
305214,109,448,0.7062058448791504,115.7944263741374,0
305215,109,449,0.7251556515693665,116.51958202570677,0
305216,109,450,0.728600025177002,117.24818205088377,0
305217,109,451,0.7387843728065491,117.98696642369032,0
305218,109,452,0.7410101890563965,118.72797661274672,0
305219,109,453,0.7417801022529602,119.46975671499968,0
305220,109,454,0.7583723664283752,120.22812908142805,0
305221,109,455,0.7608639001846313,120.98899298161268,0
305222,109,456,0.7651762962341309,121.75416927784681,0
305223,109,457,0.7697945833206177,122.52396386116743,0
305224,109,458,0.7869914770126343,123.31095533818007,0
305225,109,459,0.7909449934959412,124.101900331676,0
305226,109,460,0.7990896105766296,124.90098994225264,0
305227,109,461,0.803413987159729,125.70440392941236,0
305228,109,462,0.8039552569389343,126.5083591863513,0
305229,109,463,0.8049607872962952,127.3133199736476,0
305230,109,464,0.8076408505439758,128.12096082419157,0
305231,109,465,0.8141740560531616,128.93513488024473,0
305232,109,466,0.8203444480895996,129.75547932833433,0
305233,109,467,0.827788233757019,130.58326756209135,0
305234,109,468,0.8353662490844727,131.41863381117582,0
305235,109,469,0.8547647595405579,132.27339857071638,0
305236,109,470,0.8545750975608826,133.12797366827726,0
305237,109,471,0.8665834069252014,133.99455707520247,0
305238,109,472,0.8705544471740723,134.86511152237654,0
305239,109,473,0.8722038865089417,135.73731540888548,0
305240,109,474,0.8738685250282288,136.6111839339137,0
305241,109,475,0.8921322822570801,137.5033162161708,0
305242,109,476,0.8967652916908264,138.40008150786161,0
305243,109,477,0.8996023535728455,139.29968386143446,0
305244,109,478,0.9134838581085205,140.21316771954298,0
305245,109,479,0.9149478077888489,141.12811552733183,0
305246,109,480,0.9258381724357605,142.0539536997676,0
305247,109,481,0.9328646659851074,142.9868183657527,0
305248,109,482,0.9363729357719421,143.92319130152464,0
305249,109,483,0.9523568153381348,144.87554811686277,0
305250,109,484,0.9576514363288879,145.83319955319166,0
305251,109,485,0.9673188328742981,146.80051838606596,0
305252,109,486,0.9734512567520142,147.77396964281797,0
305253,109,487,0.9824477434158325,148.7564173862338,0
305254,109,488,0.9820831418037415,149.73850052803755,0
305255,109,489,0.9836762547492981,150.72217678278685,0
305256,109,490,1.0017359256744385,151.72391270846128,0
305257,109,491,1.005315899848938,152.72922860831022,0
305258,109,492,1.0063178539276123,153.73554646223783,0
305259,109,493,1.0262030363082886,154.76174949854612,0
305260,109,494,1.029422640800476,155.7911721393466,0
305261,109,495,1.0281553268432617,156.81932746618986,0
305262,109,496,1.031726360321045,157.8510538265109,0
305263,109,497,1.0361101627349854,158.8871639892459,0
305264,109,498,1.0431973934173584,159.93036138266325,0
305265,109,499,1.0518345832824707,160.98219596594572,0
305266,109,500,1.073202133178711,162.05539809912443,0
305267,109,501,1.0747954845428467,163.13019358366728,0
305268,109,502,1.0730692148208618,164.20326279848814,0
305269,109,503,1.0622931718826294,165.26555597037077,0
305270,109,504,1.0505584478378296,166.3161144182086,0
305271,109,505,1.0386651754379272,167.35477959364653,0
305272,109,506,1.0411999225616455,168.39597951620817,0
305273,109,507,1.0280113220214844,169.42399083822966,0
305274,109,508,1.0099104642868042,170.43390130251646,0
305275,109,509,1.0165246725082397,171.4504259750247,0
305276,109,510,1.0085585117340088,172.4589844867587,0
305277,109,511,0.9946520924568176,173.45363657921553,0
305278,109,512,0.9967139363288879,174.45035051554441,0
305279,109,513,0.9881364107131958,175.4384869262576,0
305280,109,514,0.9785766005516052,176.41706352680922,0
305281,109,515,0.9676203727722168,177.38468389958143,0
305282,109,516,0.9732457995414734,178.3579296991229,0
305283,109,517,0.9603001475334167,179.31822984665632,0
305284,109,518,0.9572608470916748,180.275490693748,0
305285,109,519,0.9473767876625061,181.2228674814105,0
305286,109,520,0.9383665919303894,182.1612340733409,0
305287,109,521,0.9308786392211914,183.09211271256208,0
305288,109,522,0.9235560894012451,184.01566880196333,0
305289,109,523,0.9164540767669678,184.9321228787303,0
305290,109,524,0.9098057746887207,185.84192865341902,0
305291,109,525,0.9029877185821533,186.74491637200117,0
305292,109,526,0.8963682055473328,187.6412845775485,0
305293,109,527,0.8895238041877747,188.53080838173628,0
305294,109,528,0.8940886855125427,189.42489706724882,0
305295,109,529,0.8809584379196167,190.30585550516844,0
305296,109,530,0.8752081394195557,191.181063644588,0
305297,109,531,0.8593229651451111,192.0403866097331,0
305298,109,532,0.859264612197876,192.89965122193098,0
305299,109,533,0.8502888083457947,193.74994003027678,0
305300,109,534,0.838047444820404,194.58798747509718,0
305301,109,535,0.842079222202301,195.43006669729948,0
305302,109,536,0.8327146768569946,196.26278137415648,0
305303,109,537,0.821858286857605,197.08463966101408,0
305304,109,538,0.822389543056488,197.90702920407057,0
305305,109,539,0.8155317306518555,198.72256093472242,0
305306,109,540,0.8050453662872314,199.52760630100965,0
305307,109,541,0.7951206564903259,200.32272695749998,0
305308,109,542,0.7866685390472412,201.10939549654722,0
305309,109,543,0.7808542847633362,201.89024978131056,0
305310,109,544,0.7743877172470093,202.66463749855757,0
305311,109,545,0.7803819179534912,203.44501941651106,0
305312,109,546,0.7701844573020935,204.21520387381315,0
305313,109,547,0.7660793662071228,204.98128324002028,0
305314,109,548,0.7576540112495422,205.73893725126982,0
305315,109,549,0.74619460105896,206.48513185232878,0
305316,109,550,0.7529234886169434,207.23805534094572,0
305317,109,551,0.7424445748329163,207.98049991577864,0
305318,109,552,0.7411652207374573,208.7216651365161,0
305319,109,553,0.7304957509040833,209.45216088742018,0
305320,109,554,0.7187603116035461,210.17092119902372,0
305321,109,555,0.7096853256225586,210.88060652464628,0
305322,109,556,0.7053265571594238,211.5859330818057,0
305323,109,557,0.7015174627304077,212.2874505445361,0
305324,109,558,0.6965087652206421,212.98395930975676,0
305325,109,559,0.6916589140892029,213.67561822384596,0
305326,109,560,0.6869056224822998,214.36252384632826,0
305327,109,561,0.6818082332611084,215.04433207958937,0
305328,109,562,0.6763743758201599,215.72070645540953,0
305329,109,563,0.6706953644752502,216.39140181988478,0
305330,109,564,0.6767516136169434,217.06815343350172,0
305331,109,565,0.6649892926216125,217.73314272612333,0
305332,109,566,0.6606188416481018,218.39376156777143,0
305333,109,567,0.6463106870651245,219.04007225483656,0
305334,109,568,0.6478651165962219,219.68793737143278,0
305335,109,569,0.6432321071624756,220.33116947859526,0
305336,109,570,0.6423386931419373,220.9735081717372,0
305337,109,571,0.6366788148880005,221.6101869866252,0
305338,109,572,0.6269443035125732,222.23713129013777,0
305339,109,573,0.628741443157196,222.86587273329496,0
305340,109,574,0.6214531064033508,223.48732583969831,0
305341,109,575,0.6118428111076355,224.09916865080595,0
305342,109,576,0.6141149997711182,224.71328365057707,0
305343,109,577,0.6071934700012207,225.3204771205783,0
305344,109,578,0.5987783074378967,225.91925542801619,0
305345,109,579,0.6011722683906555,226.52042769640684,0
305346,109,580,0.592277467250824,227.11270516365767,0
305347,109,581,0.5937021374702454,227.7064073011279,0
305348,109,582,0.5886127352714539,228.29502003639936,0
305349,109,583,0.5785514116287231,228.8735714480281,0
305350,109,584,0.5700168013572693,229.44358824938536,0
305351,109,585,0.563620924949646,230.007209174335,0
305352,109,586,0.5594218969345093,230.5666310712695,0
305353,109,587,0.5682086944580078,231.13483976572752,0
305354,109,588,0.5577905178070068,231.69263028353453,0
305355,109,589,0.5490496158599854,232.2416798993945,0
305356,109,590,0.5419732332229614,232.78365313261747,0
305357,109,591,0.5493025779724121,233.33295571058989,0
305358,109,592,0.5429373979568481,233.87589310854673,0
305359,109,593,0.5398404002189636,234.4157335087657,0
305360,109,594,0.5351250171661377,234.95085852593184,0
305361,109,595,0.5270878076553345,235.47794633358717,0
305362,109,596,0.5186485648155212,235.9965948984027,0
305363,109,597,0.5118129253387451,236.50840782374144,0
305364,109,598,0.5080841779708862,237.01649200171232,0
305365,109,599,0.5039578080177307,237.52044980973005,0
305366,109,600,0.501015841960907,238.02146565169096,0
305367,109,601,0.4978126287460327,238.519278280437,0
305368,109,602,0.4942944347858429,239.01357271522284,0
305369,109,603,0.4906212389469147,239.50419395416975,0
305370,109,604,0.48677802085876465,239.99097197502851,0
305371,109,605,0.48277097940444946,240.47374295443296,0
305372,109,606,0.4787120223045349,240.9524549767375,0
305373,109,607,0.48643356561660767,241.4388885423541,0
305374,109,608,0.47849369049072266,241.91738223284483,0
305375,109,609,0.47330623865127563,242.3906884714961,0
305376,109,610,0.4657391905784607,242.85642766207457,0
305377,109,611,0.46787363290786743,243.32430129498243,0
305378,109,612,0.4663936197757721,243.7906949147582,0
305379,109,613,0.4578506648540497,244.24854557961226,0
305380,109,614,0.44950127601623535,244.6980468556285,0
305381,109,615,0.4559691250324249,245.15401598066092,0
305382,109,616,0.4508584439754486,245.60487442463636,0
305383,109,617,0.4427967667579651,246.04767119139433,0
305384,109,618,0.44872456789016724,246.4963957592845,0
305385,109,619,0.4423627555370331,246.93875851482153,0
305386,109,620,0.4337247312068939,247.37248324602842,0
305387,109,621,0.4424527883529663,247.8149360343814,0
305388,109,622,0.4370710253715515,248.25200705975294,0
305389,109,623,0.4268694818019867,248.67887654155493,0
305390,109,624,0.4212590157985687,249.1001355573535,0
305391,109,625,0.41588038206100464,249.5160159394145,0
305392,109,626,0.4124376177787781,249.92845355719328,0
305393,109,627,0.4097895622253418,250.33824311941862,0
305394,109,628,0.40732142329216003,250.74556454271078,0
305395,109,629,0.4171370565891266,251.1627015992999,0
305396,109,630,0.4077020585536957,251.5704036578536,0
305397,109,631,0.40929895639419556,251.9797026142478,0
305398,109,632,0.4066534638404846,252.38635607808828,0
305399,109,633,0.40095776319503784,252.78731384128332,0
305400,109,634,0.40407678484916687,253.1913906261325,0
305401,109,635,0.39449307322502136,253.5858836993575,0
305402,109,636,0.3835211992263794,253.9694048985839,0
305403,109,637,0.39331793785095215,254.36272283643484,0
305404,109,638,0.38856053352355957,254.7512833699584,0
305405,109,639,0.38700956106185913,255.13829293102026,0
305406,109,640,0.3805588483810425,255.5188517794013,0
305407,109,641,0.3749164342880249,255.89376821368933,0
305408,109,642,0.3869161009788513,256.2806843146682,0
305409,109,643,0.3811168968677521,256.66180121153593,0
305410,109,644,0.3706696331501007,257.03247084468603,0
305411,109,645,0.3781473636627197,257.41061820834875,0
305412,109,646,0.3724607229232788,257.78307893127203,0
305413,109,647,0.3755745589733124,258.15865349024534,0
305414,109,648,0.37468308210372925,258.53333657234907,0
305415,109,649,0.3692723512649536,258.902608923614,0
305416,109,650,0.3653014898300171,259.26791041344404,0
305417,109,651,0.3600302040576935,259.62794061750174,0
305418,109,652,0.35673585534095764,259.9846764728427,0
305419,109,653,0.35412290692329407,260.338799379766,0
305420,109,654,0.3623453974723816,260.70114477723837,0
305421,109,655,0.3559515178203583,261.0570962950587,0
305422,109,656,0.3488796651363373,261.40597596019506,0
305423,109,657,0.34302791953086853,261.74900387972593,0
305424,109,658,0.33905500173568726,262.0880588814616,0
305425,109,659,0.33548951148986816,262.4235483929515,0
305426,109,660,0.3325331509113312,262.7560815438628,0
305427,109,661,0.3298666179180145,263.08594816178083,0
305428,109,662,0.3392657935619354,263.42521395534277,0
305429,109,663,0.3304797112941742,263.75569366663694,0
305430,109,664,0.3319043815135956,264.08759804815054,0
305431,109,665,0.3226008713245392,264.4101989194751,0
305432,109,666,0.3272317349910736,264.73743065446615,0
305433,109,667,0.3211837708950043,265.05861442536116,0
305434,109,668,0.32329314947128296,265.38190757483244,0
305435,109,669,0.3194805383682251,265.70138811320066,0
305436,109,670,0.31407874822616577,266.01546686142683,0
305437,109,671,0.3212182819843292,266.33668514341116,0
305438,109,672,0.31643998622894287,266.6531251296401,0
305439,109,673,0.31002819538116455,266.96315332502127,0
305440,109,674,0.31496259570121765,267.2781159207225,0
305441,109,675,0.3082142174243927,267.5863301381469,0
305442,109,676,0.31188511848449707,267.8982152566314,0
305443,109,677,0.3083862364292145,268.2066014930606,0
305444,109,678,0.3098773956298828,268.5164788886905,0
305445,109,679,0.3027648627758026,268.8192437514663,0
305446,109,680,0.29427701234817505,269.11352076381445,0
305447,109,681,0.3023037910461426,269.4158245548606,0
305448,109,682,0.29838594794273376,269.7142105028033,0
305449,109,683,0.30134889483451843,270.01555939763784,0
305450,109,684,0.2983334958553314,270.3138928934932,0
305451,109,685,0.29948896169662476,270.6133818551898,0
305452,109,686,0.2937037944793701,270.90708564966917,0
305453,109,687,0.28550970554351807,271.1925953552127,0
305454,109,688,0.27954116463661194,271.4721365198493,0
305455,109,689,0.2758934795856476,271.74802999943495,0
305456,109,690,0.27358508110046387,272.0216150805354,0
305457,109,691,0.2720998227596283,272.29371490329504,0
305458,109,692,0.27051329612731934,272.56422819942236,0
305459,109,693,0.2691931128501892,272.83342131227255,0
305460,109,694,0.2677328884601593,273.1011542007327,0
305461,109,695,0.2660364806652069,273.3671906813979,0
305462,109,696,0.264239639043808,273.6314303204417,0
305463,109,697,0.26240044832229614,273.893830768764,0
305464,109,698,0.27238044142723083,274.16621121019125,0
305465,109,699,0.2641341984272003,274.43034540861845,0
305466,109,700,0.25726255774497986,274.68760796636343,0
305467,109,701,0.2518153190612793,274.9394232854247,0
305468,109,702,0.2604030668735504,275.19982635229826,0
305469,109,703,0.2542179226875305,275.4540442749858,0
305470,109,704,0.25508949160575867,275.70913376659155,0
305471,109,705,0.2497749775648117,275.95890874415636,0
305472,109,706,0.242853045463562,276.2017617896199,0
305473,109,707,0.23988157510757446,276.4416433647275,0
305474,109,708,0.23635786771774292,276.67800123244524,0
305475,109,709,0.2343415468931198,276.91234277933836,0
305476,109,710,0.23306556046009064,277.14540833979845,0
305477,109,711,0.24425680935382843,277.3896651491523,0
305478,109,712,0.24057908356189728,277.6302442327142,0
305479,109,713,0.2382795512676239,277.8685237839818,0
305480,109,714,0.23613505065441132,278.1046588346362,0
305481,109,715,0.23729458451271057,278.3419534191489,0
305482,109,716,0.231227308511734,278.57318072766066,0
305483,109,717,0.2239854633808136,278.79716619104147,0
305484,109,718,0.22098326683044434,279.0181494578719,0
305485,109,719,0.23213493824005127,279.25028439611197,0
305486,109,720,0.22731858491897583,279.47760298103094,0
305487,109,721,0.22742299735546112,279.7050259783864,0
305488,109,722,0.2223616987466812,279.9273876771331,0
305489,109,723,0.22842125594615936,280.15580893307924,0
305490,109,724,0.22642524540424347,280.3822341784835,0
305491,109,725,0.22926650941371918,280.6115006878972,0
305492,109,726,0.22815407812595367,280.83965476602316,0
305493,109,727,0.22416912019252777,281.0638238862157,0
305494,109,728,0.2178213894367218,281.2816452756524,0
305495,109,729,0.2137148529291153,281.4953601285815,0
305496,109,730,0.21265515685081482,281.70801528543234,0
305497,109,731,0.2252042293548584,281.9332195147872,0
305498,109,732,0.21822784841060638,282.1514473631978,0
305499,109,733,0.21266725659370422,282.3641146197915,0
305500,109,734,0.2101556360721588,282.57427025586367,0
305501,109,735,0.2092582732439041,282.78352852910757,0
305502,109,736,0.2076314091682434,282.9911599382758,0
305503,109,737,0.21934103965759277,283.2105009779334,0
305504,109,738,0.21179723739624023,283.42229821532965,0
305505,109,739,0.21584710478782654,283.6381453201175,0
305506,109,740,0.21253705024719238,283.85068237036467,0
305507,109,741,0.2130189836025238,284.0637013539672,0
305508,109,742,0.2127365916967392,284.27643794566393,0
305509,109,743,0.206950381398201,284.48338832706213,0
305510,109,744,0.20141032338142395,284.68479865044355,0
305511,109,745,0.19710059463977814,284.88189924508333,0
305512,109,746,0.19511017203330994,285.07700941711664,0
305513,109,747,0.1941322237253189,285.27114164084196,0
305514,109,748,0.1941457986831665,285.4652874395251,0
305515,109,749,0.19403153657913208,285.65931897610426,0
305516,109,750,0.19365382194519043,285.85297279804945,0
305517,109,751,0.20519928634166718,286.0581720843911,0
305518,109,752,0.19664591550827026,286.2548179998994,0
305519,109,753,0.19072847068309784,286.4455464705825,0
305520,109,754,0.18726418912410736,286.6328106597066,0
305521,109,755,0.18413624167442322,286.816946901381,0
305522,109,756,0.1953086107969284,287.01225551217794,0
305523,109,757,0.18882843852043152,287.2010839506984,0
305524,109,758,0.19131474196910858,287.3923986926675,0
305525,109,759,0.18844495713710785,287.5808436498046,0
305526,109,760,0.18459147214889526,287.7654351219535,0
305527,109,761,0.1786976307630539,287.94413275271654,0
305528,109,762,0.17450262606143951,288.118635378778,0
305529,109,763,0.17295372486114502,288.2915891036391,0
305530,109,764,0.18444769084453583,288.47603679448366,0
305531,109,765,0.1807454228401184,288.6567822173238,0
305532,109,766,0.17051610350608826,288.82729832082987,0
305533,109,767,0.16325810551643372,288.9905564263463,0
305534,109,768,0.16298073530197144,289.1535371616483,0
305535,109,769,0.17834751307964325,289.3318846747279,0
305536,109,770,0.1774412840604782,289.5093259587884,0
305537,109,771,0.1771026849746704,289.68642864376307,0
305538,109,772,0.17291192710399628,289.85934057086706,0
305539,109,773,0.17802169919013977,290.0373622700572,0
305540,109,774,0.17179842293262482,290.2091606929898,0
305541,109,775,0.17385941743850708,290.38302011042833,0
305542,109,776,0.17405204474925995,290.5570721551776,0
305543,109,777,0.17055116593837738,290.72762332111597,0
305544,109,778,0.17685022950172424,290.9044735506177,0
305545,109,779,0.17158985137939453,291.0760634019971,0
305546,109,780,0.1753445863723755,291.25140798836946,0
305547,109,781,0.17266499996185303,291.4240729883313,0
305548,109,782,0.17568226158618927,291.5997552499175,0
305549,109,783,0.1693378984928131,291.7690931484103,0
305550,109,784,0.16304028034210205,291.9321334287524,0
305551,109,785,0.1597466766834259,292.09188010543585,0
305552,109,786,0.17108996212482452,292.2629700675607,0
305553,109,787,0.16740259528160095,292.4303726628423,0
305554,109,788,0.1693301498889923,292.59970281273127,0
305555,109,789,0.1677568256855011,292.76745963841677,0
305556,109,790,0.16242805123329163,292.92988768965006,0
305557,109,791,0.1698642075061798,293.09975189715624,0
305558,109,792,0.1656397134065628,293.2653916105628,0
305559,109,793,0.16875524818897247,293.4341468587518,0
305560,109,794,0.16387736797332764,293.5980242267251,0
305561,109,795,0.1664409190416336,293.76446514576674,0
305562,109,796,0.16423504054546356,293.9287001863122,0
305563,109,797,0.15787161886692047,294.0865718051791,0
305564,109,798,0.16294851899147034,294.2495203241706,0
305565,109,799,0.15579451620578766,294.4053148403764,0
305566,109,800,0.16009536385536194,294.56541020423174,0
305567,109,801,0.15650717914104462,294.7219173833728,0
305568,109,802,0.15294121205806732,294.87485859543085,0
305569,109,803,0.14746317267417908,295.02232176810503,0
305570,109,804,0.14448757469654083,295.16680934280157,0
305571,109,805,0.14377036690711975,295.3105797097087,0
305572,109,806,0.1431807279586792,295.45376043766737,0
305573,109,807,0.1558903008699417,295.6096507385373,0
305574,109,808,0.1498345583677292,295.75948529690504,0
305575,109,809,0.14431703090667725,295.9038023278117,0
305576,109,810,0.15042662620544434,296.05422895401716,0
305577,109,811,0.14560173451900482,296.19983068853617,0
305578,109,812,0.14009761810302734,296.3399283066392,0
305579,109,813,0.14834295213222504,296.4882712587714,0
305580,109,814,0.14495189487934113,296.63322315365076,0
305581,109,815,0.13939787447452545,296.7726210281253,0
305582,109,816,0.13722728192806244,296.90984831005335,0
305583,109,817,0.14687329530715942,297.0567216053605,0
305584,109,818,0.14240990579128265,297.1991315111518,0
305585,109,819,0.1468224674463272,297.3459539785981,0
305586,109,820,0.14512790739536285,297.4910818859935,0
305587,109,821,0.13977429270744324,297.6308561787009,0
305588,109,822,0.1460041105747223,297.77686028927565,0
305589,109,823,0.1393345445394516,297.9161948338151,0
305590,109,824,0.1444794237613678,298.06067425757647,0
305591,109,825,0.14228565990924835,298.2029599174857,0
305592,109,826,0.13544832170009613,298.3384082391858,0
305593,109,827,0.1306595355272293,298.46906777471304,0
305594,109,828,0.12849973142147064,298.5975675061345,0
305595,109,829,0.14169836044311523,298.7392658665776,0
305596,109,830,0.13770323991775513,298.8769691064954,0
305597,109,831,0.12927979230880737,299.0062488988042,0
305598,109,832,0.13924050331115723,299.14548940211535,0
305599,109,833,0.1378566324710846,299.28334603458643,0
305600,109,834,0.14234915375709534,299.4256951883435,0
305601,109,835,0.14018766582012177,299.56588285416365,0
305602,109,836,0.13274237513542175,299.69862522929907,0
305603,109,837,0.1438705176115036,299.8424957469106,0
305604,109,838,0.13962741196155548,299.9821231588721,0
305605,109,839,0.1420542597770691,300.1241774186492,0
305606,109,840,0.13797545433044434,300.26215287297964,0
305607,109,841,0.14442946016788483,300.4065823331475,0
305608,109,842,0.141338050365448,300.547920383513,0
305609,109,843,0.13436900079250336,300.6822893843055,0
305610,109,844,0.12944820523262024,300.8117375895381,0
305611,109,845,0.12728877365589142,300.939026363194,0
305612,109,846,0.14050507545471191,301.0795314386487,0
305613,109,847,0.13533324003219604,301.2148646786809,0
305614,109,848,0.1306820660829544,301.34554674476385,0
305615,109,849,0.1271398514509201,301.47268659621477,0
305616,109,850,0.13934694230556488,301.61203353852034,0
305617,109,851,0.1343228965997696,301.7463564351201,0
305618,109,852,0.12929028272628784,301.8756467178464,0
305619,109,853,0.1259383261203766,302.00158504396677,0
305620,109,854,0.12378691136837006,302.12537195533514,0
305621,109,855,0.12274698168039322,302.24811893701553,0
305622,109,856,0.13615192472934723,302.3842708617449,0
305623,109,857,0.1294001042842865,302.51367096602917,0
305624,109,858,0.12518350780010223,302.63885447382927,0
305625,109,859,0.12151232361793518,302.7603667974472,0
305626,109,860,0.11928986012935638,302.87965665757656,0
305627,109,861,0.11890923231840134,302.99856588989496,0
305628,109,862,0.11939332634210587,303.11795921623707,0
305629,109,863,0.12003153562545776,303.2379907518625,0
305630,109,864,0.12051254510879517,303.3585032969713,0
305631,109,865,0.13300910592079163,303.4915124028921,0
305632,109,866,0.1290082484483719,303.6205206513405,0
305633,109,867,0.1298094093799591,303.75033006072044,0
305634,109,868,0.12679524719715118,303.8771253079176,0
305635,109,869,0.13123716413974762,304.00836247205734,0
305636,109,870,0.13062253594398499,304.1389850080013,0
305637,109,871,0.13343749940395355,304.2724225074053,0
305638,109,872,0.1290164291858673,304.40143893659115,0
305639,109,873,0.13680025935173035,304.5382391959429,0
305640,109,874,0.1354614496231079,304.673700645566,0
305641,109,875,0.13944566249847412,304.81314630806446,0
305642,109,876,0.1376177817583084,304.95076408982277,0
305643,109,877,0.1400614231824875,305.09082551300526,0
305644,109,878,0.14021435379981995,305.2310398668051,0
305645,109,879,0.13860037922859192,305.36964024603367,0
305646,109,880,0.1352871209383011,305.50492736697197,0
305647,109,881,0.1369396448135376,305.6418670117855,0
305648,109,882,0.1359146386384964,305.777781650424,0
305649,109,883,0.1376931220293045,305.9154747724533,0
305650,109,884,0.13671129941940308,306.0521860718727,0
305651,109,885,0.13717587292194366,306.18936194479465,0
305652,109,886,0.13624460995197296,306.3256065547466,0
305653,109,887,0.13502372801303864,306.46063028275967,0
305654,109,888,0.13392484188079834,306.59455512464046,0
305655,109,889,0.13360843062400818,306.7281635552645,0
305656,109,890,0.13709789514541626,306.8652614504099,0
305657,109,891,0.13646599650382996,307.0017274469137,0
305658,109,892,0.13591636717319489,307.1376438140869,0
305659,109,893,0.13284052908420563,307.2704843431711,0
305660,109,894,0.12652616202831268,307.39701050519943,0
305661,109,895,0.13613970577716827,307.5331502109766,0
305662,109,896,0.13270507752895355,307.66585528850555,0
305663,109,897,0.1269170194864273,307.792772307992,0
305664,109,898,0.12426891177892685,307.9170412197709,0
305665,109,899,0.12089641392230988,308.0379376336932,0
305666,109,900,0.13237741589546204,308.1703150495887,0
305667,109,901,0.12593846023082733,308.2962535098195,0
305668,109,902,0.1285782903432846,308.4248318001628,0
305669,109,903,0.11946205049753189,308.5442938506603,0
305670,109,904,0.1264621615409851,308.6707560122013,0
305671,109,905,0.12170085310935974,308.79245686531067,0
305672,109,906,0.12875236570835114,308.921209231019,0
305673,109,907,0.1247313842177391,309.04594061523676,0
305674,109,908,0.11688551306724548,309.162826128304,0
305675,109,909,0.1125657930970192,309.275391921401,0
305676,109,910,0.11155290901660919,309.38694483041763,0
305677,109,911,0.1122720018029213,309.49921683222055,0
305678,109,912,0.1123039573431015,309.61152078956366,0
305679,109,913,0.11217959970235825,309.723700389266,0
305680,109,914,0.12446677684783936,309.84816716611385,0
305681,109,915,0.12185782194137573,309.97002498805523,0
305682,109,916,0.1208173930644989,310.0908423811197,0
305683,109,917,0.11650177091360092,310.20734415203333,0
305684,109,918,0.11067464202642441,310.31801879405975,0
305685,109,919,0.10842116922140121,310.42643996328115,0
305686,109,920,0.10591816157102585,310.5323581248522,0
305687,109,921,0.10519044101238251,310.63754856586456,0
305688,109,922,0.11887094378471375,310.7564195096493,0
305689,109,923,0.11534067988395691,310.87176018953323,0
305690,109,924,0.1152561753988266,310.98701636493206,0
305691,109,925,0.11430718004703522,311.1013235449791,0
305692,109,926,0.11694038659334183,311.21826393157244,0
305693,109,927,0.11183645576238632,311.3301003873348,0
305694,109,928,0.10863611102104187,311.43873649835587,0
305695,109,929,0.10449180752038956,311.54322830587626,0
305696,109,930,0.10281271487474442,311.646041020751,0
305697,109,931,0.11750936508178711,311.7635503858328,0
305698,109,932,0.11364176869392395,311.8771921545267,0
305699,109,933,0.11391058564186096,311.99110274016857,0
305700,109,934,0.10972635447978973,312.10082909464836,0
305701,109,935,0.10620049387216568,312.2070295885205,0
305702,109,936,0.11607889086008072,312.3231084793806,0
305703,109,937,0.1134038195014,312.436512298882,0
305704,109,938,0.1152941882610321,312.55180648714304,0
305705,109,939,0.1141916960477829,312.6659981831908,0
305706,109,940,0.10907269269227982,312.7750708758831,0
305707,109,941,0.11631346493959427,312.8913843408227,0
305708,109,942,0.1158929318189621,313.00727727264166,0
305709,109,943,0.1131642609834671,313.1204415336251,0
305710,109,944,0.12340594083070755,313.24384747445583,0
305711,109,945,0.11768043786287308,313.3615279123187,0
305712,109,946,0.12215110659599304,313.4836790189147,0
305713,109,947,0.11797311902046204,313.60165213793516,0
305714,109,948,0.12158980965614319,313.7232419475913,0
305715,109,949,0.12009979784488678,313.8433417454362,0
305716,109,950,0.12395525723695755,313.96729700267315,0
305717,109,951,0.12382397055625916,314.0911209732294,0
305718,109,952,0.12479360401630402,314.2159145772457,0
305719,109,953,0.1252691000699997,314.3411836773157,0
305720,109,954,0.12447801977396011,314.4656616970897,0
305721,109,955,0.12542878091335297,314.591090478003,0
305722,109,956,0.12309934943914413,314.71418982744217,0
305723,109,957,0.12204376608133316,314.8362335935235,0
305724,109,958,0.1227443739771843,314.9589779675007,0
305725,109,959,0.12436307966709137,315.0833410471678,0
305726,109,960,0.11723028868436813,315.20057133585215,0
305727,109,961,0.11884965002536774,315.3194209858775,0
305728,109,962,0.12309088557958603,315.4425118714571,0
305729,109,963,0.12141827493906021,315.56393014639616,0
305730,109,964,0.12046150118112564,315.6843916475773,0
305731,109,965,0.11990252137184143,315.8042941689491,0
305732,109,966,0.12046368420124054,315.92475785315037,0
305733,109,967,0.12084612250328064,316.04560397565365,0
305734,109,968,0.12143471091985703,316.1670386865735,0
305735,109,969,0.12166675925254822,316.28870544582605,0
305736,109,970,0.11378668248653412,316.4024921283126,0
305737,109,971,0.12167243659496307,316.52416456490755,0
305738,109,972,0.12046612054109573,316.64463068544865,0
305739,109,973,0.11974957585334778,316.764380261302,0
305740,109,974,0.11873771995306015,316.88311798125505,0
305741,109,975,0.10989309847354889,316.9930110797286,0
305742,109,976,0.12253894656896591,317.11555002629757,0
305743,109,977,0.11662557721138,317.23217560350895,0
305744,109,978,0.1215449646115303,317.3537205681205,0
305745,109,979,0.11516255885362625,317.4688831269741,0
305746,109,980,0.11805155873298645,317.5869346857071,0
305747,109,981,0.11766204237937927,317.70459672808647,0
305748,109,982,0.11770205199718475,317.82229878008366,0
305749,109,983,0.11016322672367096,317.9324620068073,0
305750,109,984,0.12027011811733246,318.05273212492466,0
305751,109,985,0.11582708358764648,318.1685592085123,0
305752,109,986,0.11136426031589508,318.2799234688282,0
305753,109,987,0.10573484748601913,318.3856583163142,0
305754,109,988,0.10374542325735092,318.48940373957157,0
305755,109,989,0.10382607579231262,318.5932298153639,0
305756,109,990,0.10431592911481857,318.6975457444787,0
305757,109,991,0.11709046363830566,318.814636208117,0
305758,109,992,0.11051011830568314,318.9251463264227,0
305759,109,993,0.10699788480997086,319.03214421123266,0
305760,109,994,0.11370187252759933,319.14584608376026,0
305761,109,995,0.10781870782375336,319.253664791584,0
305762,109,996,0.11568538099527359,319.3693501725793,0
305763,109,997,0.11164863407611847,319.4809988066554,0
305764,109,998,0.1048305481672287,319.58582935482264,0
305765,109,999,0.10045171529054642,319.6862810701132,0
305766,109,1000,0.10000579804182053,319.786286868155,0
305767,109,1001,0.09872817993164062,319.88501504808664,0
305768,109,1002,0.09829749166965485,319.9833125397563,0
305769,109,1003,0.09820976853370667,320.08152230829,0
305770,109,1004,0.09853535890579224,320.1800576671958,0
305771,109,1005,0.09855581074953079,320.2786134779453,0
305772,109,1006,0.09859147667884827,320.3772049546242,0
305773,109,1007,0.09857010096311569,320.4757750555873,0
305774,109,1008,0.09848103672266006,320.57425609230995,0
305775,109,1009,0.09838656336069107,320.67264265567064,0
305776,109,1010,0.0982956513762474,320.7709383070469,0
305777,109,1011,0.11039909720420837,320.8813374042511,0
305778,109,1012,0.10365121066570282,320.9849886149168,0
305779,109,1013,0.10584595054388046,321.0908345654607,0
305780,109,1014,0.10527928918600082,321.1961138546467,0
305781,109,1015,0.100259929895401,321.2963737845421,0
305782,109,1016,0.09620222449302673,321.3925760090351,0
305783,109,1017,0.09271509945392609,321.48529110848904,0
305784,109,1018,0.09106729179620743,321.57635840028524,0
305785,109,1019,0.09155392646789551,321.66791232675314,0
305786,109,1020,0.0917549878358841,321.759667314589,0
305787,109,1021,0.09261515736579895,321.8522824719548,0
305788,109,1022,0.10543982684612274,321.95772229880095,0
305789,109,1023,0.09916328638792038,322.05688558518887,0
305790,109,1024,0.09419220685958862,322.15107779204845,0
305791,109,1025,0.10151565074920654,322.25259344279766,0
305792,109,1026,0.097025066614151,322.3496185094118,0
305793,109,1027,0.09766080230474472,322.44727931171656,0
305794,109,1028,0.09704100340604782,322.5443203151226,0
305795,109,1029,0.09898070991039276,322.643301025033,0
305796,109,1030,0.10001630336046219,322.74331732839346,0
305797,109,1031,0.09468266367912292,322.8379999920726,0
305798,109,1032,0.08889854699373245,322.9268985390663,0
305799,109,1033,0.08553828299045563,323.01243682205677,0
305800,109,1034,0.08465636521577835,323.09709318727255,0
305801,109,1035,0.08540604263544083,323.182499229908,0
305802,109,1036,0.086574986577034,323.269074216485,0
305803,109,1037,0.08765434473752975,323.35672856122255,0
305804,109,1038,0.0887656956911087,323.44549425691366,0
305805,109,1039,0.08982180058956146,323.5353160575032,0
305806,109,1040,0.09073334187269211,323.6260493993759,0
305807,109,1041,0.09166370332241058,323.7177131026983,0
305808,109,1042,0.09254147857427597,323.8102545812726,0
305809,109,1043,0.09331074357032776,323.90356532484293,0
305810,109,1044,0.09409122169017792,323.9976565465331,0
305811,109,1045,0.09464290738105774,324.09229945391417,0
305812,109,1046,0.095174141228199,324.18747359514236,0
305813,109,1047,0.0958232656121254,324.2832968607545,0
305814,109,1048,0.09659551829099655,324.3798923790455,0
305815,109,1049,0.09735650569200516,324.4772488847375,0
305816,109,1050,0.11026503890752792,324.587513923645,0
305817,109,1051,0.10716456919908524,324.6946784928441,0
305818,109,1052,0.09765899926424026,324.79233749210835,0
305819,109,1053,0.10790547728538513,324.90024296939373,0
305820,109,1054,0.10466435551643372,325.00490732491016,0
305821,109,1055,0.1106685996055603,325.1155759245157,0
305822,109,1056,0.10760434716939926,325.2231802716851,0
305823,109,1057,0.11006911844015121,325.3332493901253,0
305824,109,1058,0.11006803810596466,325.44331742823124,0
305825,109,1059,0.10694052278995514,325.5502579510212,0
305826,109,1060,0.11015716195106506,325.66041511297226,0
305827,109,1061,0.10294076055288315,325.76335587352514,0
305828,109,1062,0.10682474821805954,325.8701806217432,0
305829,109,1063,0.10172232985496521,325.97190295159817,0
305830,109,1064,0.10763784497976303,326.07954079657793,0
305831,109,1065,0.10081683099269867,326.18035762757063,0
305832,109,1066,0.10652397572994232,326.28688160330057,0
305833,109,1067,0.1004653349518776,326.38734693825245,0
305834,109,1068,0.10534791648387909,326.4926948547363,0
305835,109,1069,0.10072454810142517,326.59341940283775,0
305836,109,1070,0.10560047626495361,326.6990198791027,0
305837,109,1071,0.10639189928770065,326.8054117783904,0
305838,109,1072,0.10490985214710236,326.9103216305375,0
305839,109,1073,0.10373222082853317,327.01405385136604,0
305840,109,1074,0.10490480065345764,327.1189586520195,0
305841,109,1075,0.0985410213470459,327.21749967336655,0
305842,109,1076,0.10547471046447754,327.322974383831,0
305843,109,1077,0.10177657008171082,327.42475095391273,0
305844,109,1078,0.10713016241788864,327.5318811163306,0
305845,109,1079,0.09990076720714569,327.63178188353777,0
305846,109,1080,0.09435249119997025,327.72613437473774,0
305847,109,1081,0.10795807838439941,327.83409245312214,0
305848,109,1082,0.10225699841976166,327.9363494515419,0
305849,109,1083,0.10634138435125351,328.04269083589315,0
305850,109,1084,0.10390696674585342,328.146597802639,0
305851,109,1085,0.10491379350423813,328.25151159614325,0
305852,109,1086,0.10771706700325012,328.3592286631465,0
305853,109,1087,0.1020052433013916,328.4612339064479,0
305854,109,1088,0.095439612865448,328.55667351931334,0
305855,109,1089,0.09084711968898773,328.6475206390023,0
305856,109,1090,0.08835331350564957,328.735873952508,0
305857,109,1091,0.08716034144163132,328.8230342939496,0
305858,109,1092,0.08658298850059509,328.9096172824502,0
305859,109,1093,0.09945619106292725,329.0090734735131,0
305860,109,1094,0.09419340640306473,329.1032668799162,0
305861,109,1095,0.09358680993318558,329.1968536898494,0
305862,109,1096,0.08891940116882324,329.2857730910182,0
305863,109,1097,0.0917418971657753,329.377514988184,0
305864,109,1098,0.09010534733533859,329.4676203355193,0
305865,109,1099,0.09304071217775345,329.56066104769707,0
305866,109,1100,0.08789128065109253,329.64855232834816,0
305867,109,1101,0.08295240998268127,329.73150473833084,0
305868,109,1102,0.07831988483667374,329.8098246231675,0
305869,109,1103,0.07620491832494736,329.88602954149246,0
305870,109,1104,0.09076761454343796,329.9767971560359,0
305871,109,1105,0.08445055782794952,330.06124771386385,0
305872,109,1106,0.08649995923042297,330.1477476730943,0
305873,109,1107,0.08412745594978333,330.23187512904406,0
305874,109,1108,0.0827656090259552,330.31464073807,0
305875,109,1109,0.07752997428178787,330.3921707123518,0
305876,109,1110,0.07591104507446289,330.46808175742626,0
305877,109,1111,0.08869492262601852,330.5567766800523,0
305878,109,1112,0.08600527793169022,330.64278195798397,0
305879,109,1113,0.08769737929105759,330.730479337275,0
305880,109,1114,0.08747804164886475,330.8179573789239,0
305881,109,1115,0.08014954626560211,330.8981069251895,0
305882,109,1116,0.09176676720380783,330.9898736923933,0
305883,109,1117,0.08788077533245087,331.07775446772575,0
305884,109,1118,0.07990182936191559,331.15765629708767,0
305885,109,1119,0.09199125319719315,331.24964755028486,0
305886,109,1120,0.08918644487857819,331.33883399516344,0
305887,109,1121,0.0932905450463295,331.43212454020977,0
305888,109,1122,0.09216014295816422,331.52428468316793,0
305889,109,1123,0.09561526775360107,331.61989995092154,0
305890,109,1124,0.08855005353689194,331.7084500044584,0
305891,109,1125,0.08243496716022491,331.79088497161865,0
305892,109,1126,0.07996396720409393,331.87084893882275,0
305893,109,1127,0.08010553568601608,331.95095447450876,0
305894,109,1128,0.09624604135751724,332.0472005158663,0
305895,109,1129,0.08932194113731384,332.1365224570036,0
305896,109,1130,0.09495006501674652,332.23147252202034,0
305897,109,1131,0.08900535106658936,332.32047787308693,0
305898,109,1132,0.09662660956382751,332.41710448265076,0
305899,109,1133,0.09422053396701813,332.5113250166178,0
305900,109,1134,0.09877213835716248,332.61009715497494,0
305901,109,1135,0.09375789016485214,332.7038550451398,0
305902,109,1136,0.08710943162441254,332.7909644767642,0
305903,109,1137,0.09937310963869095,332.8903375864029,0
305904,109,1138,0.09572035819292068,332.9860579445958,0
305905,109,1139,0.10179535299539566,333.0878532975912,0
305906,109,1140,0.10049638152122498,333.18834967911243,0
305907,109,1141,0.095389723777771,333.2837394028902,0
305908,109,1142,0.10171996802091599,333.3854593709111,0
305909,109,1143,0.0995495468378067,333.4850089177489,0
305910,109,1144,0.09433984011411667,333.57934875786304,0
305911,109,1145,0.10451069474220276,333.68385945260525,0
305912,109,1146,0.10362287610769272,333.78748232871294,0
305913,109,1147,0.09845413267612457,333.88593646138906,0
305914,109,1148,0.09406426548957825,333.98000072687864,0
305915,109,1149,0.1030246689915657,334.0830253958702,0
305916,109,1150,0.10462385416030884,334.1876492500305,0
305917,109,1151,0.10258129984140396,334.2902305498719,0
305918,109,1152,0.10407320410013199,334.39430375397205,0
305919,109,1153,0.10298667848110199,334.49729043245316,0
305920,109,1154,0.1032724380493164,334.6005628705025,0
305921,109,1155,0.09670405089855194,334.697266921401,0
305922,109,1156,0.09254660457372665,334.78981352597475,0
305923,109,1157,0.09085462242364883,334.8806681483984,0
305924,109,1158,0.09173208475112915,334.97240023314953,0
305925,109,1159,0.09205882251262665,335.06445905566216,0
305926,109,1160,0.09279447048902512,335.1572535261512,0
305927,109,1161,0.09344068914651871,335.2506942152977,0
305928,109,1162,0.0938306525349617,335.34452486783266,0
305929,109,1163,0.09411393851041794,335.4386388063431,0
305930,109,1164,0.10283941775560379,335.5414782240987,0
305931,109,1165,0.0984293669462204,335.6399075910449,0
305932,109,1166,0.09413531422615051,335.73404290527105,0
305933,109,1167,0.09134449064731598,335.82538739591837,0
305934,109,1168,0.08875752985477448,335.91414492577314,0
305935,109,1169,0.08781598508358002,336.0019609108567,0
305936,109,1170,0.10025522112846375,336.1022161319852,0
305937,109,1171,0.09453977644443512,336.1967559084296,0
305938,109,1172,0.08925313502550125,336.2860090434551,0
305939,109,1173,0.09569203853607178,336.3817010819912,0
305940,109,1174,0.09479415416717529,336.47649523615837,0
305941,109,1175,0.08941160142421722,336.5659068375826,0
305942,109,1176,0.08742299675941467,336.653329834342,0
305943,109,1177,0.0841994434595108,336.7375292778015,0
305944,109,1178,0.0826043114066124,336.8201335892081,0
305945,109,1179,0.08265543729066849,336.9027890264988,0
305946,109,1180,0.09519673138856888,336.99798575788736,0
305947,109,1181,0.08798167109489441,337.08596742898226,0
305948,109,1182,0.08266741782426834,337.1686348468065,0
305949,109,1183,0.08917390555143356,337.25780875235796,0
305950,109,1184,0.08470364660024643,337.3425123989582,0
305951,109,1185,0.08448454737663269,337.42699694633484,0
305952,109,1186,0.08552569895982742,337.51252264529467,0
305953,109,1187,0.08431467413902283,337.5968373194337,0
305954,109,1188,0.080363430082798,337.6772007495165,0
305955,109,1189,0.07490775734186172,337.75210850685835,0
305956,109,1190,0.08872666209936142,337.8408351689577,0
305957,109,1191,0.08366923779249191,337.9245044067502,0
305958,109,1192,0.08947571367025375,338.01398012042046,0
305959,109,1193,0.08257775753736496,338.0965578779578,0
305960,109,1194,0.07408858835697174,338.1706464663148,0
305961,109,1195,0.06904543191194534,338.23969189822674,0
305962,109,1196,0.06720612198114395,338.3068980202079,0
305963,109,1197,0.08098205924034119,338.3878800794482,0
305964,109,1198,0.07752127945423126,338.46540135890245,0
305965,109,1199,0.08243539929389954,338.54783675819635,0
305966,109,1200,0.07543113827705383,338.6232678964734,0
305967,109,1201,0.08349623531103134,338.70676413178444,0
305968,109,1202,0.0791015699505806,338.785865701735,0
305969,109,1203,0.07255858927965164,338.85842429101467,0
305970,109,1204,0.08474969118833542,338.943173982203,0
305971,109,1205,0.08185146749019623,339.0250254496932,0
305972,109,1206,0.07615292072296143,339.10117837041616,0
305973,109,1207,0.08582180738449097,339.18700017780066,0
305974,109,1208,0.08070886880159378,339.26770904660225,0
305975,109,1209,0.07547709345817566,339.3431861400604,0
305976,109,1210,0.07123322039842606,339.41441936045885,0
305977,109,1211,0.08462594449520111,339.49904530495405,0
305978,109,1212,0.07966486364603043,339.5787101686001,0
305979,109,1213,0.07644890248775482,339.65515907108784,0
305980,109,1214,0.0853772908449173,339.74053636193275,0
305981,109,1215,0.08281878381967545,339.82335514575243,0
305982,109,1216,0.07803566008806229,339.9013908058405,0
305983,109,1217,0.08762907981872559,339.9890198856592,0
305984,109,1218,0.08361354470252991,340.07263343036175,0
305985,109,1219,0.0906732976436615,340.1633067280054,0
305986,109,1220,0.08990219980478287,340.2532089278102,0
305987,109,1221,0.08346336334943771,340.33667229115963,0
305988,109,1222,0.07942239940166473,340.4160946905613,0
305989,109,1223,0.07751284539699554,340.4936075359583,0
305990,109,1224,0.09126488864421844,340.5848724246025,0
305991,109,1225,0.08745717257261276,340.6723295971751,0
305992,109,1226,0.0915917232632637,340.7639213204384,0
305993,109,1227,0.08739864081144333,340.8513199612498,0
305994,109,1228,0.08182388544082642,340.93314384669065,0
305995,109,1229,0.09101151674985886,341.0241553634405,0
305996,109,1230,0.0870627611875534,341.11121812462807,0
305997,109,1231,0.08340582251548767,341.19462394714355,0
305998,109,1232,0.08175472170114517,341.2763786688447,0
305999,109,1233,0.08048558235168457,341.3568642511964,0
306000,109,1234,0.08105746656656265,341.43792171776295,0
306001,109,1235,0.09479182958602905,341.532713547349,0
306002,109,1236,0.09072703123092651,341.6234405785799,0
306003,109,1237,0.0934588685631752,341.7168994471431,0
306004,109,1238,0.09169407188892365,341.808593519032,0
306005,109,1239,0.0977737084031105,341.9063672274351,0
306006,109,1240,0.0908002033829689,341.9971674308181,0
306007,109,1241,0.08692432194948196,342.08409175276756,0
306008,109,1242,0.10231136530637741,342.18640311807394,0
306009,109,1243,0.0967857614159584,342.2831888794899,0
306010,109,1244,0.09440935403108597,342.377598233521,0
306011,109,1245,0.09250975400209427,342.4701079875231,0
306012,109,1246,0.09880641102790833,342.568914398551,0
306013,109,1247,0.10245221108198166,342.67136660963297,0
306014,109,1248,0.10154492408037186,342.77291153371334,0
306015,109,1249,0.10201291739940643,342.87492445111275,0
306016,109,1250,0.10005393624305725,342.9749783873558,0
306017,109,1251,0.1006498709321022,343.0756282582879,0
306018,109,1252,0.09760195761919022,343.1732302159071,0
306019,109,1253,0.10139304399490356,343.274623259902,0
306020,109,1254,0.09615626931190491,343.3707795292139,0
306021,109,1255,0.09539355337619781,343.4661730825901,0
306022,109,1256,0.10180871933698654,343.5679818019271,0
306023,109,1257,0.09755928814411163,343.6655410900712,0
306024,109,1258,0.09466559439897537,343.7602066844702,0
306025,109,1259,0.09850730746984482,343.85871399194,0
306026,109,1260,0.10088314861059189,343.9595971405506,0
306027,109,1261,0.09441013634204865,344.05400727689266,0
306028,109,1262,0.09516062587499619,344.14916790276766,0
306029,109,1263,0.10086183249950409,344.25002973526716,0
306030,109,1264,0.09901685267686844,344.34904658794403,0
306031,109,1265,0.09549960494041443,344.44454619288445,0
306032,109,1266,0.09352472424507141,344.5380709171295,0
306033,109,1267,0.09250002354383469,344.63057094067335,0
306034,109,1268,0.09270818531513214,344.7232791259885,0
306035,109,1269,-10.0,334.7232791259885,1
306036,110,1,0.19102713465690613,0.19102713465690613,0
306037,110,2,0.1876349002122879,0.37866203486919403,0
306038,110,3,0.18181416392326355,0.5604761987924576,0
306039,110,4,0.17848895490169525,0.7389651536941528,0
306040,110,5,0.1763014942407608,0.9152666479349136,0
306041,110,6,0.1764170229434967,1.0916836708784103,0
306042,110,7,0.1765916347503662,1.2682753056287766,0
306043,110,8,0.17712488770484924,1.4454001933336258,0
306044,110,9,0.17798694968223572,1.6233871430158615,0
306045,110,10,0.1787167191505432,1.8021038621664047,0
306046,110,11,0.17931698262691498,1.9814208447933197,0
306047,110,12,0.17991085350513458,2.1613316982984543,0
306048,110,13,0.1805165708065033,2.3418482691049576,0
306049,110,14,0.19209206104278564,2.5339403301477432,0
306050,110,15,0.18548031151294708,2.7194206416606903,0
306051,110,16,0.18215860426425934,2.9015792459249496,0
306052,110,17,0.17916767299175262,3.0807469189167023,0
306053,110,18,0.17750345170497894,3.258250370621681,0
306054,110,19,0.17695392668247223,3.4352042973041534,0
306055,110,20,0.17795899510383606,3.6131632924079895,0
306056,110,21,0.1788458377122879,3.7920091301202774,0
306057,110,22,0.19099627435207367,3.983005404472351,0
306058,110,23,0.1848047971725464,4.1678102016448975,0
306059,110,24,0.18234501779079437,4.350155219435692,0
306060,110,25,0.17957556247711182,4.529730781912804,0
306061,110,26,0.18909919261932373,4.718829974532127,0
306062,110,27,0.18463134765625,4.903461322188377,0
306063,110,28,0.1833115816116333,5.086772903800011,0
306064,110,29,0.1909046471118927,5.277677550911903,0
306065,110,30,0.18539978563785553,5.463077336549759,0
306066,110,31,0.18100382387638092,5.64408116042614,0
306067,110,32,0.178862527012825,5.822943687438965,0
306068,110,33,0.19347676634788513,6.01642045378685,0
306069,110,34,0.18871216475963593,6.205132618546486,0
306070,110,35,0.1943567544221878,6.399489372968674,0
306071,110,36,0.1911056637763977,6.590595036745071,0
306072,110,37,0.19738145172595978,6.787976488471031,0
306073,110,38,0.19350378215312958,6.981480270624161,0
306074,110,39,0.1983182430267334,7.179798513650894,0
306075,110,40,0.19653652608394623,7.37633503973484,0
306076,110,41,0.19069591164588928,7.56703095138073,0
306077,110,42,0.18708574771881104,7.754116699099541,0
306078,110,43,0.18597732484340668,7.940094023942947,0
306079,110,44,0.19968393445014954,8.139777958393097,0
306080,110,45,0.19835259020328522,8.338130548596382,0
306081,110,46,0.19222545623779297,8.530356004834175,0
306082,110,47,0.20211638510227203,8.732472389936447,0
306083,110,48,0.20204249024391174,8.934514880180359,0
306084,110,49,0.19594284892082214,9.130457729101181,0
306085,110,50,0.1932009607553482,9.32365868985653,0
306086,110,51,0.1912122368812561,9.514870926737785,0
306087,110,52,0.20474787056446075,9.719618797302246,0
306088,110,53,0.20001959800720215,9.919638395309448,0
306089,110,54,0.19615641236305237,10.1157948076725,0
306090,110,55,0.19506819546222687,10.310863003134727,0
306091,110,56,0.1936473399400711,10.504510343074799,0
306092,110,57,0.19336596131324768,10.697876304388046,0
306093,110,58,0.19414882361888885,10.892025128006935,0
306094,110,59,0.20614281296730042,11.098167940974236,0
306095,110,60,0.20109935104846954,11.299267292022705,0
306096,110,61,0.20516543090343475,11.50443272292614,0
306097,110,62,0.2053908109664917,11.709823533892632,0
306098,110,63,0.20143738389015198,11.911260917782784,0
306099,110,64,0.2076653689146042,12.118926286697388,0
306100,110,65,0.20582595467567444,12.324752241373062,0
306101,110,66,0.2078925520181656,12.532644793391228,0
306102,110,67,0.20500607788562775,12.737650871276855,0
306103,110,68,0.20196649432182312,12.939617365598679,0
306104,110,69,0.20178067684173584,13.141398042440414,0
306105,110,70,0.20285452902317047,13.344252571463585,0
306106,110,71,0.21723271906375885,13.561485290527344,0
306107,110,72,0.21523025631904602,13.77671554684639,0
306108,110,73,0.20778577029705048,13.98450131714344,0
306109,110,74,0.20064860582351685,14.185149922966957,0
306110,110,75,0.19792094826698303,14.38307087123394,0
306111,110,76,0.19887664914131165,14.581947520375252,0
306112,110,77,0.19994419813156128,14.781891718506813,0
306113,110,78,0.21281717717647552,14.994708895683289,0
306114,110,79,0.2069556713104248,15.201664566993713,0
306115,110,80,0.20359262824058533,15.405257195234299,0
306116,110,81,0.20085462927818298,15.606111824512482,0
306117,110,82,0.19959723949432373,15.805709064006805,0
306118,110,83,0.19925975799560547,16.00496882200241,0
306119,110,84,0.21159790456295013,16.21656672656536,0
306120,110,85,0.20704598724842072,16.42361271381378,0
306121,110,86,0.20459643006324768,16.62820914387703,0
306122,110,87,0.20182475447654724,16.830033898353577,0
306123,110,88,0.2007058560848236,17.0307397544384,0
306124,110,89,0.2018432915210724,17.232583045959473,0
306125,110,90,0.20235173404216766,17.43493478000164,0
306126,110,91,0.21494914591312408,17.649883925914764,0
306127,110,92,0.2093486189842224,17.859232544898987,0
306128,110,93,0.21449871361255646,18.073731258511543,0
306129,110,94,0.21317854523658752,18.28690980374813,0
306130,110,95,0.21154217422008514,18.498451977968216,0
306131,110,96,0.2077164351940155,18.70616841316223,0
306132,110,97,0.20748986303806305,18.913658276200294,0
306133,110,98,0.20697936415672302,19.120637640357018,0
306134,110,99,0.20763154327869415,19.32826918363571,0
306135,110,100,0.2089211642742157,19.537190347909927,0
306136,110,101,0.21052905917167664,19.747719407081604,0
306137,110,102,0.22332525253295898,19.971044659614563,0
306138,110,103,0.2179728001356125,20.189017459750175,0
306139,110,104,0.22338874638080597,20.41240620613098,0
306140,110,105,0.22227708995342255,20.634683296084404,0
306141,110,106,0.22185571491718292,20.856539011001587,0
306142,110,107,0.21845638751983643,21.074995398521423,0
306143,110,108,0.2167099118232727,21.291705310344696,0
306144,110,109,0.22961711883544922,21.521322429180145,0
306145,110,110,0.22831204533576965,21.749634474515915,0
306146,110,111,0.2306821048259735,21.98031657934189,0
306147,110,112,0.22793008387088776,22.208246663212776,0
306148,110,113,0.22520825266838074,22.433454915881157,0
306149,110,114,0.23515105247497559,22.668605968356133,0
306150,110,115,0.23469920456409454,22.903305172920227,0
306151,110,116,0.23987555503845215,23.14318072795868,0
306152,110,117,0.24110351502895355,23.384284242987633,0
306153,110,118,0.24686621129512787,23.63115045428276,0
306154,110,119,0.24566437304019928,23.87681482732296,0
306155,110,120,0.24223177134990692,24.119046598672867,0
306156,110,121,0.23967312276363373,24.3587197214365,0
306157,110,122,0.2394941747188568,24.598213896155357,0
306158,110,123,0.25286900997161865,24.851082906126976,0
306159,110,124,0.2529595196247101,25.104042425751686,0
306160,110,125,0.2552836835384369,25.359326109290123,0
306161,110,126,0.2524343729019165,25.61176048219204,0
306162,110,127,0.2567759156227112,25.86853639781475,0
306163,110,128,0.2561149001121521,26.124651297926903,0
306164,110,129,0.25544846057891846,26.38009975850582,0
306165,110,130,0.25452446937561035,26.63462422788143,0
306166,110,131,0.25280168652534485,26.887425914406776,0
306167,110,132,0.2540614902973175,27.141487404704094,0
306168,110,133,0.2550877630710602,27.396575167775154,0
306169,110,134,0.2566657066345215,27.653240874409676,0
306170,110,135,0.26962652802467346,27.92286740243435,0
306171,110,136,0.2643275260925293,28.18719492852688,0
306172,110,137,0.262761652469635,28.449956580996513,0
306173,110,138,0.2606366276741028,28.710593208670616,0
306174,110,139,0.2603028118610382,28.970896020531654,0
306175,110,140,0.26061391830444336,29.231509938836098,0
306176,110,141,0.2730172872543335,29.50452722609043,0
306177,110,142,0.27032387256622314,29.774851098656654,0
306178,110,143,0.2669992744922638,30.041850373148918,0
306179,110,144,0.26486122608184814,30.306711599230766,0
306180,110,145,0.27646374702453613,30.583175346255302,0
306181,110,146,0.27293968200683594,30.85611502826214,0
306182,110,147,0.2720978260040283,31.128212854266167,0
306183,110,148,0.27140524983406067,31.399618104100227,0
306184,110,149,0.27034077048301697,31.669958874583244,0
306185,110,150,0.28377872705459595,31.95373760163784,0
306186,110,151,0.2805232107639313,32.23426081240177,0
306187,110,152,0.2770974934101105,32.51135830581188,0
306188,110,153,0.2754809260368347,32.78683923184872,0
306189,110,154,0.28745236992836,33.07429160177708,0
306190,110,155,0.28383079171180725,33.358122393488884,0
306191,110,156,0.2803055942058563,33.63842798769474,0
306192,110,157,0.2796235680580139,33.918051555752754,0
306193,110,158,0.2792484760284424,34.1973000317812,0
306194,110,159,0.2794056236743927,34.47670565545559,0
306195,110,160,0.29287558794021606,34.769581243395805,0
306196,110,161,0.28812965750694275,35.05771090090275,0
306197,110,162,0.29134634137153625,35.349057242274284,0
306198,110,163,0.28472059965133667,35.63377784192562,0
306199,110,164,0.2924234867095947,35.926201328635216,0
306200,110,165,0.2904866933822632,36.21668802201748,0
306201,110,166,0.2878536581993103,36.50454168021679,0
306202,110,167,0.28472697734832764,36.78926865756512,0
306203,110,168,0.28380513191223145,37.07307378947735,0
306204,110,169,0.28471070528030396,37.35778449475765,0
306205,110,170,0.28696781396865845,37.64475230872631,0
306206,110,171,0.28922781348228455,37.933980122208595,0
306207,110,172,0.29186582565307617,38.22584594786167,0
306208,110,173,0.2943400740623474,38.52018602192402,0
306209,110,174,0.3077791631221771,38.827965185046196,0
306210,110,175,0.30329859256744385,39.13126377761364,0
306211,110,176,0.300519734621048,39.43178351223469,0
306212,110,177,0.29951611161231995,39.73129962384701,0
306213,110,178,0.29960325360298157,40.03090287744999,0
306214,110,179,0.3009125590324402,40.33181543648243,0
306215,110,180,0.303257018327713,40.63507245481014,0
306216,110,181,0.30614885687828064,40.94122131168842,0
306217,110,182,0.3203491270542145,41.26157043874264,0
306218,110,183,0.316036194562912,41.57760663330555,0
306219,110,184,0.31542715430259705,41.89303378760815,0
306220,110,185,0.31468263268470764,42.207716420292854,0
306221,110,186,0.31542640924453735,42.52314282953739,0
306222,110,187,0.3291783928871155,42.85232122242451,0
306223,110,188,0.32610857486724854,43.178429797291756,0
306224,110,189,0.32427945733070374,43.50270925462246,0
306225,110,190,0.33504045009613037,43.83774970471859,0
306226,110,191,0.333824098110199,44.17157380282879,0
306227,110,192,0.33764252066612244,44.50921632349491,0
306228,110,193,0.3398270905017853,44.8490434139967,0
306229,110,194,0.3388856053352356,45.18792901933193,0
306230,110,195,0.3382592499256134,45.526188269257545,0
306231,110,196,0.33839625120162964,45.864584520459175,0
306232,110,197,0.3539532423019409,46.218537762761116,0
306233,110,198,0.35153892636299133,46.57007668912411,0
306234,110,199,0.3498423099517822,46.91991899907589,0
306235,110,200,0.35091111063957214,47.27083010971546,0
306236,110,201,0.3639744222164154,47.63480453193188,0
306237,110,202,0.3617497980594635,47.99655432999134,0
306238,110,203,0.36000850796699524,48.356562837958336,0
306239,110,204,0.36021316051483154,48.71677599847317,0
306240,110,205,0.36135032773017883,49.078126326203346,0
306241,110,206,0.3639259934425354,49.44205231964588,0
306242,110,207,0.3674409091472626,49.809493228793144,0
306243,110,208,0.3829009532928467,50.19239418208599,0
306244,110,209,0.3804950416088104,50.5728892236948,0
306245,110,210,0.37957802414894104,50.95246724784374,0
306246,110,211,0.39074239134788513,51.34320963919163,0
306247,110,212,0.3883715271949768,51.731581166386604,0
306248,110,213,0.3981691598892212,52.129750326275826,0
306249,110,214,0.39791640639305115,52.52766673266888,0
306250,110,215,0.3952457904815674,52.922912523150444,0
306251,110,216,0.4090808033943176,53.33199332654476,0
306252,110,217,0.411480575799942,53.743473902344704,0
306253,110,218,0.4191244840621948,54.1625983864069,0
306254,110,219,0.4211321175098419,54.58373050391674,0
306255,110,220,0.41880157589912415,55.002532079815865,0
306256,110,221,0.4177533686161041,55.42028544843197,0
306257,110,222,0.41770437359809875,55.83798982203007,0
306258,110,223,0.41962528228759766,56.257615104317665,0
306259,110,224,0.42276549339294434,56.68038059771061,0
306260,110,225,0.4265403151512146,57.106920912861824,0
306261,110,226,0.4306437075138092,57.53756462037563,0
306262,110,227,0.43488115072250366,57.97244577109814,0
306263,110,228,0.4392284154891968,58.411674186587334,0
306264,110,229,0.4544617533683777,58.86613593995571,0
306265,110,230,0.4522201418876648,59.318356081843376,0
306266,110,231,0.45096808671951294,59.76932416856289,0
306267,110,232,0.4623262286186218,60.23165039718151,0
306268,110,233,0.461773544549942,60.69342394173145,0
306269,110,234,0.46187472343444824,61.1552986651659,0
306270,110,235,0.4610191881656647,61.616317853331566,0
306271,110,236,0.4618722200393677,62.07819007337093,0
306272,110,237,0.46433186531066895,62.5425219386816,0
306273,110,238,0.46788036823272705,63.01040230691433,0
306274,110,239,0.4720749855041504,63.48247729241848,0
306275,110,240,0.48791036009788513,63.970387652516365,0
306276,110,241,0.48511210083961487,64.45549975335598,0
306277,110,242,0.4853892922401428,64.94088904559612,0
306278,110,243,0.48684895038604736,65.42773799598217,0
306279,110,244,0.4889947772026062,65.91673277318478,0
306280,110,245,0.5042704939842224,66.421003267169,0
306281,110,246,0.5063915848731995,66.9273948520422,0
306282,110,247,0.5129998326301575,67.44039468467236,0
306283,110,248,0.5129166841506958,67.95331136882305,0
306284,110,249,0.5111915469169617,68.46450291574001,0
306285,110,250,0.5110023617744446,68.97550527751446,0
306286,110,251,0.5267364978790283,69.50224177539349,0
306287,110,252,0.528645396232605,70.03088717162609,0
306288,110,253,0.5276396870613098,70.5585268586874,0
306289,110,254,0.5289311408996582,71.08745799958706,0
306290,110,255,0.5306501984596252,71.61810819804668,0
306291,110,256,0.5338442325592041,72.15195243060589,0
306292,110,257,0.5380464196205139,72.6899988502264,0
306293,110,258,0.5428903102874756,73.23288916051388,0
306294,110,259,0.5594477653503418,73.79233692586422,0
306295,110,260,0.557292640209198,74.34962956607342,0
306296,110,261,0.5648095011711121,74.91443906724453,0
306297,110,262,0.5668777227401733,75.4813167899847,0
306298,110,263,0.5686554312705994,76.0499722212553,0
306299,110,264,0.5692283511161804,76.61920057237148,0
306300,110,265,0.5707880258560181,77.1899885982275,0
306301,110,266,0.574323832988739,77.76431243121624,0
306302,110,267,0.5795763731002808,78.34388880431652,0
306303,110,268,0.5971794128417969,78.94106821715832,0
306304,110,269,0.5960713624954224,79.53713957965374,0
306305,110,270,0.5967099666595459,80.13384954631329,0
306306,110,271,0.6104560494422913,80.74430559575558,0
306307,110,272,0.6118227243423462,81.35612832009792,0
306308,110,273,0.610943615436554,81.96707193553448,0
306309,110,274,0.6280571222305298,82.595129057765,0
306310,110,275,0.6339341998100281,83.22906325757504,0
306311,110,276,0.6315605640411377,83.86062382161617,0
306312,110,277,0.6334137916564941,84.49403761327267,0
306313,110,278,0.6503543853759766,85.14439199864864,0
306314,110,279,0.65247642993927,85.79686842858791,0
306315,110,280,0.6625752449035645,86.45944367349148,0
306316,110,281,0.6648767590522766,87.12432043254375,0
306317,110,282,0.6641179919242859,87.78843842446804,0
306318,110,283,0.6846754550933838,88.47311387956142,0
306319,110,284,0.686943769454956,89.16005764901638,0
306320,110,285,0.6933923363685608,89.85344998538494,0
306321,110,286,0.697652280330658,90.5511022657156,0
306322,110,287,0.7050543427467346,91.25615660846233,0
306323,110,288,0.7136391401290894,91.96979574859142,0
306324,110,289,0.7133676409721375,92.68316338956356,0
306325,110,290,0.7135177850723267,93.39668117463589,0
306326,110,291,0.7296347618103027,94.12631593644619,0
306327,110,292,0.7311212420463562,94.85743717849255,0
306328,110,293,0.7321473956108093,95.58958457410336,0
306329,110,294,0.7456495761871338,96.33523415029049,0
306330,110,295,0.7471115589141846,97.08234570920467,0
306331,110,296,0.7566906809806824,97.83903639018536,0
306332,110,297,0.7602871656417847,98.59932355582714,0
306333,110,298,0.7686774134635925,99.36800096929073,0
306334,110,299,0.7699858546257019,100.13798682391644,0
306335,110,300,0.7727649211883545,100.91075174510479,0
306336,110,301,0.7911108732223511,101.70186261832714,0
306337,110,302,0.794959306716919,102.49682192504406,0
306338,110,303,0.79551100730896,103.29233293235302,0
306339,110,304,0.8095351457595825,104.1018680781126,0
306340,110,305,0.8131040334701538,104.91497211158276,0
306341,110,306,0.8154895305633545,105.73046164214611,0
306342,110,307,0.829301118850708,106.55976276099682,0
306343,110,308,0.8297547698020935,107.38951753079891,0
306344,110,309,0.838935375213623,108.22845290601254,0
306345,110,310,0.8407522439956665,109.0692051500082,0
306346,110,311,0.839394748210907,109.90859989821911,0
306347,110,312,0.8401761054992676,110.74877600371838,0
306348,110,313,0.8448812365531921,111.59365724027157,0
306349,110,314,0.8502448797225952,112.44390211999416,0
306350,110,315,0.8571029901504517,113.30100511014462,0
306351,110,316,0.8754123449325562,114.17641745507717,0
306352,110,317,0.87580806016922,115.05222551524639,0
306353,110,318,0.8763556480407715,115.92858116328716,0
306354,110,319,0.8784387111663818,116.80701987445354,0
306355,110,320,0.8833147883415222,117.69033466279507,0
306356,110,321,0.8882429599761963,118.57857762277126,0
306357,110,322,0.9057934880256653,119.48437111079693,0
306358,110,323,0.9062493443489075,120.39062045514584,0
306359,110,324,0.907338559627533,121.29795901477337,0
306360,110,325,0.9205801486968994,122.21853916347027,0
306361,110,326,0.9213123321533203,123.13985149562359,0
306362,110,327,0.9196960926055908,124.05954758822918,0
306363,110,328,0.9395346641540527,124.99908225238323,0
306364,110,329,0.9426857233047485,125.94176797568798,0
306365,110,330,0.9522916078567505,126.89405958354473,0
306366,110,331,0.96034836769104,127.85440795123577,0
306367,110,332,0.9675390720367432,128.82194702327251,0
306368,110,333,0.9735599756240845,129.7955069988966,0
306369,110,334,0.9765958189964294,130.77210281789303,0
306370,110,335,0.9897722601890564,131.76187507808208,0
306371,110,336,0.9932159185409546,132.75509099662304,0
306372,110,337,1.0039324760437012,133.75902347266674,0
306373,110,338,1.007393717765808,134.76641719043255,0
306374,110,339,1.0158681869506836,135.78228537738323,0
306375,110,340,1.0156793594360352,136.79796473681927,0
306376,110,341,1.0165908336639404,137.8145555704832,0
306377,110,342,1.0183742046356201,138.83292977511883,0
306378,110,343,1.0248591899871826,139.857788965106,0
306379,110,344,1.031280755996704,140.88906972110271,0
306380,110,345,1.0509250164031982,141.9399947375059,0
306381,110,346,1.050895094871521,142.99088983237743,0
306382,110,347,1.0620219707489014,144.05291180312634,0
306383,110,348,1.0655375719070435,145.11844937503338,0
306384,110,349,1.0712738037109375,146.18972317874432,0
306385,110,350,1.0793393850326538,147.26906256377697,0
306386,110,351,1.0798543691635132,148.34891693294048,0
306387,110,352,1.0756639242172241,149.4245808571577,0
306388,110,353,1.0667188167572021,150.4912996739149,0
306389,110,354,1.0572857856750488,151.54858545958996,0
306390,110,355,1.047860026359558,152.59644548594952,0
306391,110,356,1.0413615703582764,153.6378070563078,0
306392,110,357,1.0344001054763794,154.67220716178417,0
306393,110,358,1.0280163288116455,155.70022349059582,0
306394,110,359,1.021287202835083,156.7215106934309,0
306395,110,360,1.014767050743103,157.736277744174,0
306396,110,361,1.0190660953521729,158.75534383952618,0
306397,110,362,1.0051815509796143,159.7605253905058,0
306398,110,363,0.9959456920623779,160.75647108256817,0
306399,110,364,0.9876264929771423,161.7440975755453,0
306400,110,365,0.9894080758094788,162.7335056513548,0
306401,110,366,0.9809487462043762,163.71445439755917,0
306402,110,367,0.9711475372314453,164.6856019347906,0
306403,110,368,0.9614534378051758,165.6470553725958,0
306404,110,369,0.9528470039367676,166.59990237653255,0
306405,110,370,0.9450997114181519,167.5450020879507,0
306406,110,371,0.9494816064834595,168.49448369443417,0
306407,110,372,0.9370989799499512,169.43158267438412,0
306408,110,373,0.9312057495117188,170.36278842389584,0
306409,110,374,0.9214196801185608,171.2842081040144,0
306410,110,375,0.9109349250793457,172.19514302909374,0
306411,110,376,0.912861168384552,173.1080041974783,0
306412,110,377,0.9032837152481079,174.0112879127264,0
306413,110,378,0.8927326202392578,174.90402053296566,0
306414,110,379,0.894440233707428,175.7984607666731,0
306415,110,380,0.8848342895507812,176.68329505622387,0
306416,110,381,0.8831811547279358,177.5664762109518,0
306417,110,382,0.8751997351646423,178.44167594611645,0
306418,110,383,0.8643199801445007,179.30599592626095,0
306419,110,384,0.8571752309799194,180.16317115724087,0
306420,110,385,0.8645298480987549,181.02770100533962,0
306421,110,386,0.8553735613822937,181.88307456672192,0
306422,110,387,0.8467251062393188,182.72979967296124,0
306423,110,388,0.841076135635376,183.5708758085966,0
306424,110,389,0.8346514105796814,184.4055272191763,0
306425,110,390,0.8405312895774841,185.24605850875378,0
306426,110,391,0.829973042011261,186.07603155076504,0
306427,110,392,0.8206649422645569,186.8966964930296,0
306428,110,393,0.8233172297477722,187.72001372277737,0
306429,110,394,0.8157051801681519,188.53571890294552,0
306430,110,395,0.8066542148590088,189.34237311780453,0
306431,110,396,0.7981232404708862,190.1404963582754,0
306432,110,397,0.7908968329429626,190.93139319121838,0
306433,110,398,0.7968735098838806,191.72826670110226,0
306434,110,399,0.7887182831764221,192.51698498427868,0
306435,110,400,0.7819263935089111,193.2989113777876,0
306436,110,401,0.7749565243721008,194.0738679021597,0
306437,110,402,0.7695279717445374,194.84339587390423,0
306438,110,403,0.7651119828224182,195.60850785672665,0
306439,110,404,0.7718808054924011,196.38038866221905,0
306440,110,405,0.7632877230644226,197.14367638528347,0
306441,110,406,0.754582941532135,197.8982593268156,0
306442,110,407,0.746992826461792,198.6452521532774,0
306443,110,408,0.7528111934661865,199.39806334674358,0
306444,110,409,0.744483232498169,200.14254657924175,0
306445,110,410,0.7440086603164673,200.88655523955822,0
306446,110,411,0.7322645783424377,201.61881981790066,0
306447,110,412,0.7351250648498535,202.3539448827505,0
306448,110,413,0.7285342216491699,203.08247910439968,0
306449,110,414,0.7210556268692017,203.80353473126888,0
306450,110,415,0.712931215763092,204.51646594703197,0
306451,110,416,0.7069730162620544,205.22343896329403,0
306452,110,417,0.7151085138320923,205.93854747712612,0
306453,110,418,0.7075275778770447,206.64607505500317,0
306454,110,419,0.6994599103927612,207.34553496539593,0
306455,110,420,0.6941016912460327,208.03963665664196,0
306456,110,421,0.6882904767990112,208.72792713344097,0
306457,110,422,0.6832829117774963,209.41121004521847,0
306458,110,423,0.6788701415061951,210.09008018672466,0
306459,110,424,0.686367392539978,210.77644757926464,0
306460,110,425,0.6767753958702087,211.45322297513485,0
306461,110,426,0.6747269630432129,212.12794993817806,0
306462,110,427,0.6702116131782532,212.79816155135632,0
306463,110,428,0.6678447127342224,213.46600626409054,0
306464,110,429,0.6652564406394958,214.13126270473003,0
306465,110,430,0.6581499576568604,214.7894126623869,0
306466,110,431,0.6495600342750549,215.43897269666195,0
306467,110,432,0.6425871849060059,216.08155988156796,0
306468,110,433,0.6372740268707275,216.71883390843868,0
306469,110,434,0.6339489221572876,217.35278283059597,0
306470,110,435,0.6299993991851807,217.98278222978115,0
306471,110,436,0.6262392997741699,218.60902152955532,0
306472,110,437,0.6338739991188049,219.24289552867413,0
306473,110,438,0.6235770583152771,219.8664725869894,0
306474,110,439,0.6231511831283569,220.48962377011776,0
306475,110,440,0.619879424571991,221.10950319468975,0
306476,110,441,0.6120704412460327,221.72157363593578,0
306477,110,442,0.6146205067634583,222.33619414269924,0
306478,110,443,0.6090452075004578,222.9452393501997,0
306479,110,444,0.6018398404121399,223.54707919061184,0
306480,110,445,0.606758177280426,224.15383736789227,0
306481,110,446,0.5996047854423523,224.75344215333462,0
306482,110,447,0.5906288027763367,225.34407095611095,0
306483,110,448,0.5999880433082581,225.9440589994192,0
306484,110,449,0.5954170227050781,226.5394760221243,0
306485,110,450,0.5931452512741089,227.1326212733984,0
306486,110,451,0.5859889984130859,227.71861027181149,0
306487,110,452,0.5891464948654175,228.3077567666769,0
306488,110,453,0.582082986831665,228.88983975350857,0
306489,110,454,0.5751617550849915,229.46500150859356,0
306490,110,455,0.567665696144104,230.03266720473766,0
306491,110,456,0.5777161717414856,230.61038337647915,0
306492,110,457,0.5703328847885132,231.18071626126766,0
306493,110,458,0.5630136132240295,231.7437298744917,0
306494,110,459,0.5682370662689209,232.3119669407606,0
306495,110,460,0.5619701743125916,232.8739371150732,0
306496,110,461,0.5609982013702393,233.43493531644344,0
306497,110,462,0.5499820709228516,233.9849173873663,0
306498,110,463,0.5548961758613586,234.53981356322765,0
306499,110,464,0.549371600151062,235.08918516337872,0
306500,110,465,0.540552020072937,235.62973718345165,0
306501,110,466,0.5345976948738098,236.16433487832546,0
306502,110,467,0.5429926514625549,236.70732752978802,0
306503,110,468,0.5361001491546631,237.24342767894268,0
306504,110,469,0.5292868614196777,237.77271454036236,0
306505,110,470,0.5245940089225769,238.29730854928493,0
306506,110,471,0.5198817849159241,238.81719033420086,0
306507,110,472,0.5161715149879456,239.3333618491888,0
306508,110,473,0.5138043761253357,239.84716622531414,0
306509,110,474,0.5116598010063171,240.35882602632046,0
306510,110,475,0.5089144706726074,240.86774049699306,0
306511,110,476,0.5174401998519897,241.38518069684505,0
306512,110,477,0.5095218420028687,241.89470253884792,0
306513,110,478,0.508099377155304,242.40280191600323,0
306514,110,479,0.5027629137039185,242.90556482970715,0
306515,110,480,0.49576082825660706,243.40132565796375,0
306516,110,481,0.48967844247817993,243.89100410044193,0
306517,110,482,0.4844440221786499,244.37544812262058,0
306518,110,483,0.4925367534160614,244.86798487603664,0
306519,110,484,0.48599210381507874,245.35397697985172,0
306520,110,485,0.4729498624801636,245.8269268423319,0
306521,110,486,0.4805414080619812,246.30746825039387,0
306522,110,487,0.4782172441482544,246.78568549454212,0
306523,110,488,0.47854408621788025,247.26422958076,0
306524,110,489,0.4752714931964874,247.7395010739565,0
306525,110,490,0.47493669390678406,248.21443776786327,0
306526,110,491,0.4726272225379944,248.68706499040127,0
306527,110,492,0.4674655497074127,249.15453054010868,0
306528,110,493,0.46033012866973877,249.61486066877842,0
306529,110,494,0.45487892627716064,250.06973959505558,0
306530,110,495,0.4512195289134979,250.52095912396908,0
306531,110,496,0.44888803362846375,250.96984715759754,0
306532,110,497,0.4584479331970215,251.42829509079456,0
306533,110,498,0.45137420296669006,251.87966929376125,0
306534,110,499,0.4526943564414978,252.33236365020275,0
306535,110,500,0.44830647110939026,252.78067012131214,0
306536,110,501,0.4463994801044464,253.2270696014166,0
306537,110,502,0.4454384744167328,253.67250807583332,0
306538,110,503,0.4402983784675598,254.11280645430088,0
306539,110,504,0.4330105483531952,254.54581700265408,0
306540,110,505,0.42763751745224,254.97345452010632,0
306541,110,506,0.4381221830844879,255.4115767031908,0
306542,110,507,0.4343855679035187,255.84596227109432,0
306543,110,508,0.42213547229766846,256.268097743392,0
306544,110,509,0.42997458577156067,256.69807232916355,0
306545,110,510,0.4256276786327362,257.1237000077963,0
306546,110,511,0.4170832633972168,257.5407832711935,0
306547,110,512,0.42351779341697693,257.9643010646105,0
306548,110,513,0.42131611704826355,258.38561718165874,0
306549,110,514,0.4210926592350006,258.80670984089375,0
306550,110,515,0.41846123337745667,259.2251710742712,0
306551,110,516,0.411812424659729,259.63698349893093,0
306552,110,517,0.4172794222831726,260.0542629212141,0
306553,110,518,0.41388195753097534,260.4681448787451,0
306554,110,519,0.4084688723087311,260.8766137510538,0
306555,110,520,0.40243828296661377,261.2790520340204,0
306556,110,521,0.3995486795902252,261.67860071361065,0
306557,110,522,0.39670246839523315,262.0753031820059,0
306558,110,523,0.39458757638931274,262.4698907583952,0
306559,110,524,0.3933255970478058,262.863216355443,0
306560,110,525,0.39156508445739746,263.2547814399004,0
306561,110,526,0.3896734118461609,263.64445485174656,0
306562,110,527,0.3876044750213623,264.0320593267679,0
306563,110,528,0.3968125581741333,264.42887188494205,0
306564,110,529,0.3881014585494995,264.81697334349155,0
306565,110,530,0.38287216424942017,265.199845507741,0
306566,110,531,0.3771648108959198,265.5770103186369,0
306567,110,532,0.3726569712162018,265.9496672898531,0
306568,110,533,0.3704003393650055,266.3200676292181,0
306569,110,534,0.37996575236320496,266.7000333815813,0
306570,110,535,0.3738197386264801,267.0738531202078,0
306571,110,536,0.37502628564834595,267.44887940585613,0
306572,110,537,0.37373173236846924,267.8226111382246,0
306573,110,538,0.37010863423347473,268.1927197724581,0
306574,110,539,0.3719025254249573,268.56462229788303,0
306575,110,540,0.3708844780921936,268.9355067759752,0
306576,110,541,0.3741290867328644,269.3096358627081,0
306577,110,542,0.3691685199737549,269.67880438268185,0
306578,110,543,0.36155271530151367,270.04035709798336,0
306579,110,544,0.36911895871162415,270.409476056695,0
306580,110,545,0.365522563457489,270.7749986201525,0
306581,110,546,0.35887861251831055,271.1338772326708,0
306582,110,547,0.3530377745628357,271.4869150072336,0
306583,110,548,0.3495769798755646,271.8364919871092,0
306584,110,549,0.34819504618644714,272.18468703329563,0
306585,110,550,0.3458060622215271,272.53049309551716,0
306586,110,551,0.3436576724052429,272.8741507679224,0
306587,110,552,0.3420872092247009,273.2162379771471,0
306588,110,553,0.3403451442718506,273.55658312141895,0
306589,110,554,0.3382144272327423,273.8947975486517,0
306590,110,555,0.3359343111515045,274.2307318598032,0
306591,110,556,0.33351096510887146,274.56424282491207,0
306592,110,557,0.3309575319290161,274.8952003568411,0
306593,110,558,0.3283553421497345,275.2235556989908,0
306594,110,559,0.32582810521125793,275.5493838042021,0
306595,110,560,0.32313090562820435,275.8725147098303,0
306596,110,561,0.33191004395484924,276.20442475378513,0
306597,110,562,0.32200637459754944,276.5264311283827,0
306598,110,563,0.3146182596683502,276.84104938805103,0
306599,110,564,0.30877989530563354,277.14982928335667,0
306600,110,565,0.30391982197761536,277.4537491053343,0
306601,110,566,0.3125087022781372,277.7662578076124,0
306602,110,567,0.3064201772212982,278.0726779848337,0
306603,110,568,0.30576226115226746,278.378440245986,0
306604,110,569,0.3019506335258484,278.68039087951183,0
306605,110,570,0.29524853825569153,278.9756394177675,0
306606,110,571,0.28829365968704224,279.26393307745457,0
306607,110,572,0.2853916883468628,279.54932476580143,0
306608,110,573,0.29599055647850037,279.84531532227993,0
306609,110,574,0.2900160849094391,280.13533140718937,0
306610,110,575,0.2835327982902527,280.4188642054796,0
306611,110,576,0.2898019254207611,280.7086661309004,0
306612,110,577,0.2843887507915497,280.99305488169193,0
306613,110,578,0.27793383598327637,281.2709887176752,0
306614,110,579,0.284060537815094,281.5550492554903,0
306615,110,580,0.28210851550102234,281.8371577709913,0
306616,110,581,0.27573859691619873,282.1128963679075,0
306617,110,582,0.26990264654159546,282.3827990144491,0
306618,110,583,0.265787273645401,282.6485862880945,0
306619,110,584,0.2641252875328064,282.9127115756273,0
306620,110,585,0.26240456104278564,283.1751161366701,0
306621,110,586,0.26133936643600464,283.4364555031061,0
306622,110,587,0.2601635456085205,283.69661904871464,0
306623,110,588,0.25898098945617676,283.9556000381708,0
306624,110,589,0.2578151226043701,284.2134151607752,0
306625,110,590,0.2565775215625763,284.46999268233776,0
306626,110,591,0.2552429735660553,284.7252356559038,0
306627,110,592,0.2652861177921295,284.99052177369595,0
306628,110,593,0.25648993253707886,285.247011706233,0
306629,110,594,0.2568826973438263,285.50389440357685,0
306630,110,595,0.2523998022079468,285.7562942057848,0
306631,110,596,0.2463923841714859,286.0026865899563,0
306632,110,597,0.24044102430343628,286.2431276142597,0
306633,110,598,0.25003325939178467,286.4931608736515,0
306634,110,599,0.2446254938840866,286.7377863675356,0
306635,110,600,0.2415391504764557,286.97932551801205,0
306636,110,601,0.2497526854276657,287.2290782034397,0
306637,110,602,0.24839894473552704,287.47747714817524,0
306638,110,603,0.2503788471221924,287.72785599529743,0
306639,110,604,0.24848335981369019,287.9763393551111,0
306640,110,605,0.2425687462091446,288.21890810132027,0
306641,110,606,0.23656584322452545,288.4554739445448,0
306642,110,607,0.23252034187316895,288.68799428641796,0
306643,110,608,0.23031388223171234,288.9183081686497,0
306644,110,609,0.22932949662208557,289.14763766527176,0
306645,110,610,0.22864989936351776,289.3762875646353,0
306646,110,611,0.22809474170207977,289.60438230633736,0
306647,110,612,0.22751156985759735,289.83189387619495,0
306648,110,613,0.23834580183029175,290.07023967802525,0
306649,110,614,0.22973066568374634,290.299970343709,0
306650,110,615,0.23283465206623077,290.5328049957752,0
306651,110,616,0.2256993055343628,290.7585043013096,0
306652,110,617,0.23181375861167908,290.99031805992126,0
306653,110,618,0.22754307091236115,291.2178611308336,0
306654,110,619,0.23203176259994507,291.44989289343357,0
306655,110,620,0.23293086886405945,291.68282376229763,0
306656,110,621,0.2263406217098236,291.90916438400745,0
306657,110,622,0.23196941614151,292.14113380014896,0
306658,110,623,0.2308662235736847,292.37200002372265,0
306659,110,624,0.22546905279159546,292.59746907651424,0
306660,110,625,0.22488273680210114,292.82235181331635,0
306661,110,626,0.2271001785993576,293.0494519919157,0
306662,110,627,0.22237208485603333,293.27182407677174,0
306663,110,628,0.2169407457113266,293.48876482248306,0
306664,110,629,0.2142358273267746,293.70300064980984,0
306665,110,630,0.22225117683410645,293.92525182664394,0
306666,110,631,0.21768489480018616,294.14293672144413,0
306667,110,632,0.21825085580348969,294.3611875772476,0
306668,110,633,0.21509231626987457,294.5762798935175,0
306669,110,634,0.21406950056552887,294.790349394083,0
306670,110,635,0.21364843845367432,295.0039978325367,0
306671,110,636,0.20766451954841614,295.2116623520851,0
306672,110,637,0.21070949733257294,295.4223718494177,0
306673,110,638,0.20446796715259552,295.6268398165703,0
306674,110,639,0.208670511841774,295.83551032841206,0
306675,110,640,0.2036747932434082,296.03918512165546,0
306676,110,641,0.2056567668914795,296.24484188854694,0
306677,110,642,0.2012583315372467,296.4461002200842,0
306678,110,643,0.20507097244262695,296.6511711925268,0
306679,110,644,0.20195326209068298,296.8531244546175,0
306680,110,645,0.19542045891284943,297.04854491353035,0
306681,110,646,0.18941722810268402,297.23796214163303,0
306682,110,647,0.18649180233478546,297.4244539439678,0
306683,110,648,0.18409404158592224,297.60854798555374,0
306684,110,649,0.1829908937215805,297.7915388792753,0
306685,110,650,0.18276800215244293,297.97430688142776,0
306686,110,651,0.18176551163196564,298.15607239305973,0
306687,110,652,0.18094724416732788,298.33701963722706,0
306688,110,653,0.17987017333507538,298.51688981056213,0
306689,110,654,0.19025090336799622,298.70714071393013,0
306690,110,655,0.1832706779241562,298.8904113918543,0
306691,110,656,0.17929670214653015,299.0697080940008,0
306692,110,657,0.17664116621017456,299.246349260211,0
306693,110,658,0.17314110696315765,299.41949036717415,0
306694,110,659,0.17093004286289215,299.59042041003704,0
306695,110,660,0.1810271143913269,299.77144752442837,0
306696,110,661,0.17478768527507782,299.94623520970345,0
306697,110,662,0.17721965909004211,300.1234548687935,0
306698,110,663,0.17617551982402802,300.2996303886175,0
306699,110,664,0.1710350513458252,300.47066543996334,0
306700,110,665,0.16524487733840942,300.63591031730175,0
306701,110,666,0.16384659707546234,300.7997569143772,0
306702,110,667,0.16138087213039398,300.9611377865076,0
306703,110,668,0.16003304719924927,301.12117083370686,0
306704,110,669,0.15925215184688568,301.28042298555374,0
306705,110,670,0.15870565176010132,301.43912863731384,0
306706,110,671,0.1700977236032486,301.6092263609171,0
306707,110,672,0.16223865747451782,301.7714650183916,0
306708,110,673,0.15846018493175507,301.92992520332336,0
306709,110,674,0.1550590693950653,302.08498427271843,0
306710,110,675,0.15229058265686035,302.2372748553753,0
306711,110,676,0.16319262981414795,302.40046748518944,0
306712,110,677,0.1577765792608261,302.55824406445026,0
306713,110,678,0.15252742171287537,302.71077148616314,0
306714,110,679,0.14887386560440063,302.85964535176754,0
306715,110,680,0.15864908695220947,303.01829443871975,0
306716,110,681,0.15315131843090057,303.17144575715065,0
306717,110,682,0.14844679832458496,303.31989255547523,0
306718,110,683,0.14432618021965027,303.4642187356949,0
306719,110,684,0.14180049300193787,303.6060192286968,0
306720,110,685,0.1419990509748459,303.74801827967167,0
306721,110,686,0.15401409566402435,303.9020323753357,0
306722,110,687,0.14951257407665253,304.05154494941235,0
306723,110,688,0.14462026953697205,304.1961652189493,0
306724,110,689,0.14261773228645325,304.33878295123577,0
306725,110,690,0.15222518146038055,304.49100813269615,0
306726,110,691,0.14671853184700012,304.63772666454315,0
306727,110,692,0.15039971470832825,304.7881263792515,0
306728,110,693,0.14844147861003876,304.9365678578615,0
306729,110,694,0.14437712728977203,305.0809449851513,0
306730,110,695,0.1527576744556427,305.23370265960693,0
306731,110,696,0.15098491311073303,305.38468757271767,0
306732,110,697,0.1457744687795639,305.53046204149723,0
306733,110,698,0.14284086227416992,305.6733029037714,0
306734,110,699,0.14111314713954926,305.81441605091095,0
306735,110,700,0.1402045041322708,305.9546205550432,0
306736,110,701,0.14122498035430908,306.09584553539753,0
306737,110,702,0.1416548788547516,306.2375004142523,0
306738,110,703,0.14220674335956573,306.37970715761185,0
306739,110,704,0.14274917542934418,306.5224563330412,0
306740,110,705,0.14323516190052032,306.6656914949417,0
306741,110,706,0.15516889095306396,306.8208603858948,0
306742,110,707,0.15185874700546265,306.97271913290024,0
306743,110,708,0.13965970277786255,307.1123788356781,0
306744,110,709,0.15164700150489807,307.264025837183,0
306745,110,710,0.14917252957820892,307.4131983667612,0
306746,110,711,0.14234796166419983,307.5555463284254,0
306747,110,712,0.13748443126678467,307.6930307596922,0
306748,110,713,0.13600507378578186,307.829035833478,0
306749,110,714,0.13519662618637085,307.96423245966434,0
306750,110,715,0.13528937101364136,308.099521830678,0
306751,110,716,0.14780060946941376,308.2473224401474,0
306752,110,717,0.14171744883060455,308.389039888978,0
306753,110,718,0.13674457371234894,308.52578446269035,0
306754,110,719,0.13316164910793304,308.6589461117983,0
306755,110,720,0.13150081038475037,308.79044692218304,0
306756,110,721,0.13032804429531097,308.92077496647835,0
306757,110,722,0.14230957627296448,309.0630845427513,0
306758,110,723,0.13539773225784302,309.19848227500916,0
306759,110,724,0.13030877709388733,309.32879105210304,0
306760,110,725,0.12709197402000427,309.45588302612305,0
306761,110,726,0.12466325610876083,309.5805462822318,0
306762,110,727,0.13537834584712982,309.71592462807894,0
306763,110,728,0.13052703440189362,309.84645166248083,0
306764,110,729,0.1309148073196411,309.9773664698005,0
306765,110,730,0.12663522362709045,310.10400169342756,0
306766,110,731,0.1231381818652153,310.2271398752928,0
306767,110,732,0.13081899285316467,310.35795886814594,0
306768,110,733,0.12746372818946838,310.4854225963354,0
306769,110,734,0.13261879980564117,310.61804139614105,0
306770,110,735,0.13227804005146027,310.7503194361925,0
306771,110,736,0.13505606353282928,310.88537549972534,0
306772,110,737,0.13209091126918793,311.01746641099453,0
306773,110,738,0.12526756525039673,311.1427339762449,0
306774,110,739,0.13613493740558624,311.2788689136505,0
306775,110,740,0.13360050320625305,311.41246941685677,0
306776,110,741,0.13621702790260315,311.54868644475937,0
306777,110,742,0.1308809071779251,311.6795673519373,0
306778,110,743,0.1343320906162262,311.8138994425535,0
306779,110,744,0.131051167845726,311.94495061039925,0
306780,110,745,0.12342004477977753,312.068370655179,0
306781,110,746,0.11887111514806747,312.1872417703271,0
306782,110,747,0.13237781822681427,312.3196195885539,0
306783,110,748,0.12941965460777283,312.4490392431617,0
306784,110,749,0.1303984671831131,312.5794377103448,0
306785,110,750,0.12899863719940186,312.7084363475442,0
306786,110,751,0.12194403260946274,312.83038038015366,0
306787,110,752,0.1274830400943756,312.95786342024803,0
306788,110,753,0.12566404044628143,313.0835274606943,0
306789,110,754,0.12048278748989105,313.2040102481842,0
306790,110,755,0.11728201806545258,313.32129226624966,0
306791,110,756,0.1157974973320961,313.43708976358175,0
306792,110,757,0.11589061468839645,313.55298037827015,0
306793,110,758,0.11493352800607681,313.6679139062762,0
306794,110,759,0.12689492106437683,313.7948088273406,0
306795,110,760,0.12141188979148865,313.9162207171321,0
306796,110,761,0.11602768301963806,314.03224840015173,0
306797,110,762,0.11182950437068939,314.1440779045224,0
306798,110,763,0.11051487922668457,314.2545927837491,0
306799,110,764,0.12117091566324234,314.37576369941235,0
306800,110,765,0.11677217483520508,314.49253587424755,0
306801,110,766,0.11146257072687149,314.6039984449744,0
306802,110,767,0.10908360034227371,314.7130820453167,0
306803,110,768,0.10619234293699265,314.8192743882537,0
306804,110,769,0.1056172102689743,314.92489159852266,0
306805,110,770,0.10544348508119583,315.03033508360386,0
306806,110,771,0.10545171052217484,315.13578679412603,0
306807,110,772,0.11696311086416245,315.2527499049902,0
306808,110,773,0.1096382662653923,315.3623881712556,0
306809,110,774,0.1131974384188652,315.47558560967445,0
306810,110,775,0.10703752189874649,315.5826231315732,0
306811,110,776,0.09843671321868896,315.6810598447919,0
306812,110,777,0.11332651972770691,315.7943863645196,0
306813,110,778,0.1140117272734642,315.90839809179306,0
306814,110,779,0.10587085038423538,316.0142689421773,0
306815,110,780,0.09941206872463226,316.1136810109019,0
306816,110,781,0.11274277418851852,316.22642378509045,0
306817,110,782,0.11055917292833328,316.3369829580188,0
306818,110,783,0.11297205090522766,316.449955008924,0
306819,110,784,0.11109498888254166,316.56104999780655,0
306820,110,785,0.10700660198926926,316.6680565997958,0
306821,110,786,0.10332244634628296,316.7713790461421,0
306822,110,787,0.10026153177022934,316.87164057791233,0
306823,110,788,0.09900825470685959,316.9706488326192,0
306824,110,789,0.09956589341163635,317.0702147260308,0
306825,110,790,0.10062063485383987,317.17083536088467,0
306826,110,791,0.10119438916444778,317.2720297500491,0
306827,110,792,0.10189466178417206,317.3739244118333,0
306828,110,793,0.10249412804841995,317.4764185398817,0
306829,110,794,0.11464081704616547,317.5910593569279,0
306830,110,795,0.10776828229427338,317.69882763922215,0
306831,110,796,0.10300048440694809,317.8018281236291,0
306832,110,797,0.09973814338445663,317.90156626701355,0
306833,110,798,0.109622523188591,318.01118879020214,0
306834,110,799,0.10433432459831238,318.11552311480045,0
306835,110,800,0.09969808906316757,318.2152212038636,0
306836,110,801,0.09806779026985168,318.3132889941335,0
306837,110,802,0.0960933268070221,318.4093823209405,0
306838,110,803,0.09607750177383423,318.50545982271433,0
306839,110,804,0.09627211093902588,318.60173193365335,0
306840,110,805,0.09689079225063324,318.698622725904,0
306841,110,806,0.10936722159385681,318.80798994749784,0
306842,110,807,0.1071338877081871,318.91512383520603,0
306843,110,808,0.1064869686961174,319.02161080390215,0
306844,110,809,0.10334789752960205,319.12495870143175,0
306845,110,810,0.09841407835483551,319.2233727797866,0
306846,110,811,0.09497245401144028,319.318345233798,0
306847,110,812,0.1064605638384819,319.4248057976365,0
306848,110,813,0.10332286357879639,319.5281286612153,0
306849,110,814,0.09963352978229523,319.6277621909976,0
306850,110,815,0.09864971786737442,319.726411908865,0
306851,110,816,0.10922112315893173,319.8356330320239,0
306852,110,817,0.10454358905553818,319.94017662107944,0
306853,110,818,0.10636647790670395,320.04654309898615,0
306854,110,819,0.10250244289636612,320.1490455418825,0
306855,110,820,0.09879682213068008,320.2478423640132,0
306856,110,821,0.09588189423084259,320.34372425824404,0
306857,110,822,0.0943809226155281,320.43810518085957,0
306858,110,823,0.09457475692033768,320.5326799377799,0
306859,110,824,0.09542201459407806,320.628101952374,0
306860,110,825,0.10838056355714798,320.73648251593113,0
306861,110,826,0.10158921033143997,320.83807172626257,0
306862,110,827,0.09703394025564194,320.9351056665182,0
306863,110,828,0.09390273690223694,321.02900840342045,0
306864,110,829,0.09214882552623749,321.1211572289467,0
306865,110,830,0.0914764404296875,321.2126336693764,0
306866,110,831,0.09148252755403519,321.3041161969304,0
306867,110,832,0.09228118509054184,321.39639738202095,0
306868,110,833,0.09278928488492966,321.4891866669059,0
306869,110,834,0.09332992136478424,321.58251658827066,0
306870,110,835,0.09383587539196014,321.6763524636626,0
306871,110,836,0.10581904649734497,321.78217151015997,0
306872,110,837,0.09917467087507248,321.88134618103504,0
306873,110,838,0.09577478468418121,321.9771209657192,0
306874,110,839,0.0923345535993576,322.0694555193186,0
306875,110,840,0.10296888649463654,322.1724244058132,0
306876,110,841,0.09961285442113876,322.27203726023436,0
306877,110,842,0.10266248136758804,322.37469974160194,0
306878,110,843,0.10104583948850632,322.47574558109045,0
306879,110,844,0.10381733626127243,322.5795629173517,0
306880,110,845,0.10012753307819366,322.6796904504299,0
306881,110,846,0.09714007377624512,322.77683052420616,0
306882,110,847,0.09565611183643341,322.8724866360426,0
306883,110,848,0.09385020285844803,322.96633683890104,0
306884,110,849,0.09341470152139664,323.05975154042244,0
306885,110,850,0.09356144815683365,323.1533129885793,0
306886,110,851,0.09432701766490936,323.2476400062442,0
306887,110,852,0.09464293718338013,323.34228294342756,0
306888,110,853,0.09485175460577011,323.43713469803333,0
306889,110,854,0.09495997428894043,323.5320946723223,0
306890,110,855,0.09496887028217316,323.62706354260445,0
306891,110,856,0.09490051120519638,323.72196405380964,0
306892,110,857,0.09477873146533966,323.816742785275,0
306893,110,858,0.10623729228973389,323.9229800775647,0
306894,110,859,0.09837180376052856,324.02135188132524,0
306895,110,860,0.09340761601924896,324.1147594973445,0
306896,110,861,0.09172730147838593,324.2064867988229,0
306897,110,862,0.08910614252090454,324.2955929413438,0
306898,110,863,0.08876533061265945,324.38435827195644,0
306899,110,864,0.08796036243438721,324.47231863439083,0
306900,110,865,0.08822423964738846,324.5605428740382,0
306901,110,866,0.08802778273820877,324.6485706567764,0
306902,110,867,0.08790799975395203,324.7364786565304,0
306903,110,868,0.08786793053150177,324.8243465870619,0
306904,110,869,0.08774852007627487,324.91209510713816,0
306905,110,870,0.09927736222743988,325.0113724693656,0
306906,110,871,0.0915348008275032,325.1029072701931,0
306907,110,872,0.08655328303575516,325.18946055322886,0
306908,110,873,0.09343022108078003,325.28289077430964,0
306909,110,874,0.09152493625879288,325.3744157105684,0
306910,110,875,0.0873013436794281,325.46171705424786,0
306911,110,876,0.08270782232284546,325.5444248765707,0
306912,110,877,0.08145350217819214,325.6258783787489,0
306913,110,878,0.09387535601854324,325.71975373476744,0
306914,110,879,0.08823008090257645,325.80798381567,0
306915,110,880,0.08330543339252472,325.89128924906254,0
306916,110,881,0.08212883770465851,325.9734180867672,0
306917,110,882,0.09278611093759537,326.0662041977048,0
306918,110,883,0.08767963945865631,326.15388383716345,0
306919,110,884,0.0837918221950531,326.2376756593585,0
306920,110,885,0.08237333595752716,326.32004899531603,0
306921,110,886,0.09252767264842987,326.41257666796446,0
306922,110,887,0.089169941842556,326.501746609807,0
306923,110,888,0.09522093832492828,326.59696754813194,0
306924,110,889,0.09124337881803513,326.68821092695,0
306925,110,890,0.08621878176927567,326.77442970871925,0
306926,110,891,0.08200874924659729,326.85643845796585,0
306927,110,892,0.09332258254289627,326.94976104050875,0
306928,110,893,0.09109067171812057,327.04085171222687,0
306929,110,894,0.09634283185005188,327.1371945440769,0
306930,110,895,0.09222032874822617,327.22941487282515,0
306931,110,896,0.08654408901929855,327.31595896184444,0
306932,110,897,0.09514690935611725,327.41110587120056,0
306933,110,898,0.09136705100536346,327.5024729222059,0
306934,110,899,0.0864076092839241,327.58888053148985,0
306935,110,900,0.08301018923521042,327.67189072072506,0
306936,110,901,0.08082576841115952,327.7527164891362,0
306937,110,902,0.0934925302863121,327.84620901942253,0
306938,110,903,0.08805646002292633,327.93426547944546,0
306939,110,904,0.08556894212961197,328.01983442157507,0
306940,110,905,0.08220159262418747,328.10203601419926,0
306941,110,906,0.0806017592549324,328.1826377734542,0
306942,110,907,0.07997994124889374,328.2626177147031,0
306943,110,908,0.08012107014656067,328.34273878484964,0
306944,110,909,0.09260448813438416,328.435343272984,0
306945,110,910,0.0899636298418045,328.52530690282583,0
306946,110,911,0.0893799290060997,328.61468683183193,0
306947,110,912,0.08556143194437027,328.7002482637763,0
306948,110,913,0.09216706454753876,328.79241532832384,0
306949,110,914,0.09057056158781052,328.88298588991165,0
306950,110,915,0.08601140975952148,328.9689972996712,0
306951,110,916,0.08137688785791397,329.0503741875291,0
306952,110,917,0.07952459156513214,329.1298987790942,0
306953,110,918,0.08048076182603836,329.21037954092026,0
306954,110,919,0.08083626627922058,329.2912158071995,0
306955,110,920,0.09426234662532806,329.3854781538248,0
306956,110,921,0.09201771020889282,329.4774958640337,0
306957,110,922,0.08403034508228302,329.561526209116,0
306958,110,923,0.09530404955148697,329.65683025866747,0
306959,110,924,0.09088320285081863,329.7477134615183,0
306960,110,925,0.08622119575738907,329.8339346572757,0
306961,110,926,0.09670824557542801,329.9306429028511,0
306962,110,927,0.09203653037548065,330.0226794332266,0
306963,110,928,0.08692388981580734,330.1096033230424,0
306964,110,929,0.08333747088909149,330.1929407939315,0
306965,110,930,0.09565675258636475,330.28859754651785,0
306966,110,931,0.09012410789728165,330.37872165441513,0
306967,110,932,0.09417563676834106,330.4728972911835,0
306968,110,933,0.08717653155326843,330.56007382273674,0
306969,110,934,0.08238177746534348,330.6424556002021,0
306970,110,935,0.0784011036157608,330.72085670381784,0
306971,110,936,0.07742100208997726,330.7982777059078,0
306972,110,937,0.09103666990995407,330.8893143758178,0
306973,110,938,0.08929044753313065,330.9786048233509,0
306974,110,939,0.07888612896203995,331.05749095231295,0
306975,110,940,0.07249891757965088,331.1299898698926,0
306976,110,941,0.08857215195894241,331.21856202185154,0
306977,110,942,0.08606386929750443,331.30462589114904,0
306978,110,943,0.09336475282907486,331.3979906439781,0
306979,110,944,0.08701834827661514,331.48500899225473,0
306980,110,945,0.07923856377601624,331.56424755603075,0
306981,110,946,0.0924006849527359,331.6566482409835,0
306982,110,947,0.08834023028612137,331.7449884712696,0
306983,110,948,0.09101611375808716,331.8360045850277,0
306984,110,949,0.08967699110507965,331.9256815761328,0
306985,110,950,0.0949612557888031,332.0206428319216,0
306986,110,951,0.08961541950702667,332.1102582514286,0
306987,110,952,0.08243764936923981,332.19269590079784,0
306988,110,953,0.09428410977125168,332.2869800105691,0
306989,110,954,0.09424281120300293,332.3812228217721,0
306990,110,955,0.09740487486124039,332.47862769663334,0
306991,110,956,0.0975237786769867,332.5761514753103,0
306992,110,957,0.09893165528774261,332.67508313059807,0
306993,110,958,0.09867914021015167,332.7737622708082,0
306994,110,959,0.0975244864821434,332.87128675729036,0
306995,110,960,0.097956582903862,332.9692433401942,0
306996,110,961,0.09953679889440536,333.06878013908863,0
306997,110,962,0.09262870252132416,333.16140884160995,0
306998,110,963,0.10055292397737503,333.26196176558733,0
306999,110,964,0.09742575138807297,333.3593875169754,0
307000,110,965,0.1005357950925827,333.459923312068,0
307001,110,966,0.09613412618637085,333.55605743825436,0
307002,110,967,0.10174550116062164,333.657802939415,0
307003,110,968,0.09923461079597473,333.75703755021095,0
307004,110,969,0.0932309627532959,333.85026851296425,0
307005,110,970,0.10140340775251389,333.95167192071676,0
307006,110,971,0.0958586037158966,334.04753052443266,0
307007,110,972,0.10047193616628647,334.14800246059895,0
307008,110,973,0.09889072924852371,334.24689318984747,0
307009,110,974,0.09208585321903229,334.3389790430665,0
307010,110,975,0.08763578534126282,334.42661482840776,0
307011,110,976,0.10074497759342194,334.5273598060012,0
307012,110,977,0.09594031423330307,334.6233001202345,0
307013,110,978,0.09317272901535034,334.71647284924984,0
307014,110,979,0.09963368624448776,334.8161065354943,0
307015,110,980,0.0936209037899971,334.9097274392843,0
307016,110,981,0.0982184186577797,335.0079458579421,0
307017,110,982,0.09588951617479324,335.1038353741169,0
307018,110,983,0.09218102693557739,335.1960164010525,0
307019,110,984,0.0881054699420929,335.28412187099457,0
307020,110,985,0.08575835078954697,335.3698802217841,0
307021,110,986,0.09819206595420837,335.4680722877383,0
307022,110,987,0.09216983616352081,335.56024212390184,0
307023,110,988,0.08697562664747238,335.6472177505493,0
307024,110,989,0.08286256343126297,335.7300803139806,0
307025,110,990,0.09374506026506424,335.82382537424564,0
307026,110,991,0.09023121744394302,335.9140565916896,0
307027,110,992,0.08046349138021469,335.9945200830698,0
307028,110,993,0.07651659846305847,336.07103668153286,0
307029,110,994,0.09195467084646225,336.1629913523793,0
307030,110,995,0.0900035947561264,336.25299494713545,0
307031,110,996,0.08102201670408249,336.33401696383953,0
307032,110,997,0.07406787574291229,336.40808483958244,0
307033,110,998,0.08571548759937286,336.4938003271818,0
307034,110,999,0.08389453589916229,336.577694863081,0
307035,110,1000,0.07491395622491837,336.6526088193059,0
307036,110,1001,0.0852852389216423,336.73789405822754,0
307037,110,1002,0.08232921361923218,336.82022327184677,0
307038,110,1003,0.07493524253368378,336.89515851438046,0
307039,110,1004,0.06935351341962814,336.9645120278001,0
307040,110,1005,0.08118999749422073,337.0457020252943,0
307041,110,1006,0.07921002805233002,337.12491205334663,0
307042,110,1007,0.08300027251243591,337.20791232585907,0
307043,110,1008,0.081365667283535,337.2892779931426,0
307044,110,1009,0.07873738557100296,337.3680153787136,0
307045,110,1010,0.08704349398612976,337.45505887269974,0
307046,110,1011,0.08600281924009323,337.54106169193983,0
307047,110,1012,0.08966359496116638,337.630725286901,0
307048,110,1013,0.08941590785980225,337.7201411947608,0
307049,110,1014,0.08436062932014465,337.80450182408094,0
307050,110,1015,0.07930216193199158,337.88380398601294,0
307051,110,1016,0.08973711729049683,337.97354110330343,0
307052,110,1017,0.08688173443078995,338.0604228377342,0
307053,110,1018,0.07816170901060104,338.1385845467448,0
307054,110,1019,0.09248247742652893,338.23106702417135,0
307055,110,1020,0.0925392135977745,338.3236062377691,0
307056,110,1021,0.0852622538805008,338.4088684916496,0
307057,110,1022,0.09371627867221832,338.50258477032185,0
307058,110,1023,0.09068924933671951,338.59327401965857,0
307059,110,1024,0.08678628504276276,338.6800603047013,0
307060,110,1025,0.09693785756826401,338.7769981622696,0
307061,110,1026,0.09354127198457718,338.87053943425417,0
307062,110,1027,0.0951797217130661,338.96571915596724,0
307063,110,1028,0.08847316354513168,339.05419231951237,0
307064,110,1029,0.09574657678604126,339.1499388962984,0
307065,110,1030,0.09207477420568466,339.2420136705041,0
307066,110,1031,0.09582645446062088,339.3378401249647,0
307067,110,1032,0.09450637549161911,339.43234650045633,0
307068,110,1033,0.08894070982933044,339.52128721028566,0
307069,110,1034,0.0840088427066803,339.60529605299234,0
307070,110,1035,0.0963226854801178,339.70161873847246,0
307071,110,1036,0.09325724095106125,339.7948759794235,0
307072,110,1037,0.088565394282341,339.88344137370586,0
307073,110,1038,0.09800434857606888,339.98144572228193,0
307074,110,1039,0.09193821996450424,340.07338394224644,0
307075,110,1040,0.09836206585168839,340.1717460080981,0
307076,110,1041,0.0964735895395279,340.26821959763765,0
307077,110,1042,0.10259594023227692,340.37081553786993,0
307078,110,1043,0.1010383665561676,340.4718539044261,0
307079,110,1044,0.10169251263141632,340.5735464170575,0
307080,110,1045,0.10186938941478729,340.6754158064723,0
307081,110,1046,0.09864778816699982,340.7740635946393,0
307082,110,1047,0.09343550354242325,340.8674990981817,0
307083,110,1048,0.0928628221154213,340.96036192029715,0
307084,110,1049,0.09144904464483261,341.051810964942,0
307085,110,1050,0.09149207919836044,341.14330304414034,0
307086,110,1051,0.10141871869564056,341.244721762836,0
307087,110,1052,0.10191652178764343,341.3466382846236,0
307088,110,1053,0.09190776199102402,341.43854604661465,0
307089,110,1054,0.10094522684812546,341.5394912734628,0
307090,110,1055,0.10204394906759262,341.64153522253036,0
307091,110,1056,0.10023048520088196,341.74176570773125,0
307092,110,1057,0.09436003118753433,341.8361257389188,0
307093,110,1058,0.09806277602910995,341.9341885149479,0
307094,110,1059,0.10175588726997375,342.03594440221786,0
307095,110,1060,0.10018596053123474,342.1361303627491,0
307096,110,1061,0.10182097554206848,342.23795133829117,0
307097,110,1062,0.0982888787984848,342.33624021708965,0
307098,110,1063,0.09499654918909073,342.43123676627874,0
307099,110,1064,0.09316638112068176,342.5244031473994,0
307100,110,1065,0.09999379515647888,342.6243969425559,0
307101,110,1066,0.10205988585948944,342.7264568284154,0
307102,110,1067,0.09823081642389297,342.8246876448393,0
307103,110,1068,0.09630298614501953,342.9209906309843,0
307104,110,1069,0.0934479832649231,343.01443861424923,0
307105,110,1070,0.1005365252494812,343.1149751394987,0
307106,110,1071,0.09862697124481201,343.2136021107435,0
307107,110,1072,0.09333119541406631,343.3069333061576,0
307108,110,1073,0.10182618349790573,343.4087594896555,0
307109,110,1074,0.09400768578052521,343.502767175436,0
307110,110,1075,0.08453139662742615,343.58729857206345,0
307111,110,1076,0.09777577966451645,343.68507435172796,0
307112,110,1077,0.09518127143383026,343.7802556231618,0
307113,110,1078,0.09453850239515305,343.87479412555695,0
307114,110,1079,0.09356875717639923,343.96836288273335,0
307115,110,1080,0.09370703995227814,344.0620699226856,0
307116,110,1081,0.09583037346601486,344.15790029615164,0
307117,110,1082,0.09501849859952927,344.25291879475117,0
307118,110,1083,0.09154392778873444,344.3444627225399,0
307119,110,1084,0.10202986747026443,344.44649259001017,0
307120,110,1085,0.10162428766489029,344.54811687767506,0
307121,110,1086,0.09696519374847412,344.64508207142353,0
307122,110,1087,0.09350088983774185,344.7385829612613,0
307123,110,1088,-10.0,334.7385829612613,1
307124,111,1,0.21235546469688416,0.21235546469688416,0
307125,111,2,0.21201542019844055,0.4243708848953247,0
307126,111,3,0.20666559040546417,0.6310364753007889,0
307127,111,4,0.20223850011825562,0.8332749754190445,0
307128,111,5,0.20005200803279877,1.0333269834518433,0
307129,111,6,0.20078551769256592,1.2341125011444092,0
307130,111,7,0.21102966368198395,1.4451421648263931,0
307131,111,8,0.20757807791233063,1.6527202427387238,0
307132,111,9,0.20308908820152283,1.8558093309402466,0
307133,111,10,0.20057560503482819,2.0563849359750748,0
307134,111,11,0.21108315885066986,2.2674680948257446,0
307135,111,12,0.2061428427696228,2.4736109375953674,0
307136,111,13,0.2015499621629715,2.675160899758339,0
307137,111,14,0.1978854537010193,2.873046353459358,0
307138,111,15,0.1960534155368805,3.0690997689962387,0
307139,111,16,0.20821356773376465,3.2773133367300034,0
307140,111,17,0.203392893075943,3.4807062298059464,0
307141,111,18,0.19893617928028107,3.6796424090862274,0
307142,111,19,0.1960124969482422,3.8756549060344696,0
307143,111,20,0.19409087300300598,4.069745779037476,0
307144,111,21,0.19352388381958008,4.263269662857056,0
307145,111,22,0.19361446797847748,4.456884130835533,0
307146,111,23,0.20541800558567047,4.662302136421204,0
307147,111,24,0.19931767880916595,4.86161981523037,0
307148,111,25,0.1951284259557724,5.056748241186142,0
307149,111,26,0.19223597645759583,5.248984217643738,0
307150,111,27,0.19071756303310394,5.439701780676842,0
307151,111,28,0.191316619515419,5.631018400192261,0
307152,111,29,0.20333075523376465,5.834349155426025,0
307153,111,30,0.19768938422203064,6.032038539648056,0
307154,111,31,0.2016056776046753,6.233644217252731,0
307155,111,32,0.1952194720506668,6.428863689303398,0
307156,111,33,0.2017517238855362,6.630615413188934,0
307157,111,34,0.19899903237819672,6.829614445567131,0
307158,111,35,0.19330202043056488,7.022916465997696,0
307159,111,36,0.18924960494041443,7.21216607093811,0
307160,111,37,0.1881280392408371,7.4002941101789474,0
307161,111,38,0.18834009766578674,7.588634207844734,0
307162,111,39,0.18941651284694672,7.778050720691681,0
307163,111,40,0.19095028936862946,7.96900101006031,0
307164,111,41,0.1925741732120514,8.161575183272362,0
307165,111,42,0.19408945739269257,8.355664640665054,0
307166,111,43,0.1956133097410202,8.551277950406075,0
307167,111,44,0.19704963266849518,8.74832758307457,0
307168,111,45,0.19837813079357147,8.946705713868141,0
307169,111,46,0.2105395346879959,9.157245248556137,0
307170,111,47,0.20525036752223969,9.362495616078377,0
307171,111,48,0.20214508473873138,9.564640700817108,0
307172,111,49,0.21018025279045105,9.77482095360756,0
307173,111,50,0.20901793241500854,9.983838886022568,0
307174,111,51,0.20692092180252075,10.190759807825089,0
307175,111,52,0.20380696654319763,10.394566774368286,0
307176,111,53,0.2023008018732071,10.596867576241493,0
307177,111,54,0.21548335254192352,10.812350928783417,0
307178,111,55,0.21237027645111084,11.024721205234528,0
307179,111,56,0.21481692790985107,11.239538133144379,0
307180,111,57,0.21179579198360443,11.451333925127983,0
307181,111,58,0.21581308543682098,11.667147010564804,0
307182,111,59,0.2149360328912735,11.882083043456078,0
307183,111,60,0.2122795730829239,12.094362616539001,0
307184,111,61,0.20842529833316803,12.30278791487217,0
307185,111,62,0.20787276327610016,12.51066067814827,0
307186,111,63,0.22103998064994812,12.731700658798218,0
307187,111,64,0.2183559387922287,12.950056597590446,0
307188,111,65,0.21729138493537903,13.167347982525826,0
307189,111,66,0.2258109152317047,13.39315889775753,0
307190,111,67,0.22359001636505127,13.616748914122581,0
307191,111,68,0.22781051695346832,13.84455943107605,0
307192,111,69,0.2247040867805481,14.069263517856598,0
307193,111,70,0.21946382522583008,14.288727343082428,0
307194,111,71,0.22891008853912354,14.517637431621552,0
307195,111,72,0.22595040500164032,14.743587836623192,0
307196,111,73,0.22253616154193878,14.96612399816513,0
307197,111,74,0.21905064582824707,15.185174643993378,0
307198,111,75,0.23022665083408356,15.415401294827461,0
307199,111,76,0.22617599368095398,15.641577288508415,0
307200,111,77,0.22203481197357178,15.863612100481987,0
