timestamp,pos_x,pos_y,pos_z,pitch,roll,yaw,servo_angle
1.1845860481262207,1.8444114,-2.115575,0.7977895,0.001175095,-0.024550915,-0.8981972,0.0
1.2250733375549316,1.844816,-2.1155186,0.7977574,0.0014977389,-0.024437133,-0.89846224,59.012703
1.2663941383361816,1.845039,-2.1152878,0.7976807,0.0024181262,-0.024206484,-0.8988711,59.012703
1.3049366474151611,1.8456287,-2.1153388,0.79791015,0.0014884527,-0.024438906,-0.8993051,59.012703
1.3460514545440674,1.8460637,-2.1147306,0.79788244,0.0042133094,-0.024674438,-0.8999351,59.012703
1.3845765590667725,1.8463513,-2.1147165,0.79785603,0.0041605304,-0.025057882,-0.9002087,59.012703
1.4239022731781006,1.8465078,-2.1147437,0.797577,0.0038309854,-0.025171971,-0.9004833,59.012703
1.4635937213897705,1.8469069,-2.1143396,0.7973278,0.0040488234,-0.02555135,-0.9008726,59.012703
1.5025384426116943,1.8473353,-2.1141028,0.7971366,0.004533277,-0.025382606,-0.9012877,59.012703
1.5779359340667725,1.8486012,-2.11351,0.7967303,0.005340489,-0.024827676,-0.9016968,59.012703
1.616692304611206,1.8486425,-2.1132152,0.7967418,0.0058263927,-0.02465837,-0.9019609,59.012703
1.6548385620117188,1.8492459,-2.112988,0.7967259,0.006962587,-0.024262514,-0.90233624,59.012703
1.6940953731536865,1.8498354,-2.1124692,0.79640895,0.0076672244,-0.024201192,-0.9027513,59.012703
1.7325234413146973,1.8503447,-2.1120405,0.7963352,0.00837082,-0.024139037,-0.90313375,59.012703
1.7722430229187012,1.8508207,-2.111586,0.7962223,0.00918209,-0.0241328,-0.90381926,59.012703
1.8103957176208496,1.8512485,-2.1109505,0.796432,0.010484866,-0.024229677,-0.9044688,59.012703
1.8508260250091553,1.85148,-2.1105351,0.79630923,0.011405992,-0.024278097,-0.9051547,59.012703
1.869234323501587,1.8524337,-2.110167,0.7967154,0.01243695,-0.024380567,-0.90584046,59.012703
1.9078500270843506,1.8525531,-2.109861,0.7965959,0.012760042,-0.024269586,-0.90610844,59.012703
1.946716547012329,1.8528464,-2.1093576,0.7964986,0.013411151,-0.02431812,-0.9063418,59.012703
1.9857547283172607,1.8535745,-2.108785,0.7964208,0.0139519,-0.024317173,-0.9069126,59.012703
2.0254437923431396,1.8538969,-2.1082542,0.7965452,0.014819098,-0.02447518,-0.90741605,59.012703
2.0634186267852783,1.8540025,-2.1080658,0.79633653,0.015307315,-0.02458311,-0.90783596,59.012703
2.102365732192993,1.8541733,-2.1076798,0.7963393,0.01595973,-0.024633558,-0.908103,59.012703
2.1419525146484375,1.8541167,-2.1075253,0.7956998,0.016068555,-0.024688665,-0.9082544,59.012703
2.1795144081115723,1.8549798,-2.106932,0.7964217,0.017265439,-0.024733383,-0.90848553,59.012703
2.217036247253418,1.8553166,-2.1066692,0.7961861,0.018030968,-0.024835503,-0.9084815,59.012703
2.254770517349243,1.8555243,-2.1063485,0.79613596,0.018303996,-0.024832975,-0.90848,59.012703
2.292111396789551,1.8552818,-2.1062768,0.7955624,0.018962363,-0.024880659,-0.9083577,59.012703
2.3314013481140137,1.855838,-2.1057773,0.79590446,0.01973223,-0.024978306,-0.9079311,59.012703
2.370551824569702,1.8555238,-2.1056907,0.79548234,0.020115865,-0.02502749,-0.9077773,59.012703
2.4082250595092773,1.8557402,-2.1054091,0.7952933,0.020777779,-0.025072012,-0.9073845,59.012703
2.486626148223877,1.8561791,-2.104671,0.7956373,0.021390587,-0.025221266,-0.9065693,59.012703
2.524566650390625,1.8559233,-2.1049125,0.7952366,0.021667913,-0.025213692,-0.9061455,59.012703
2.5642359256744385,1.85622,-2.1044195,0.79560405,0.021728622,-0.025372112,-0.90572256,59.012703
2.6039745807647705,1.8563614,-2.1042433,0.79572016,0.021845449,-0.025419664,-0.9051807,59.012703
2.6431174278259277,1.8561006,-2.1042058,0.7956309,0.021855144,-0.025412709,-0.9045207,59.012703
2.6825432777404785,1.8559949,-2.104378,0.795838,0.021809675,-0.025514763,-0.9038279,59.012703
2.721964120864868,1.8558111,-2.1041315,0.7957248,0.021762626,-0.025620604,-0.90343887,59.012703
2.7608039379119873,1.8556803,-2.1041613,0.79578656,0.021713745,-0.025725638,-0.90301687,59.012703
2.8000357151031494,1.8554492,-2.104414,0.7959691,0.021720003,-0.025721675,-0.90262777,59.012703
2.8398830890655518,1.8550552,-2.1042783,0.7960136,0.02156211,-0.025771625,-0.90205467,59.012703
2.8780596256256104,1.8551463,-2.1045673,0.7962122,0.021351252,-0.025936106,-0.9018183,59.012703
2.916612148284912,1.8543463,-2.1048281,0.7955708,0.021028625,-0.026046598,-0.90154946,59.012703
2.9533822536468506,1.85381,-2.1046658,0.7955884,0.02070603,-0.02615718,-0.9012808,59.012703
2.991366147994995,1.8542068,-2.1050088,0.7962402,0.020271698,-0.026213773,-0.90097976,59.012703
3.0292961597442627,1.853861,-2.10536,0.79649633,0.019948255,-0.02632633,-0.90086293,59.012703
3.0685360431671143,1.8533434,-2.1054316,0.796162,0.019622099,-0.026439797,-0.9008647,59.012703
3.1065733432769775,1.8529112,-2.1056373,0.79624015,0.019022914,-0.026556827,-0.90086824,59.012703
3.144320487976074,1.8526899,-2.10585,0.79635036,0.018699465,-0.026669526,-0.9007517,59.012703
3.181084394454956,1.8519374,-2.1062944,0.79586774,0.01809758,-0.026787326,-0.9008741,59.012703
3.220560312271118,1.8519542,-2.1066153,0.79648393,0.017498404,-0.026904356,-0.90087813,59.012703
3.2586653232574463,1.8512388,-2.1071527,0.7961985,0.016789282,-0.026968217,-0.9008831,59.012703
3.296862840652466,1.8506935,-2.1074436,0.79626924,0.016189054,-0.027086858,-0.9010392,59.012703
3.334139823913574,1.8500379,-2.107714,0.79623747,0.015589863,-0.02720386,-0.9010439,59.012703
3.3722689151763916,1.8496252,-2.1078978,0.7966961,0.01487963,-0.027269226,-0.9012011,59.012703
3.4140818119049072,1.8488857,-2.108179,0.7966409,0.014443511,-0.027329478,-0.90120476,59.012703
3.4524171352386475,1.848534,-2.1090007,0.7966183,0.013732884,-0.027392125,-0.90117776,59.012703
3.491788864135742,1.8481945,-2.1092393,0.7965619,0.0129694585,-0.027567234,-0.9013366,59.012703
3.5290746688842773,1.8478607,-2.1094837,0.79663575,0.012150409,-0.027577767,-0.90134394,59.012703
3.566300392150879,1.8473587,-2.1098306,0.79657745,0.011551216,-0.027645003,-0.90135336,59.012703
3.6045656204223633,1.846932,-2.110183,0.79659075,0.010895266,-0.027648514,-0.9013559,59.012703
3.6473171710968018,1.8466295,-2.110594,0.79666257,0.009966313,-0.02760585,-0.90136474,59.012703
3.6918318271636963,1.846171,-2.1110075,0.7966639,0.009312889,-0.0275597,-0.9012524,63.401093
3.7714664936065674,1.8454034,-2.1117487,0.7967589,0.009689518,-0.027610635,-0.90163773,60.95346
3.8159024715423584,1.8450168,-2.1122239,0.7967878,0.007234654,-0.027916035,-0.9018174,58.56108
3.8564186096191406,1.8444127,-2.1125267,0.79668623,0.0066367947,-0.028031735,-0.9016733,58.75878
3.896197557449341,1.8441253,-2.112843,0.79667395,0.0036967313,-0.028233092,-0.9013216,56.894333
3.934253454208374,1.8439808,-2.1130853,0.79683805,0.0038612708,-0.028175408,-0.9011674,57.25332
4.0099005699157715,1.8438507,-2.1137478,0.796907,0.001575211,-0.027877118,-0.9003838,55.771095
4.0484700202941895,1.8436005,-2.1139665,0.79664683,0.00044155298,-0.028001668,-0.8995903,48.340134
4.08582615852356,1.8436431,-2.1144173,0.79665124,0.00029543208,-0.028603788,-0.8989075,56.207565
4.122990369796753,1.843425,-2.1148708,0.7962839,-0.0002952198,-0.028177436,-0.89786464,56.399338
4.165118217468262,1.843452,-2.114643,0.7965974,-0.00055809773,-0.027634576,-0.8964806,49.221863
4.203033924102783,1.8433269,-2.1148887,0.79620934,-0.00066025107,-0.027035601,-0.89524573,57.12973
4.240583896636963,1.8440919,-2.1148589,0.7969193,-0.0007684478,-0.026165945,-0.89419293,57.428307
4.280672788619995,1.8448017,-2.1149964,0.7972319,0.00047990776,-0.024997938,-0.8932059,48.881958
4.31940484046936,1.8451273,-2.115275,0.7972936,0.0009114503,-0.023843104,-0.89196193,57.090004
4.358379125595093,1.8457668,-2.1152976,0.797697,0.00025352082,-0.022981282,-0.89088535,57.36022
4.397348642349243,1.8467124,-2.115589,0.79838294,0.0017841564,-0.022626124,-0.89020956,49.220062
4.437073469161987,1.8472246,-2.1154568,0.7986126,0.002298986,-0.020430988,-0.88923043,56.333847
4.51522159576416,1.8487058,-2.1156108,0.7992033,0.0037555727,-0.018817715,-0.8878639,56.284317
4.555063009262085,1.8494903,-2.1152036,0.79948306,0.0049483846,-0.018302971,-0.8877344,57.446953
4.595091342926025,1.8504866,-2.1152189,0.7999375,0.005041731,-0.017262407,-0.8871918,56.06324
4.632752895355225,1.8508188,-2.115403,0.80000746,0.005356077,-0.016600834,-0.8871871,56.445564
4.6714026927948,1.8515693,-2.1156397,0.80016357,0.005507762,-0.01599713,-0.887184,48.09732
4.709841012954712,1.8521547,-2.1156864,0.8004943,0.0059833415,-0.015277756,-0.88729686,59.55967
4.748102903366089,1.8532188,-2.1160955,0.80105734,0.006452325,-0.014287071,-0.8877115,47.724197
4.786657333374023,1.8540615,-2.1157198,0.8012072,0.0064424495,-0.014016566,-0.8883994,61.115593
4.826120138168335,1.8550122,-2.1157663,0.8012566,0.00598688,-0.013537701,-0.88974476,61.033737
4.94773006439209,1.8566065,-2.115179,0.80062395,0.009230229,-0.012945283,-0.89296144,77.0618
4.989049434661865,1.8570836,-2.114888,0.80072844,0.007104271,-0.0139715,-0.8950072,77.294785
5.0653300285339355,1.8587133,-2.1149595,0.80047053,0.004954045,-0.013538461,-0.90504014,78.59372
5.10249137878418,1.8598084,-2.1149442,0.80138737,0.0034277134,-0.013514096,-0.91282034,59.14454
5.1412413120269775,1.8605468,-2.1148994,0.8012477,0.0017578283,-0.013530287,-0.9176004,59.208786
5.179879665374756,1.8611513,-2.1151836,0.8016677,0.0003726148,-0.013429181,-0.92862904,57.647972
5.217896223068237,1.8616968,-2.1153176,0.8014927,-0.0022192106,-0.013250299,-0.9408133,58.725204
5.25878119468689,1.8628113,-2.1155396,0.8021799,-0.003694223,-0.013484827,-0.95688546,56.799004
5.297529697418213,1.862789,-2.1152976,0.801941,-0.0072043426,-0.013727299,-0.9665742,56.99977
5.333997488021851,1.8642066,-2.1145113,0.8027203,-0.008131162,-0.014201195,-0.9802415,57.87847
5.37385630607605,1.8643155,-2.1139724,0.8021596,-0.0075579947,-0.015203764,-0.99453783,69.42168
5.412648439407349,1.8650547,-2.1128008,0.80223536,-0.0076636113,-0.016405394,-1.0088664,56.97014
5.450532913208008,1.8657054,-2.1117089,0.80219233,-0.007646318,-0.01768106,-1.0193434,59.489906
5.527674913406372,1.8668803,-2.1097274,0.8017682,-0.006363944,-0.023123149,-1.051707,58.828606
5.566168308258057,1.867787,-2.108005,0.80171245,-0.0059770355,-0.025524862,-1.0651565,58.88623
5.605383634567261,1.8685399,-2.1063232,0.8009263,-0.004549284,-0.027416028,-1.0750803,72.910225
5.6442787647247314,1.8689076,-2.1049893,0.80029744,-0.003320096,-0.030401465,-1.0912031,56.870316
5.681507587432861,1.8699403,-2.103762,0.80029184,-0.0019052711,-0.032493506,-1.1013485,56.10025
5.720249176025391,1.8707892,-2.1016457,0.79955065,-0.0033351567,-0.03455979,-1.1101489,75.728714
5.758132219314575,1.8716221,-2.0999696,0.7994537,-0.0006545355,-0.03794994,-1.1229564,75.20372
5.796684503555298,1.8723649,-2.0972655,0.7999297,-0.00016458084,-0.042196844,-1.137168,75.19411
5.837822198867798,1.8713623,-2.094894,0.79954183,0.0008194322,-0.045395683,-1.1443027,75.49308
5.8785858154296875,1.8716605,-2.0926604,0.80070525,-0.00019428364,-0.05130064,-1.154459,76.42745
5.918629169464111,1.8713931,-2.0907187,0.8014544,-0.001018056,-0.055065323,-1.1587744,73.29207
5.959321737289429,1.8710142,-2.0867114,0.8032008,-0.0028295866,-0.061846267,-1.163337,55.794426
5.998742341995239,1.8710151,-2.082591,0.8051531,-0.005784266,-0.06711165,-1.1656318,67.3413
6.037336826324463,1.8707163,-2.0796978,0.8066596,-0.0073425514,-0.072594754,-1.1692039,56.340607
6.113986015319824,1.8702312,-2.0736651,0.8111424,-0.009673822,-0.084087774,-1.175491,71.42513
6.191091537475586,1.8715949,-2.067198,0.81513315,-0.0107601425,-0.092436634,-1.1799551,71.91046
6.231355428695679,1.8720276,-2.0638354,0.81675684,-0.010009708,-0.09787931,-1.1830593,76.656685
6.307913303375244,1.8732314,-2.058934,0.8193996,-0.011208232,-0.1072101,-1.1870311,65.61321
6.347613334655762,1.8752869,-2.0570145,0.8218255,-0.0094873095,-0.11030604,-1.1875188,64.760895
6.387214422225952,1.8771178,-2.0561373,0.82374287,-0.0071347537,-0.1112681,-1.1865213,64.050156
6.426795244216919,1.8788351,-2.0543985,0.823891,-0.0066906293,-0.111984745,-1.185788,62.22278
6.466099739074707,1.8809897,-2.0538385,0.8245077,-0.0058809402,-0.110265344,-1.1842057,61.88114
6.506588697433472,1.8833162,-2.0552657,0.8259645,-0.004806356,-0.106475644,-1.1814818,59.215004
6.54510498046875,1.8858602,-2.05428,0.82534176,-0.002308581,-0.104588196,-1.1805571,71.04324
6.585766077041626,1.8886173,-2.0551786,0.8253181,-9.58434e-05,-0.09652181,-1.1764745,60.091843
6.624379396438599,1.8912429,-2.0563505,0.82546544,-0.0001756981,-0.091100246,-1.1738166,59.99836
6.7025346755981445,1.8975776,-2.059257,0.8241656,0.003316196,-0.077568695,-1.1681774,56.62803
6.741181373596191,1.8997477,-2.0614111,0.8229246,0.0055356785,-0.06664295,-1.1643617,54.562172
6.822377443313599,1.9062774,-2.0645115,0.82111764,0.008765514,-0.050991524,-1.1602157,53.564537
6.861522674560547,1.9081141,-2.065129,0.82119477,0.009877705,-0.043086216,-1.1590767,53.812347
6.900811433792114,1.9113642,-2.0657055,0.82082915,0.011930907,-0.034811642,-1.159735,53.781044
6.940701484680176,1.9128788,-2.066228,0.8201569,0.01336935,-0.031254075,-1.161163,53.74111
6.981918811798096,1.9157342,-2.065332,0.81997716,0.016347958,-0.02775343,-1.1665084,53.974335
7.021212339401245,1.9168024,-2.0638072,0.8201551,0.018828627,-0.027466979,-1.1732423,54.185646
7.061793804168701,1.9179485,-2.0618198,0.82049173,0.02178602,-0.029318346,-1.1818812,56.923203
7.103241920471191,1.9198173,-2.0591967,0.8216662,0.025049902,-0.033527635,-1.192613,57.261314
7.142976760864258,1.9201577,-2.0560205,0.8223833,0.028422277,-0.039689172,-1.2045548,57.298615
7.1823647022247314,1.9207199,-2.0532246,0.8228909,0.030535763,-0.045287255,-1.2140266,60.717087
7.221675157546997,1.9207712,-2.0499027,0.8238863,0.033532973,-0.055814013,-1.2296559,60.404396
7.260807037353516,1.9206755,-2.0471852,0.8242957,0.0346078,-0.06231359,-1.2388124,62.407158
7.302088260650635,1.9207687,-2.0440788,0.8250807,0.035614785,-0.0728294,-1.2535945,61.883858
7.339663982391357,1.9200721,-2.042221,0.82514477,0.03547618,-0.08050977,-1.2651811,60.880394
7.378353834152222,1.919706,-2.0405598,0.8253236,0.034862358,-0.08576497,-1.2734648,58.42305
7.419233083724976,1.9186872,-2.0389225,0.825044,0.03301868,-0.092985645,-1.2869041,57.317734
7.457345247268677,1.9182404,-2.0380988,0.82496756,0.031114792,-0.09638012,-1.2945453,57.37371
7.498963117599487,1.9179058,-2.0378454,0.8248414,0.028602745,-0.099594735,-1.3045416,56.476074
7.5381293296813965,1.9173532,-2.0376582,0.8247428,0.024786957,-0.1014679,-1.3140033,56.39862
7.580370903015137,1.9162207,-2.0388126,0.82406455,0.021053536,-0.10198365,-1.3232963,55.66043
7.618913173675537,1.9157374,-2.0403686,0.8236544,0.017243143,-0.10099578,-1.3322769,55.061737
7.656411170959473,1.9153936,-2.0416377,0.8229861,0.012631793,-0.09885234,-1.3409796,55.24051
7.732645750045776,1.9142967,-2.046237,0.82203037,0.004154743,-0.09038951,-1.3567245,70.00243
7.771377325057983,1.9145781,-2.0493562,0.820292,0.0007269516,-0.08577758,-1.3621986,54.036987
7.812721490859985,1.9144135,-2.0531237,0.82007813,-0.0033815072,-0.07809298,-1.3690453,54.460945
7.852410554885864,1.9149894,-2.0571134,0.8182295,-0.007571179,-0.06883584,-1.375379,54.612724
7.89070463180542,1.914968,-2.0605495,0.8174695,-0.012651675,-0.055299792,-1.3827461,55.222725
7.930737495422363,1.9165107,-2.06685,0.8168325,-0.014262723,-0.049092013,-1.3857925,55.36122
7.970317363739014,1.9163277,-2.0716324,0.81593394,-0.019501885,-0.02936655,-1.3943316,54.834137
8.008554935455322,1.9175533,-2.0758977,0.81467444,-0.02238158,-0.018817969,-1.3992865,54.486748
8.049604177474976,1.9189194,-2.0814764,0.8143478,-0.025377262,-0.0010366517,-1.4075196,53.60238
8.087228775024414,1.9199404,-2.0860348,0.8139012,-0.028166564,0.009124368,-1.4135197,53.796585
8.130379438400269,1.9212866,-2.0909364,0.8135508,-0.028871642,0.02278513,-1.4224222,70.32569
8.170220851898193,1.9225829,-2.0953565,0.8134893,-0.030203449,0.03597022,-1.431447,53.41584
8.248365640640259,1.9259427,-2.1027908,0.8143573,-0.028734706,0.05973206,-1.4545557,53.387108
8.28846001625061,1.9274577,-2.1067257,0.81484896,-0.027019393,0.070880376,-1.467392,53.575638
8.328057527542114,1.9291121,-2.1090088,0.8155213,-0.025988499,0.08052007,-1.4816576,54.228165
8.36698293685913,1.9313288,-2.111346,0.8163853,-0.023543578,0.0889908,-1.4964215,54.868187
8.406611204147339,1.932463,-2.113903,0.81784093,-0.021822695,0.09611961,-1.5124499,54.968155
8.444896697998047,1.9336693,-2.1149197,0.8187687,-0.020029174,0.1001659,-1.5246351,67.546585
8.522967338562012,1.9357533,-2.116825,0.8223181,-0.015111474,0.10808925,-1.5549926,64.141235
8.56296682357788,1.9370425,-2.1168427,0.82412934,-0.010384844,0.11121408,-1.5844187,55.056686
8.601649045944214,1.9384965,-2.115788,0.8252194,-0.0070984527,0.111192614,-1.6047164,54.421432
8.640602111816406,1.9389961,-2.114081,0.8269818,-0.008525965,0.10974386,-1.6201128,54.533813
8.680986404418945,1.9403981,-2.1115355,0.8281766,-0.004915363,0.10517786,-1.6464847,54.58078
8.75792932510376,1.9412755,-2.1037276,0.8300029,-0.0001557966,0.09315127,-1.6842201,55.00363
8.795462846755981,1.9422615,-2.099633,0.8311224,0.000841452,0.086034276,-1.7006829,55.501434
8.833311796188354,1.942533,-2.0946114,0.8318008,0.0018676888,0.0725142,-1.7294008,56.038094
8.872887372970581,1.9433041,-2.0877168,0.8323652,0.0018411367,0.05886577,-1.7535065,56.020737
8.911436796188354,1.9435875,-2.0813658,0.8325288,-0.00029266818,0.048006486,-1.7711304,55.278328
8.986485958099365,1.9452662,-2.066699,0.8337433,-0.0005937759,0.012515805,-1.8220276,54.676056
9.025633811950684,1.9467634,-2.0570107,0.8338913,-0.0026905907,-0.007989871,-1.8497186,54.76278
9.063618183135986,1.9483815,-2.0484889,0.8360928,-0.0046241404,-0.02417964,-1.8714298,54.74794
9.102134466171265,1.9502107,-2.0398235,0.83673066,-0.007821696,-0.04726676,-1.9022747,56.454567
9.14095664024353,1.951405,-2.028892,0.8369187,-0.011567417,-0.07143396,-1.9346168,56.39173
9.179085969924927,1.9541765,-2.0200183,0.8389071,-0.01624575,-0.09626761,-1.9685775,56.623955
9.217209100723267,1.9566157,-2.0108278,0.8398916,-0.022027534,-0.12162147,-2.004079,61.262444
9.254906415939331,1.9596263,-2.0023386,0.8408449,-0.028172666,-0.1464289,-2.040675,66.70207
9.293762445449829,1.961802,-1.9934481,0.841536,-0.036144122,-0.16993771,-2.0765285,64.96444
9.332216262817383,1.9641193,-1.987041,0.8417338,-0.042140096,-0.18595533,-2.1032135,61.707314
9.370455265045166,1.9661564,-1.9814482,0.84236646,-0.052519668,-0.20912395,-2.1462524,63.122406
9.446820497512817,1.970429,-1.9722961,0.84230334,-0.06548442,-0.22969404,-2.1958535,65.641426
9.484538078308105,1.9718492,-1.9705548,0.8427135,-0.0734383,-0.23858821,-2.2272508,65.011665
9.522994041442871,1.9724946,-1.9700251,0.8434225,-0.08069687,-0.24367669,-2.2576299,61.732323
9.563925743103027,1.9722611,-1.9710956,0.8440633,-0.086613305,-0.24479413,-2.2868786,61.094986
9.60278582572937,1.9704154,-1.9744096,0.8448043,-0.0906357,-0.24211343,-2.3144987,61.14373
9.64285945892334,1.9715618,-1.9778737,0.84545016,-0.09351097,-0.23587306,-2.3406863,60.71723
9.681071281433105,1.9679134,-1.982965,0.8462842,-0.0930932,-0.2229695,-2.3715632,59.709114
9.721346139907837,1.9681668,-1.9902403,0.84535605,-0.091537915,-0.21282665,-2.3890853,59.40213
9.759392738342285,1.9653562,-1.9981048,0.8482267,-0.08644428,-0.192339,-2.4169796,61.556435
9.797781467437744,1.9629441,-2.0056763,0.8479336,-0.08180622,-0.17809682,-2.4329429,60.531113
9.87410283088684,1.9579371,-2.0254953,0.84452116,-0.064199656,-0.134583,-2.4727638,58.8218
9.91301703453064,1.9535583,-2.0349655,0.8450165,-0.052865025,-0.11034365,-2.491945,57.22351
9.990022897720337,1.9470435,-2.055334,0.84268963,-0.029522378,-0.06628931,-2.5251951,55.539505
10.030198574066162,1.9429948,-2.067398,0.8384472,-0.013784296,-0.04114935,-2.5448139,55.64811
10.069340467453003,1.9393414,-2.0787592,0.8355503,0.0045440975,-0.017496249,-2.5658355,55.449226
10.109229326248169,1.9365826,-2.0880213,0.8323205,0.01933477,0.0047559026,-2.5856307,73.92352
10.187803030014038,1.9318972,-2.1031775,0.82570726,0.054721046,0.040372968,-2.6320436,55.892242
10.26413369178772,1.9276718,-2.1161766,0.81767344,0.08526159,0.061880793,-2.6816628,56.312454
10.3023841381073,1.9287999,-2.120325,0.8166835,0.100686826,0.06670184,-2.7087674,56.12561
10.341731786727905,1.9296311,-2.123413,0.8161423,0.11426873,0.06752378,-2.736864,56.1812
10.380311489105225,1.9301842,-2.1251647,0.81471217,0.123862095,0.06554288,-2.7583618,57.034744
10.419498443603516,1.9313414,-2.1258643,0.8131966,0.13192613,0.061325207,-2.7800696,58.50524
10.462714195251465,1.9328212,-2.1249888,0.8119004,0.14148402,0.05035333,-2.8170574,62.190437
10.501207828521729,1.9346013,-2.1231358,0.81179416,0.1458318,0.041682296,-2.8393583,61.53483
10.539408922195435,1.9375473,-2.119435,0.81340474,0.14833981,0.028148428,-2.8691812,61.056824
10.577544927597046,1.9382993,-2.1158576,0.81225085,0.14654905,0.010249787,-2.9056592,62.629913
10.616153001785278,1.9410261,-2.1114566,0.8144586,0.14170937,-0.0044556856,-2.9346747,65.74601
10.654933452606201,1.9421515,-2.105432,0.8151562,0.13338466,-0.018652583,-2.963415,64.54297
10.6939377784729,1.9433824,-2.0977585,0.81573504,0.12564854,-0.028785374,-2.9851282,63.60148
10.734617948532104,1.9439728,-2.0913396,0.81630266,0.11229761,-0.041089322,-3.0139618,63.725433
10.772656679153442,1.9439762,-2.082994,0.816409,0.09636656,-0.051898394,-3.0429504,63.92292
10.810781717300415,1.943682,-2.0731761,0.81708586,0.07333951,-0.06272605,-3.0789027,63.115433
10.85041093826294,1.9430785,-2.0646918,0.81710243,0.063299544,-0.06616593,-3.0934196,68.51671
10.890127658843994,1.9416306,-2.0542104,0.8167357,0.03684436,-0.07231321,-3.1293857,69.504425
10.966431617736816,1.9386929,-2.0365174,0.8155529,-0.0071474235,-0.07470513,3.0974636,64.39615
11.006162643432617,1.9371482,-2.027625,0.81475985,-0.02328185,-0.0734,3.0767088,62.827385
11.044240236282349,1.9352248,-2.0180354,0.8126623,-0.044086136,-0.069835,3.0487394,60.89099
11.08326244354248,1.9313745,-2.007919,0.81039447,-0.063446306,-0.06449318,3.02229,60.613853
11.122690677642822,1.9296466,-2.0011606,0.80854297,-0.085353635,-0.05586785,2.9894338,59.478203
11.16106390953064,1.927089,-1.9943002,0.80705917,-0.09697767,-0.04993173,2.9701297,59.13304
11.201191186904907,1.924867,-1.9887135,0.80529666,-0.11002792,-0.041453924,2.9445658,61.564896
11.23991084098816,1.9217865,-1.9823704,0.8028235,-0.12068579,-0.032895446,2.9190953,61.22075
11.280011653900146,1.919451,-1.9784019,0.80112433,-0.12652887,-0.026647935,2.9001632,62.83835
11.321732997894287,1.9162028,-1.9735659,0.7990529,-0.13262667,-0.016732303,2.8690214,59.76458
11.361343145370483,1.9136876,-1.9711163,0.7973471,-0.13449356,-0.0097373845,2.8438425,57.38102
11.401203632354736,1.9118798,-1.9696838,0.79626137,-0.13378,-0.003720158,2.8187823,55.98311
11.441375970840454,1.9093815,-1.9685993,0.79600805,-0.13096786,0.00146626,2.7932148,56.153122
11.482196569442749,1.9066123,-1.9684957,0.7951009,-0.12733206,0.004785377,2.7740927,55.88057
11.523040056228638,1.903631,-1.9685432,0.7940423,-0.12045199,0.0086466335,2.7489681,55.475388
11.563653469085693,1.9009587,-1.9688486,0.7949138,-0.11301993,0.012203042,2.7243376,55.660294
11.602066040039062,1.8980794,-1.970367,0.79424745,-0.099038154,0.016739927,2.6877267,69.46315
11.640401363372803,1.8953372,-1.9713955,0.7945078,-0.09410662,0.018094812,2.6752121,55.059616
11.680733680725098,1.8933462,-1.9720784,0.7957356,-0.08267407,0.020246183,2.6442904,55.817596
11.718830347061157,1.8906492,-1.9746612,0.79568636,-0.07134118,0.02011031,2.6185906,55.498
11.757601499557495,1.8882058,-1.9765947,0.797191,-0.06427394,0.01859486,2.5930831,55.65883
11.834397792816162,1.8859049,-1.9813886,0.8020211,-0.045737755,0.0120057445,2.5456367,56.191513
11.873029947280884,1.8845627,-1.9851125,0.80461854,-0.03583591,0.005432826,2.5159445,56.303703
11.911948680877686,1.8836386,-1.9884665,0.8065513,-0.024996206,-0.002956678,2.4844308,56.814995
11.951199293136597,1.883532,-1.9932152,0.81150675,-0.014092505,-0.013225598,2.4515824,57.588165
11.989835977554321,1.882772,-1.9974067,0.8115156,-0.0027020318,-0.025737265,2.417268,58.144806
12.030196905136108,1.8830092,-2.0010307,0.8165852,0.0076465895,-0.040120114,2.3820167,58.09864
12.070266962051392,1.8826861,-2.0055947,0.8199816,0.014766718,-0.051720496,2.3552756,59.79875
12.112645149230957,1.8827064,-2.0112114,0.8215773,0.023387706,-0.067716844,2.3200824,60.360428
12.15193486213684,1.8825164,-2.0142157,0.8252565,0.032624014,-0.08756127,2.276306,61.041924
12.191418409347534,1.8821486,-2.016528,0.8283742,0.03848697,-0.102667265,2.2419298,63.226257
12.230560779571533,1.8805919,-2.0175562,0.8324476,0.041832898,-0.11326766,2.2162309,62.582855
12.307375192642212,1.8788553,-2.0192964,0.83772755,0.04635037,-0.13933004,2.141602,66.53508
12.34666919708252,1.8778623,-2.0157828,0.84098786,0.046348557,-0.14543222,2.1178396,65.575356
12.423744440078735,1.8744566,-2.011109,0.84597176,0.0444479,-0.15505992,2.05629,71.765
12.500333070755005,1.8704162,-2.002991,0.8501445,0.038536437,-0.155338,1.9968008,66.47692
12.539706945419312,1.8672769,-1.9963285,0.8510847,0.034819763,-0.1516646,1.9680074,61.340103
12.577630281448364,1.8646551,-1.9897424,0.8527673,0.0314804,-0.1471459,1.9467592,57.6156
12.614354133605957,1.8621655,-1.9829556,0.8539454,0.02674028,-0.13653384,1.9122564,60.395073
12.651842594146729,1.8599715,-1.9752982,0.85519546,0.023688085,-0.12542242,1.8854274,60.235153
12.690011978149414,1.8558316,-1.9686109,0.8533671,0.02211703,-0.119125955,1.8718811,58.687996
12.730892658233643,1.8546729,-1.9559926,0.8577692,0.017637962,-0.101578236,1.8389279,59.768326
12.807777404785156,1.8490956,-1.9410647,0.8562301,0.012426189,-0.06951189,1.7873355,59.304016
12.845932245254517,1.8459787,-1.92953,0.85533273,0.01092058,-0.05678134,1.7682879,59.806725
12.884469747543335,1.8462734,-1.9176021,0.8585831,0.009405634,-0.039650876,1.7431848,59.969627
12.994075775146484,1.8397757,-1.8902123,0.85313475,0.008935986,0.00772162,1.6739389,61.22731
13.032600402832031,1.8372111,-1.8797836,0.8504891,0.009600954,0.024044536,1.6488363,59.807816
13.069366931915283,1.8354228,-1.8715465,0.84747034,0.011293697,0.039765213,1.6239936,59.732056
13.107208251953125,1.8363739,-1.8633202,0.8466002,0.012687781,0.050726574,1.6050937,58.135254
13.144341230392456,1.8360189,-1.857487,0.8446037,0.01580434,0.06718769,1.5733182,57.46927
13.181753635406494,1.8337702,-1.8492342,0.8407521,0.017311968,0.075749174,1.5538805,57.58245
13.221378564834595,1.835424,-1.8423836,0.8395902,0.019511044,0.08323855,1.5339092,56.651436
13.259825944900513,1.8332148,-1.8383732,0.8364172,0.022464016,0.090685636,1.5063797,58.305824
13.300360918045044,1.8333288,-1.8339058,0.83377916,0.026214646,0.09508909,1.4780728,115.09499
13.339643239974976,1.8341855,-1.8296444,0.8314036,0.03059134,0.096765,1.4416922,125.0021
13.377303838729858,1.8352001,-1.8271364,0.8294899,0.031492494,0.09619157,1.4209049,125.010544
13.41704249382019,1.836458,-1.8256384,0.8281135,0.03249502,0.09415598,1.3953202,125.5343
13.455950260162354,1.8377644,-1.8240725,0.82499945,0.03152709,0.090850145,1.3725452,127.115776
13.494303226470947,1.8391975,-1.8226267,0.82063764,0.02786647,0.08721672,1.3534058,127.10722
13.533124208450317,1.8419378,-1.8220639,0.81856185,0.021892115,0.08351461,1.3392757,72.43152
13.572312116622925,1.8448222,-1.821586,0.812493,0.013213019,0.07997966,1.3287607,81.58386
13.61771845817566,1.8479275,-1.8215317,0.8077844,0.0041643158,0.07578564,1.3221453,79.134796
13.659287214279175,1.850951,-1.821686,0.8032111,-0.008843142,0.06959383,1.3108836,78.50038
13.73499608039856,1.8575209,-1.8238969,0.79698426,-0.030961698,0.05664173,1.2927357,93.217255
13.810698986053467,1.8600942,-1.8269356,0.78864306,-0.051361408,0.04222668,1.2719618,98.57524
13.885687828063965,1.8626659,-1.8294264,0.78208715,-0.06554933,0.02961529,1.2518711,84.3527
13.924731492996216,1.8643932,-1.8286326,0.78593624,-0.06972927,0.02817877,1.242802,95.51644
13.963025093078613,1.8631293,-1.825688,0.78595006,-0.06611674,0.030600451,1.2366159,93.66102
14.000970125198364,1.8592292,-1.8247604,0.78741145,-0.066213354,0.02680071,1.2231432,85.03223
14.039903402328491,1.859849,-1.8240758,0.7927907,-0.05987841,0.028445644,1.213753,94.186676
14.116665601730347,1.8537854,-1.8203369,0.7979599,-0.04967103,0.030226005,1.1999791,88.812675
14.158602952957153,1.8493117,-1.8180699,0.7997594,-0.042920608,0.031400006,1.1899163,83.91809
14.199042081832886,1.8481144,-1.8166904,0.806162,-0.028715849,0.032368068,1.1739776,74.563866
14.236468315124512,1.844088,-1.8146207,0.80704445,-0.022931965,0.032551493,1.1660571,66.55766
14.275721549987793,1.8414749,-1.8136748,0.810582,-0.015390342,0.03223707,1.1581526,84.0467
14.313553094863892,1.8372269,-1.8137252,0.8115318,-0.0058136573,0.031270802,1.1471853,85.93877
14.351434469223022,1.847694,-1.815753,0.81808454,0.006247718,0.02885286,1.1326045,85.11914
14.391534328460693,1.8315867,-1.8125296,0.8179013,0.0134419575,0.026775483,1.1232895,85.27346
14.42944884300232,1.827992,-1.8122376,0.81949645,0.022718,0.023586567,1.111132,85.98717
14.46762490272522,1.8228486,-1.8118373,0.8209423,0.032046497,0.019905057,1.0986617,87.57082
14.50586199760437,1.821405,-1.8115737,0.82395357,0.040827796,0.015520004,1.0861521,86.366776
14.58275842666626,1.8162892,-1.8129345,0.8276268,0.05369879,0.006984082,1.0648153,85.27352
14.622008085250854,1.8157698,-1.8155909,0.8302085,0.06001614,-4.7326088e-05,1.0514065,85.733376
14.660406589508057,1.8143715,-1.8178073,0.83202225,0.062574744,-0.0067139994,1.0430539,84.83684
14.699563980102539,1.8118622,-1.8196177,0.8335924,0.06289974,-0.011851976,1.0391753,85.00179
14.73893141746521,1.8146955,-1.8227257,0.8384248,0.060942456,-0.019354874,1.0369781,86.34676
14.775625705718994,1.8106524,-1.826477,0.83751214,0.056286417,-0.027595706,1.0389718,85.88051
14.812030792236328,1.8102114,-1.8310802,0.8401262,0.048827294,-0.036552493,1.0456886,83.573456
14.884624481201172,1.8109045,-1.8421183,0.8451749,0.028921722,-0.054111104,1.0691868,84.15211
14.922986030578613,1.8157767,-1.85026,0.8507955,0.014314043,-0.06528435,1.090024,84.79027
14.966912746429443,1.8135569,-1.8567097,0.85171294,-0.0022244886,-0.07721488,1.1149595,84.93798
15.005213499069214,1.8165965,-1.8654684,0.85670173,-0.020722905,-0.090583265,1.1436003,86.249504
15.08040165901184,1.8226279,-1.879671,0.86426204,-0.059167966,-0.11966335,1.2106571,87.57466
15.117747783660889,1.8232286,-1.8854994,0.865745,-0.06888578,-0.1273987,1.2290357,87.48068
15.157340049743652,1.8283539,-1.8928185,0.87177515,-0.09243252,-0.14674841,1.2763125,87.08998
15.195654153823853,1.8280779,-1.8976068,0.8709678,-0.11051335,-0.1620145,1.3158224,89.48737
15.233541011810303,1.8333514,-1.898688,0.8750129,-0.12748979,-0.17658603,1.3557574,86.34359
15.272193193435669,1.8325402,-1.90488,0.8758475,-0.13950412,-0.18689936,1.3860233,86.36557
15.31081485748291,1.8360102,-1.9039483,0.88254356,-0.15461256,-0.19922031,1.4261446,89.41527
15.348967790603638,1.8354416,-1.9041054,0.88360864,-0.16850317,-0.21000811,1.466178,89.37972
15.427618026733398,1.8350534,-1.8994846,0.89024806,-0.18912125,-0.2237933,1.5352236,87.836075
15.469430923461914,1.833461,-1.895936,0.8928279,-0.20142615,-0.22898388,1.5842482,87.74447
15.507431030273438,1.8296273,-1.889832,0.8964245,-0.21106242,-0.23026611,1.6332512,85.91643
15.546987295150757,1.8247222,-1.8820176,0.89900225,-0.21576986,-0.22881198,1.6627367,85.99203
15.585439443588257,1.8187696,-1.8761286,0.90449095,-0.22133541,-0.22484763,1.7022021,89.32297
15.62303638458252,1.823931,-1.8652759,0.90609,-0.22438696,-0.22003368,1.7321267,91.74054
15.660798788070679,1.8013097,-1.8608972,0.91107035,-0.22900103,-0.20907773,1.7827659,92.88498
15.698622703552246,1.7895646,-1.8497082,0.9155936,-0.23154582,-0.19770938,1.8239876,92.38645
15.737196207046509,1.7820019,-1.8431876,0.9208793,-0.23258509,-0.1910507,1.8447934,92.76452
15.774910688400269,1.7679632,-1.8316367,0.9242044,-0.23472233,-0.1723673,1.8973581,94.710754
15.813336849212646,1.7561481,-1.8214747,0.9294565,-0.23578586,-0.15556975,1.9399408,95.754974
15.851938962936401,1.7381732,-1.8099848,0.93468356,-0.23681638,-0.13729237,1.9829276,95.07517
15.888328075408936,1.7228487,-1.8012457,0.9382844,-0.23798244,-0.12275767,2.0155604,93.878265
15.92896580696106,1.7068173,-1.7920893,0.94247174,-0.23877719,-0.102758855,2.0592375,94.14676
15.970022916793823,1.6858468,-1.7820596,0.9475702,-0.24008714,-0.08204583,2.1030755,93.62643
16.04958176612854,1.6448652,-1.7662728,0.9567185,-0.24270323,-0.0451966,2.1798322,90.32818
16.087499618530273,1.6250069,-1.7604318,0.96048594,-0.24447134,-0.018845467,2.2333498,91.352325
16.16391372680664,1.5801007,-1.7511063,0.9703059,-0.24593419,0.0172655,2.3039436,90.57489
16.201066970825195,1.5588233,-1.7489231,0.97522056,-0.24550962,0.03748119,2.3410196,90.05548
16.238710641860962,1.5380862,-1.7468852,0.9785648,-0.24438319,0.057104237,2.3749554,106.23592
16.278889656066895,1.5109912,-1.7472187,0.9823202,-0.24224617,0.075968556,2.4059496,104.66798
16.35701274871826,1.4675207,-1.7522519,0.9892235,-0.23169635,0.11015646,2.4567618,108.900444
16.396474599838257,1.4432387,-1.7572716,0.99341846,-0.22345825,0.12512851,2.474508,95.89443
16.437636852264404,1.4213494,-1.7644912,0.995867,-0.21287763,0.13828218,2.4874618,95.32288
16.477518796920776,1.3971088,-1.7733479,0.9990281,-0.20283353,0.14687446,2.493521,94.71128
16.515199184417725,1.3771348,-1.7830497,1.000741,-0.18415186,0.15822801,2.4965968,96.13918
16.553484678268433,1.3582189,-1.7910676,1.004299,-0.16650157,0.16529173,2.4918203,94.41128
16.591933727264404,1.3360336,-1.804516,1.0070052,-0.1484388,0.16957445,2.4806678,94.00356
16.631693363189697,1.317724,-1.8145065,1.0096602,-0.12862872,0.17074335,2.4637303,97.75915
16.709774255752563,1.2803773,-1.8411,1.0140992,-0.09143063,0.16520697,2.4197786,96.99338
16.75000762939453,1.2615561,-1.8565139,1.0166248,-0.07034781,0.15707478,2.3875594,96.432846
16.78888726234436,1.2468306,-1.8697586,1.0190479,-0.049686678,0.14507993,2.3504517,96.203094
16.827333450317383,1.2323419,-1.883365,1.0209476,-0.030212412,0.12957324,2.308448,96.37417
16.86768078804016,1.2154108,-1.900048,1.022003,-0.012620834,0.110495366,2.2635238,95.12614
16.90572953224182,1.2018313,-1.9135493,1.0232122,0.0022463547,0.088137776,2.2153509,94.756454
16.945261240005493,1.189363,-1.9275357,1.0242876,0.011494205,0.06963901,2.177628,94.87603
16.984282732009888,1.1753515,-1.943906,1.0261933,0.021976748,0.036380865,2.1122804,94.131905
17.023605585098267,1.1629144,-1.9574991,1.0256683,0.025834052,0.015343865,2.0718615,101.17972
17.06290292739868,1.1494037,-1.9720631,1.0260298,0.026260516,-0.020568838,2.0032864,100.70113
17.14222264289856,1.1294144,-1.9969778,1.0280606,0.014363475,-0.0692839,1.9087521,100.34131
17.180912733078003,1.1186184,-2.011286,1.0283492,0.0013541799,-0.09507614,1.8578501,102.47946
17.219663381576538,1.1085622,-2.0244887,1.0283419,-0.021959705,-0.12361822,1.7986916,101.95885
17.259427309036255,1.0981466,-2.0364377,1.0269992,-0.033558976,-0.13383174,1.7767125,90.09178
17.372636795043945,1.0712249,-2.0667472,1.0234069,-0.10644031,-0.17517437,1.6724099,85.518654
17.41217803955078,1.0606472,-2.0760832,1.0229855,-0.14249752,-0.18663031,1.633504,97.97156
17.45272970199585,1.0489622,-2.086015,1.0218351,-0.1714814,-0.19255976,1.6061192,106.43189
17.492965936660767,1.0381362,-2.0942883,1.0206062,-0.20115003,-0.19561018,1.5838366,94.2151
17.53368091583252,1.0230494,-2.1035483,1.0190439,-0.23546901,-0.19676308,1.5649604,93.95782
17.572507858276367,1.0115907,-2.1090102,1.0178492,-0.2543606,-0.19568443,1.5585703,95.55493
17.612842321395874,0.9922098,-2.1160007,1.015752,-0.27138045,-0.1940006,1.5549697,98.83782
17.65177273750305,0.97804767,-2.1204865,1.0168144,-0.29561472,-0.18846314,1.5503452,98.23592
17.76907444000244,0.9137949,-2.1288493,1.0130346,-0.3329395,-0.15464753,1.5340959,96.71265
17.885946035385132,0.8425074,-2.1295345,1.0142293,-0.33796543,-0.09838168,1.5000477,96.12458
17.92562174797058,0.81519717,-2.1294558,1.0137913,-0.33277643,-0.07301699,1.4817147,96.9236
17.965941429138184,0.78408146,-2.1275532,1.014019,-0.3232031,-0.045910005,1.459188,95.38458
18.00501799583435,0.74849313,-2.1254942,1.0138282,-0.30492243,-0.010220199,1.4250144,95.137024
18.044544458389282,0.71673995,-2.1240327,1.0115196,-0.29090357,0.011076945,1.4017429,94.5617
18.160430431365967,0.6146372,-2.119648,1.0067943,-0.21971817,0.0797491,1.3037302,94.66826
18.1996066570282,0.5754201,-2.1192045,1.005211,-0.18928228,0.09837095,1.2652864,93.91445
18.238537549972534,0.54225653,-2.119552,1.0029434,-0.1496765,0.11536696,1.2169844,94.452515
18.277284383773804,0.5098368,-2.1198611,1.0016448,-0.11802086,0.12363471,1.1788938,92.435036
18.31621241569519,0.47042045,-2.1233144,1.0000247,-0.08787072,0.12699012,1.1417979,92.45913
18.35479426383972,0.43664253,-2.1267047,0.9983203,-0.06628642,0.12650901,1.1152959,92.651245
18.393730401992798,0.404491,-2.1311471,0.9973355,-0.040573962,0.12146391,1.0827049,89.108345
18.433096647262573,0.36552796,-2.1374884,0.99539876,-0.018024873,0.11248051,1.0546203,89.41556
18.474741220474243,0.3292358,-2.144515,0.9957858,-0.004351525,0.10297604,1.0371133,89.863396
18.51451849937439,0.29733083,-2.1529453,0.99437225,0.010550949,0.08810636,1.0179244,88.90666
18.55134129524231,0.26532105,-2.1601038,0.99346507,0.024243696,0.066390626,0.9954364,85.39986
18.62811541557312,0.20253134,-2.1774962,0.99266905,0.03526436,0.037386395,0.9661982,85.942825
18.666579723358154,0.17464986,-2.1852438,0.9915835,0.039574187,0.012108279,0.93763196,86.28019
18.705289840698242,0.1426739,-2.1948504,0.99077284,0.039058633,-0.012781968,0.9047369,87.877975
18.746306657791138,0.12208148,-2.2006686,0.98982084,0.036094666,-0.027237982,0.8828269,88.21795
18.786848306655884,0.0919282,-2.2098675,0.9879056,0.02946577,-0.045494407,0.85093856,88.25886
18.825627326965332,0.064623155,-2.2183528,0.9879152,0.019153615,-0.06209043,0.8166883,92.01566
18.86609125137329,0.03867276,-2.227151,0.9862123,0.0057889563,-0.076698005,0.78003436,93.9711
18.90472912788391,0.016969025,-2.2333722,0.98518735,-0.010682509,-0.08906674,0.742322,93.77705
18.94329595565796,-0.0040187207,-2.2402306,0.98459786,-0.030266594,-0.098676085,0.70404214,92.53318
18.9842426776886,-0.028920263,-2.2475173,0.9819342,-0.052626826,-0.1054571,0.6661831,90.43621
19.023993015289307,-0.047793597,-2.2527606,0.98076934,-0.07638081,-0.109422594,0.6293428,87.012985
19.063441038131714,-0.06893313,-2.2594833,0.98063946,-0.10149068,-0.110193916,0.5936162,87.41141
19.103469371795654,-0.08672652,-2.2638237,0.9794963,-0.12100628,-0.10897925,0.56772363,108.79748
19.179853916168213,-0.1244735,-2.271017,0.97584605,-0.17977531,-0.09584631,0.49623984,107.65218
19.216484785079956,-0.14152244,-2.2730446,0.9729377,-0.20495187,-0.086336985,0.46904424,108.925064
19.253647089004517,-0.1581548,-2.273443,0.9699468,-0.22932476,-0.07462263,0.44482327,108.649086
19.291826725006104,-0.17547984,-2.2735686,0.96625453,-0.24744472,-0.06504777,0.42847326,108.274155
19.332233905792236,-0.19484204,-2.2714527,0.961635,-0.27080953,-0.051034875,0.4086341,109.3552
19.371793746948242,-0.21160327,-2.2682633,0.9567457,-0.29219577,-0.035972305,0.38995793,109.71842
19.411235570907593,-0.2331177,-2.2631717,0.95085007,-0.30697414,-0.024157638,0.37680626,109.61776
19.449313640594482,-0.24883133,-2.2564847,0.9455275,-0.32827663,-0.0034264543,0.3546906,80.51009
19.489004373550415,-0.27194107,-2.247461,0.9391135,-0.33919385,0.0097541865,0.34040868,81.82653
19.528480052947998,-0.2897769,-2.2379484,0.93446213,-0.35078079,0.03280969,0.3137823,82.200615
19.60593032836914,-0.33017802,-2.2112815,0.92550844,-0.35587668,0.06723482,0.27207068,79.40723
19.644259452819824,-0.34903216,-2.196561,0.9220345,-0.3514977,0.08691816,0.24477492,79.933525
19.685329914093018,-0.37099943,-2.1768234,0.9189062,-0.34471354,0.10128634,0.22283573,80.37261
19.79918885231018,-0.43471825,-2.1207345,0.9114263,-0.286028,0.14877623,0.11585354,79.39595
19.840017795562744,-0.46147245,-2.0959868,0.91033536,-0.267204,0.15467413,0.0889079,79.8687
19.915311813354492,-0.50539106,-2.0504825,0.90816045,-0.21065234,0.15761757,0.01558729,80.15763
19.953264474868774,-0.5354534,-2.0224059,0.90748495,-0.18123865,0.15104344,-0.018949281,80.54724
19.993379592895508,-0.56011343,-1.9987104,0.90774053,-0.15892148,0.14244577,-0.04315252,80.945175
20.032389640808105,-0.58706737,-1.9743811,0.9066866,-0.1303994,0.12648495,-0.072409935,77.83391
20.072485208511353,-0.618713,-1.9451715,0.9066057,-0.10368893,0.105595805,-0.097751945,80.24813
20.11126399040222,-0.6511963,-1.9163584,0.9068306,-0.07318145,0.07357435,-0.12366322,80.59398
20.189794063568115,-0.7050754,-1.8682827,0.9072324,-0.036078352,0.020094622,-0.14984101,91.736626
20.229151487350464,-0.73824984,-1.8395579,0.9061761,-0.015209448,-0.021683834,-0.15990084,93.08387
20.268097400665283,-0.76534396,-1.8171698,0.90524805,-0.0048181857,-0.047502745,-0.16123076,92.9966
20.308653354644775,-0.79793996,-1.7905747,0.90343475,0.0064890003,-0.081102654,-0.15688924,94.67266
20.346868991851807,-0.82299614,-1.768422,0.9025102,0.015083986,-0.113530606,-0.14636877,109.06421
20.386261463165283,-0.8469094,-1.7478787,0.9009942,0.021239385,-0.15118368,-0.12433775,111.375
20.425716876983643,-0.87354285,-1.7247566,0.8986395,0.023752566,-0.17115411,-0.10632973,111.375
20.46497082710266,-0.89402723,-1.7070768,0.89674056,0.025188519,-0.19469067,-0.07766375,111.375
20.5039165019989,-0.9171171,-1.6857444,0.89317185,0.024003362,-0.21416132,-0.04518865,111.375
20.541855573654175,-0.93474656,-1.669617,0.89056534,0.020102678,-0.23050633,-0.011068975,111.375
20.579959869384766,-0.9496736,-1.6546212,0.8872491,0.014207724,-0.24338916,0.022645585,111.375
20.617358207702637,-0.9632714,-1.638842,0.8847782,0.007482419,-0.25117072,0.045612466,111.375
20.659204959869385,-0.9763221,-1.6217409,0.8790483,-0.0008932366,-0.2573569,0.06636595,111.375
20.696497201919556,-0.9862649,-1.6079934,0.8770537,-0.01848704,-0.2636781,0.095736414,111.375
20.735130310058594,-0.99370164,-1.5932937,0.87296236,-0.031464078,-0.2653774,0.109794706,111.375
20.775473594665527,-1.0002056,-1.5762494,0.86845905,-0.051349986,-0.2649408,0.12482578,111.375
20.81298804283142,-1.0062332,-1.5619228,0.8642607,-0.080403104,-0.25977218,0.13847107,90.9543
20.851222038269043,-1.0074171,-1.5486238,0.8600896,-0.10699497,-0.25164723,0.14643905,92.71899
20.92914843559265,-1.0052292,-1.5158219,0.85090005,-0.15302567,-0.22813793,0.1556623,92.45392
20.968209505081177,-1.0021168,-1.4962536,0.8441165,-0.18562889,-0.20337752,0.15993728,91.17176
21.085540294647217,-0.98740464,-1.4379637,0.82623893,-0.24472933,-0.14125623,0.17004034,90.79423
21.12858247756958,-0.9801423,-1.4137589,0.8183643,-0.27084696,-0.10570041,0.17697763,88.92791
21.20360493659973,-0.9695405,-1.3739753,0.8079621,-0.30120698,-0.05332489,0.18823309,87.44885
21.24363136291504,-0.9626646,-1.3409162,0.79839087,-0.31517458,-0.02304044,0.19518311,89.37943
21.28386926651001,-0.95745164,-1.3154545,0.79202306,-0.32813725,0.013595263,0.20341203,90.829155
21.323020458221436,-0.95318353,-1.2837952,0.7840382,-0.3351298,0.04120967,0.20978874,90.02384
21.362177848815918,-0.95146686,-1.2560486,0.7783582,-0.33802837,0.061248038,0.21411613,89.72372
21.39971351623535,-0.9485013,-1.2264982,0.7812831,-0.33362716,0.0877193,0.21509954,89.79488
21.43800401687622,-0.9481933,-1.1937789,0.78511405,-0.32538643,0.113462165,0.20973927,94.31103
21.47869372367859,-0.9480131,-1.1556385,0.79235536,-0.31766677,0.13039696,0.2147283,93.67285
21.517179489135742,-0.95066494,-1.1157507,0.79719645,-0.29788578,0.14198752,0.21605311,93.030205
21.55519676208496,-0.95235026,-1.0888308,0.80154103,-0.2661048,0.15487881,0.21451347,93.6093
21.59539031982422,-0.955098,-1.0482558,0.80711466,-0.2312866,0.1650734,0.21137576,91.383675
21.63554620742798,-0.9609231,-1.0079824,0.8118592,-0.18766394,0.17296112,0.20514189,91.03476
21.673827409744263,-0.9669138,-0.9750898,0.81609064,-0.15324718,0.17502397,0.19944157,91.28357
21.7543625831604,-0.983783,-0.90480185,0.8236276,-0.08404131,0.16827351,0.18474925,85.57652
21.793006658554077,-0.995231,-0.86756825,0.8276945,-0.059559394,0.1619836,0.1788026,85.75191
21.83020305633545,-1.0039551,-0.83931845,0.8309743,-0.030032033,0.15037271,0.17154606,83.96917
21.979159832000732,-1.047361,-0.73491544,0.8469207,0.052537978,0.07796549,0.15122472,83.25403
22.056288957595825,-1.0727549,-0.6863856,0.8576428,0.069459535,0.039323606,0.14794461,84.52613
22.095790147781372,-1.0837624,-0.6669606,0.8632013,0.07556925,-0.002035485,0.1468041,82.81567
22.13480567932129,-1.0980659,-0.64464897,0.86962605,0.07467978,-0.023157997,0.14710541,82.842354
22.17392373085022,-1.1088305,-0.6267156,0.8754727,0.07008759,-0.05163881,0.14807779,83.40253
22.211052894592285,-1.1189226,-0.6107039,0.8814791,0.061358515,-0.07994681,0.14914094,83.68468
22.25017523765564,-1.1324636,-0.59133077,0.88859695,0.049412705,-0.10727547,0.1505082,84.17034
22.29009699821472,-1.1398574,-0.5759986,0.894208,0.03401504,-0.13330138,0.15267812,83.170135
22.328195333480835,-1.1477014,-0.5626871,0.9007388,0.01561744,-0.15764628,0.15544185,82.05357
22.36623501777649,-1.1553546,-0.5464025,0.906428,-0.00568778,-0.17985925,0.15887937,82.42052
22.410966634750366,-1.162243,-0.53128636,0.9153491,-0.023103507,-0.19494267,0.16106267,80.99128
22.451242685317993,-1.166773,-0.51815665,0.92032444,-0.055016834,-0.2164308,0.16472514,81.11579
22.489721536636353,-1.1699619,-0.5023185,0.92793185,-0.08922019,-0.23303714,0.16830765,83.64135
22.529556274414062,-1.1717762,-0.48907322,0.93382895,-0.11035307,-0.24076295,0.17051242,83.84457
22.569352388381958,-1.1718048,-0.47259563,0.9406998,-0.13830301,-0.247673,0.17343062,86.88769
22.608049869537354,-1.1710055,-0.45815176,0.9473651,-0.16666302,-0.25108618,0.1766608,88.668205
22.64755606651306,-1.1678002,-0.44047487,0.95399815,-0.1936608,-0.25109386,0.18042411,90.52585
22.686627626419067,-1.1646963,-0.4234326,0.9603401,-0.20745777,-0.24963881,0.18241602,90.14672
22.724918365478516,-1.160931,-0.40639043,0.9669823,-0.23315452,-0.2442058,0.1867471,93.237595
22.76326560974121,-1.1557564,-0.3882111,0.9728393,-0.26305914,-0.23258856,0.19318679,93.11302
22.80154252052307,-1.1486605,-0.36438835,0.98023945,-0.28553286,-0.21978594,0.19867575,93.21211
22.917362451553345,-1.1280444,-0.29173896,0.99829423,-0.33822903,-0.16547288,0.21995369,111.375
22.954750061035156,-1.1204684,-0.26646525,1.0034635,-0.3501175,-0.14462286,0.23023286,111.375
22.992912530899048,-1.1138322,-0.23966308,1.0079955,-0.36064073,-0.122769244,0.24303108,111.375
23.031931400299072,-1.1064347,-0.20626472,1.0130233,-0.36709705,-0.106056705,0.25317138,111.375
23.07234287261963,-1.1003605,-0.1764693,1.017469,-0.37426564,-0.08377062,0.26747522,111.375
23.112173795700073,-1.0942812,-0.13958418,1.0214924,-0.3791302,-0.061000343,0.28019983,111.375
23.152295112609863,-1.0902339,-0.107426696,1.024568,-0.38117924,-0.043529637,0.28815398,108.45446
23.19422197341919,-1.0877455,-0.07423583,1.0271232,-0.38161388,-0.020228134,0.29649368,96.52919
23.234886407852173,-1.0856025,-0.027370661,1.0305946,-0.37884128,0.008569338,0.30321586,98.258286
23.353475332260132,-1.0872535,0.080365926,1.0390022,-0.35444877,0.06904855,0.3124145,95.440155
23.392279386520386,-1.0910144,0.12360126,1.0436819,-0.34137273,0.084573254,0.31487942,91.283104
23.432011127471924,-1.0975556,0.16905418,1.0437262,-0.32199606,0.10008744,0.3179223,94.19802
23.51081085205078,-1.113903,0.2517493,1.055515,-0.29018065,0.113894455,0.3211828,93.179886
23.550395250320435,-1.1234486,0.2904027,1.0598586,-0.26940006,0.117614046,0.3220676,91.67885
23.589879274368286,-1.1334237,0.32774675,1.0639455,-0.24728312,0.11883677,0.32059425,89.31193
23.66757035255432,-1.1597773,0.4113141,1.0722916,-0.20333745,0.11585876,0.30913672,86.76633
23.706679105758667,-1.1751907,0.45706823,1.0766703,-0.18281738,0.11274134,0.30001158,87.852615
23.745200157165527,-1.1883383,0.49371907,1.0814102,-0.14829996,0.10476477,0.27964857,91.1451
23.783991813659668,-1.2034096,0.53153604,1.0832139,-0.1131545,0.09311672,0.25303414,90.769684
23.82313847541809,-1.2204648,0.575236,1.0869983,-0.08620383,0.08110848,0.22614856,90.43264
23.862266302108765,-1.2334223,0.61030054,1.0899941,-0.06690368,0.0705202,0.20399454,93.16782
23.902382850646973,-1.2526884,0.65306485,1.0924771,-0.04249508,0.053447522,0.17234825,90.90312
23.948737621307373,-1.2705406,0.6938376,1.095567,-0.020258276,0.034070734,0.14001364,90.58307
24.030081748962402,-1.3036215,0.7646533,1.100291,0.013378679,-0.010832767,0.07907729,87.5486
24.07141637802124,-1.3167871,0.79447323,1.1032789,0.026178902,-0.04156741,0.04316449,91.143456
24.111836433410645,-1.3371767,0.83141124,1.105079,0.031882018,-0.06594911,0.014855342,90.27738
24.149526834487915,-1.3510419,0.864153,1.1091728,0.03309192,-0.089879885,-0.014155118,90.038536
24.188536405563354,-1.3645545,0.89155656,1.1116115,0.030955484,-0.107087255,-0.03612232,89.242455
24.265244245529175,-1.3897964,0.9466293,1.11796,0.0137941195,-0.14795317,-0.0965795,88.92423
24.303608417510986,-1.4015963,0.9709587,1.12159,0.003071415,-0.16092321,-0.11849807,88.81843
24.341354608535767,-1.4115396,0.99373764,1.1242471,-0.013693261,-0.1758624,-0.14533299,91.68438
24.38184380531311,-1.424023,1.0200989,1.12964,-0.038648516,-0.19059055,-0.17340967,91.04321
24.420377731323242,-1.4319363,1.0405899,1.1332014,-0.06140914,-0.19937125,-0.19075961,86.72567
24.460895538330078,-1.4438828,1.0662525,1.13815,-0.07965472,-0.20431991,-0.20004353,86.82707
24.49964952468872,-1.4505705,1.0854167,1.1429807,-0.103441775,-0.20903097,-0.20758207,87.25583
24.575592279434204,-1.4626452,1.1279981,1.1524055,-0.15457705,-0.21320198,-0.20759393,89.563614
24.615320920944214,-1.4698538,1.1504292,1.1580726,-0.17935924,-0.21246958,-0.2011028,90.90163
24.65539264678955,-1.4741294,1.1742502,1.1643041,-0.20353015,-0.20910008,-0.19375405,92.679405
24.695918560028076,-1.4739782,1.1940526,1.1680405,-0.2320314,-0.20044765,-0.1855391,93.51879
24.775997638702393,-1.4731624,1.2425969,1.178271,-0.2632405,-0.18294431,-0.17899868,96.40259
24.814554929733276,-1.4683793,1.2698538,1.1839291,-0.28209084,-0.16669156,-0.1780302,96.63328
24.852722883224487,-1.4668043,1.2944585,1.1877561,-0.30256158,-0.14243123,-0.17899753,97.2099
24.891417026519775,-1.4637656,1.3201442,1.1921594,-0.3164937,-0.120474875,-0.18028641,105.847664
24.930322647094727,-1.4587704,1.3458924,1.195628,-0.32709968,-0.09723224,-0.18011709,111.375
24.969855546951294,-1.4529698,1.3792568,1.2005332,-0.3334929,-0.07920898,-0.17904067,111.375
25.007638216018677,-1.4473972,1.4071949,1.2035898,-0.34063622,-0.055450242,-0.17539927,111.375
25.046875,-1.4420186,1.4367162,1.2069006,-0.3455273,-0.032249596,-0.16903271,111.375
25.08612370491028,-1.4357004,1.4732568,1.2101876,-0.34903246,-0.010328409,-0.15904087,111.375
25.124478101730347,-1.4306414,1.5057817,1.2130283,-0.35151076,0.010182564,-0.14599368,111.375
25.162887811660767,-1.4248018,1.5456944,1.2157263,-0.35345954,0.02859948,-0.13005094,111.375
25.201294898986816,-1.4205996,1.5785276,1.2181263,-0.35439637,0.044990532,-0.111717574,111.375
25.240065813064575,-1.4171268,1.6144295,1.219945,-0.35473183,0.05576653,-0.09699547,111.375
25.317811489105225,-1.4108434,1.6932023,1.2245702,-0.35161096,0.08195173,-0.05419033,111.375
25.356027126312256,-1.4102849,1.7311507,1.2260801,-0.3495844,0.08681456,-0.046333615,111.375
25.39549732208252,-1.4102706,1.7781037,1.2286135,-0.3420895,0.09693734,-0.030250369,111.375
25.434948682785034,-1.4113817,1.8185023,1.2302029,-0.33351868,0.103462875,-0.022361917,111.375
25.473441123962402,-1.4136357,1.8577257,1.2323048,-0.3225503,0.10857888,-0.01861137,111.375
25.5129656791687,-1.416458,1.9068775,1.234065,-0.31303403,0.1109275,-0.018124336,111.375
25.55001163482666,-1.4202604,1.9489615,1.2360505,-0.29908657,0.112314306,-0.019909088,111.375
25.58838939666748,-1.4256165,1.9907224,1.2377144,-0.2842778,0.111385904,-0.023938032,89.82842
25.628353357315063,-1.4311106,2.0414708,1.2396313,-0.26909482,0.10794091,-0.028924651,89.84294
25.666015148162842,-1.4370289,2.082446,1.2415136,-0.25650993,0.10399502,-0.034773916,89.46431
25.70427703857422,-1.4441363,2.1255677,1.2429976,-0.23492122,0.09434819,-0.045964133,88.78551
25.782488346099854,-1.4608424,2.2205973,1.2471573,-0.19593932,0.072480604,-0.069235206,111.375
25.820465326309204,-1.4685986,2.2635465,1.2487992,-0.18326676,0.06190345,-0.0781039,111.375
25.859890937805176,-1.479061,2.3050926,1.24933,-0.16607256,0.046601932,-0.08841648,111.375
25.972552061080933,-1.5056721,2.4373238,1.2510196,-0.12852666,-0.0040543564,-0.10440498,111.375
26.010631561279297,-1.5182678,2.4862738,1.2492621,-0.11796174,-0.028992385,-0.104122154,111.375
26.04947018623352,-1.524358,2.5241313,1.2493483,-0.11253827,-0.048566792,-0.10061687,111.375
26.088908672332764,-1.533047,2.5638282,1.2478662,-0.109086975,-0.06783535,-0.09609218,89.69241
26.128175497055054,-1.5445557,2.6101098,1.2452438,-0.10779569,-0.077142775,-0.09497416,92.0285
26.16612720489502,-1.549647,2.6472292,1.2444036,-0.106560156,-0.09874708,-0.09526256,88.66781
26.204579830169678,-1.5555661,2.6841772,1.242633,-0.10658893,-0.11437059,-0.09895578,88.39997
26.24414873123169,-1.5633156,2.7285616,1.2398936,-0.10788302,-0.12744075,-0.10615817,86.953964
26.320666551589966,-1.567659,2.798568,1.2382168,-0.11582763,-0.14469664,-0.13169055,86.24116
26.360270977020264,-1.56968,2.8415074,1.236414,-0.120150164,-0.14802553,-0.14465244,86.198265
26.398345470428467,-1.5697451,2.8761082,1.235471,-0.12653099,-0.14951107,-0.16468492,78.74383
26.47670340538025,-1.5658914,2.9509447,1.2338105,-0.13823141,-0.14293338,-0.21008404,66.21955
26.590643644332886,-1.552954,3.0597026,1.2306476,-0.14561667,-0.11165613,-0.27829602,65.20089
26.628633737564087,-1.548973,3.0874078,1.229729,-0.14445703,-0.09713998,-0.30021662,71.5066
26.668221950531006,-1.5416592,3.1279743,1.228124,-0.14049388,-0.08108736,-0.32190773,72.27372
26.707843542099,-1.5343642,3.169324,1.2261769,-0.1374378,-0.06789946,-0.33800673,61.84324
26.748834371566772,-1.5252427,3.208309,1.224026,-0.13213278,-0.05439587,-0.35407722,65.05499
26.82896113395691,-1.5094076,3.2751513,1.2181078,-0.107672624,-0.007329932,-0.4095991,66.03182
26.867867946624756,-1.501202,3.308019,1.2144399,-0.0945481,0.01130137,-0.43304238,66.56638
26.908403635025024,-1.493174,3.347735,1.2104355,-0.083998084,0.024918608,-0.45099953,64.34211
26.946764945983887,-1.4841442,3.3859684,1.2062306,-0.06968906,0.042265736,-0.47512463,64.88797
26.986079692840576,-1.4758823,3.4169414,1.2014141,-0.054341663,0.05823841,-0.49978969,65.21187
27.02685308456421,-1.4690027,3.4541724,1.1963524,-0.041339535,0.06896839,-0.51901263,62.088615
27.065298557281494,-1.4627538,3.4841201,1.1910827,-0.020276636,0.08481521,-0.55222607,62.111526
27.104249954223633,-1.45797,3.5143456,1.1865659,-0.0036469214,0.0950115,-0.57988644,62.70195
27.14396095275879,-1.4529608,3.543641,1.1814632,0.012408803,0.10312054,-0.60830057,68.64392
27.183069229125977,-1.448118,3.577724,1.1758298,0.024136638,0.107503496,-0.6301212,63.69014
27.222418785095215,-1.4453309,3.6115546,1.1698463,0.042413034,0.11176311,-0.6676099,64.455956
27.25970482826233,-1.4429724,3.6381326,1.1653624,0.05300746,0.11261115,-0.69049126,59.20208
27.298056840896606,-1.4420502,3.6653423,1.1602023,0.061735317,0.11223735,-0.7141144,59.67237
27.337995052337646,-1.442543,3.6965504,1.1550463,0.07423713,0.10878031,-0.7536586,59.38047
27.37559700012207,-1.4431766,3.7222297,1.1501468,0.081782684,0.10397884,-0.7862014,59.10958
27.416465759277344,-1.4455652,3.7513983,1.1450509,0.08579404,0.09913309,-0.8108543,56.923363
27.455965757369995,-1.4484962,3.7754686,1.1409847,0.089099765,0.09157724,-0.8442272,58.964325
27.499828815460205,-1.452709,3.8027964,1.1362996,0.08964444,0.082809106,-0.8779627,59.144524
27.53769326210022,-1.4575573,3.824851,1.1324968,0.08704443,0.070727736,-0.9210241,59.88723
27.57617425918579,-1.4639356,3.8509011,1.1280141,0.08127705,0.060278732,-0.9555544,80.710945
27.619370698928833,-1.4716305,3.8760114,1.1238778,0.07455515,0.050103456,-0.99105203,81.157425
27.66007113456726,-1.4785806,3.8963685,1.1202137,0.06292174,0.03964136,-1.0284443,78.5439
27.697909355163574,-1.4858066,3.915102,1.1166157,0.049841493,0.03012633,-1.0671391,77.941475
27.73763871192932,-1.4953618,3.9380422,1.1122209,0.034129158,0.021529133,-1.1078602,78.25328
27.77559781074524,-1.5037569,3.9563568,1.1089809,0.016169671,0.014395697,-1.1503196,78.6403
27.81470012664795,-1.514137,3.97737,1.1033528,0.0017309171,0.010015298,-1.1836551,78.46444
27.853110313415527,-1.5219144,3.9937077,1.0991408,-0.023810185,0.005321796,-1.2417644,78.81901
27.891385078430176,-1.5321027,4.0105853,1.0953819,-0.03979488,0.004163456,-1.2778863,81.91922
27.92991590499878,-1.5408072,4.0269976,1.0902084,-0.06691934,0.0051796148,-1.3396076,81.983635
28.00898790359497,-1.5602945,4.063364,1.0797207,-0.10399575,0.012202223,-1.4276094,82.56533
28.04813241958618,-1.5703778,4.0827026,1.0746654,-0.11964558,0.016769994,-1.4649055,82.570244
28.086048126220703,-1.5778402,4.099948,1.0692555,-0.14481539,0.025395283,-1.5259767,82.506226
28.126689672470093,-1.5875442,4.121191,1.0641068,-0.1594304,0.030996436,-1.5610466,80.8986
28.165812492370605,-1.5931112,4.135501,1.060643,-0.18233807,0.040010978,-1.616851,76.92973
28.207753896713257,-1.6012975,4.161852,1.0545679,-0.19924375,0.04639169,-1.6587869,108.26089
28.250595331192017,-1.608401,4.185597,1.0501814,-0.21354538,0.051616907,-1.6976407,108.65346
28.32771372795105,-1.6170641,4.2258897,1.0411414,-0.24755974,0.05661479,-1.7536746,110.66319
28.368410110473633,-1.6199377,4.250285,1.0358058,-0.2643658,0.056524478,-1.7702178,110.75953
28.406316995620728,-1.6216325,4.270605,1.0307013,-0.2801651,0.054159105,-1.7795485,110.96264
28.483165979385376,-1.621044,4.3159966,1.0200186,-0.30726007,0.044179294,-1.7794915,108.82926
28.52147912979126,-1.6182971,4.336693,1.0157553,-0.32207325,0.035128232,-1.7713333,109.40743
28.560130834579468,-1.61492,4.356893,1.0111487,-0.3314995,0.026586505,-1.7618239,109.8181
28.598079442977905,-1.6089246,4.381519,1.0054569,-0.34343952,0.012955253,-1.7449942,110.8013
28.636601448059082,-1.6025057,4.402389,1.0005863,-0.3553554,-0.006951805,-1.7189612,109.97175
28.676657915115356,-1.5947417,4.422606,0.9960657,-0.36068967,-0.019700505,-1.7019118,111.06992
28.714856147766113,-1.5830181,4.446264,0.99124515,-0.36576703,-0.041260086,-1.6742195,111.24799
28.753693103790283,-1.5715579,4.4655914,0.9864746,-0.36577043,-0.053645857,-1.6595337,111.08999
28.795807600021362,-1.5566095,4.4886584,0.9812903,-0.36115837,-0.0719827,-1.6393619,111.337944
28.834471464157104,-1.5417581,4.50673,0.9766339,-0.35338974,-0.08469182,-1.6274171,111.375
28.872666358947754,-1.5257329,4.524866,0.9721316,-0.34850693,-0.09027356,-1.6225404,111.375
28.912757635116577,-1.5058826,4.546382,0.9668908,-0.3332649,-0.102295585,-1.6137159,111.375
28.95071506500244,-1.487412,4.5626874,0.961912,-0.31466585,-0.11156397,-1.6070039,111.375
28.989466428756714,-1.467725,4.5784025,0.95639855,-0.3023207,-0.11609291,-1.6033552,111.375
29.027942419052124,-1.4435116,4.597881,0.9506038,-0.28937867,-0.119762644,-1.599111,111.375
29.06556749343872,-1.4203779,4.6124725,0.94431007,-0.27113202,-0.123667955,-1.5923246,111.375
29.143284559249878,-1.373812,4.6427464,0.93171465,-0.2328933,-0.12613356,-1.5758004,85.14929
29.181024074554443,-1.34771,4.6569076,0.9246822,-0.20738405,-0.12424806,-1.5660768,83.71225
29.21831774711609,-1.3242288,4.667646,0.91985464,-0.1914833,-0.12090187,-1.5605932,82.778046
29.257227659225464,-1.2965888,4.680811,0.9136048,-0.16895711,-0.11503431,-1.5553741,81.54186
29.295841932296753,-1.2741063,4.690425,0.9072784,-0.14570452,-0.10706715,-1.551407,81.890495
29.33358883857727,-1.2444899,4.7012734,0.9014414,-0.12815253,-0.09950658,-1.5494554,79.98592
29.372458457946777,-1.2139056,4.7120466,0.8937525,-0.10497456,-0.08837088,-1.5479412,76.56739
29.492149591445923,-1.1345365,4.740265,0.8752047,-0.04371904,-0.052219115,-1.5484955,110.670494
29.530884742736816,-1.1232035,4.7481213,0.87028426,-0.021472707,-0.034848455,-1.5495642,110.436874
29.606716871261597,-1.0587616,4.766693,0.8536841,0.006387425,-0.0076114004,-1.5484397,79.49877
29.647577047348022,-1.0503274,4.77523,0.84859145,0.0132686095,0.0022276063,-1.5474756,78.651566
29.68643569946289,-1.0248283,4.7850013,0.84010845,0.021529974,0.017373474,-1.5448893,78.60449
29.72504758834839,-0.990873,4.7937818,0.83182806,0.023655284,0.026043484,-1.5442743,77.49574
29.764465808868408,-0.9671906,4.8041606,0.82465905,0.025595838,0.038994696,-1.5462269,78.186325
29.804422616958618,-0.9522246,4.8108144,0.8201175,0.025583766,0.041574206,-1.547164,76.03852
29.84219479560852,-0.9296569,4.820375,0.8129513,0.022238227,0.058511745,-1.5575806,76.371086
29.88103699684143,-0.9079647,4.8299503,0.8063446,0.019406838,0.06507339,-1.5647787,76.15081
29.92002010345459,-0.8900023,4.83814,0.8008043,0.015394589,0.071381494,-1.5738492,76.86096
29.957870960235596,-0.8756618,4.843923,0.79611796,0.009201105,0.07935468,-1.5893848,78.48801
29.998191356658936,-0.85304266,4.855236,0.7889531,2.6044307e-05,0.088267066,-1.6144837,77.75172
30.035313844680786,-0.83645916,4.8634734,0.78380305,-0.0062209973,0.093061596,-1.6321858,80.14826
30.073830604553223,-0.8198317,4.871258,0.77797425,-0.015279701,0.098786,-1.6590219,80.5343
30.112625122070312,-0.8045874,4.8802514,0.7742493,-0.024685519,0.10372022,-1.6890142,81.95516
30.15097165107727,-0.78604937,4.8908205,0.76829207,-0.034611393,0.10796589,-1.7227017,83.34956
30.189095497131348,-0.7709285,4.9003506,0.76372874,-0.04527897,0.11115776,-1.7586044,83.462395
30.227433919906616,-0.75275177,4.9125896,0.75844777,-0.053332157,0.112844914,-1.7869439,80.595695
30.266169548034668,-0.73679173,4.923189,0.75351286,-0.067376606,0.11404795,-1.836416,77.834984
30.305264472961426,-0.72194046,4.934865,0.75003374,-0.07640495,0.113802075,-1.8669183,78.34167
30.34393548965454,-0.7022675,4.949389,0.74501354,-0.08583366,0.11253512,-1.8976974,78.81464
30.42000126838684,-0.6719962,4.9743943,0.7390842,-0.11501028,0.103870615,-1.9911318,75.39732
30.459948539733887,-0.6515562,4.991453,0.7363386,-0.1290517,0.09736053,-2.0323715,75.71418
30.499701976776123,-0.6300531,5.00881,0.7336305,-0.13988392,0.09139767,-2.0630574,76.31125
30.576326847076416,-0.5875367,5.0415473,0.7290898,-0.17335099,0.06876851,-2.1538415,74.50895
30.614298582077026,-0.5671298,5.056628,0.7280533,-0.18449378,0.059788078,-2.1836374,75.145195
30.693426370620728,-0.5193835,5.088589,0.72574234,-0.2134755,0.033588845,-2.2628076,72.47926
30.732840061187744,-0.49636117,5.1022706,0.7252175,-0.22685575,0.019692933,-2.3021936,72.44074
30.774381399154663,-0.4675527,5.1178575,0.72504646,-0.23972847,0.005439435,-2.3412635,73.12942
30.851195335388184,-0.41774374,5.1414566,0.7257149,-0.25926498,-0.019853204,-2.4089942,71.63769
30.890984296798706,-0.3862177,5.1527977,0.72662187,-0.27076912,-0.03761724,-2.456586,71.230675
30.930657625198364,-0.36003426,5.1621146,0.7286188,-0.2783699,-0.051897723,-2.4939294,72.78438
30.96946358680725,-0.32859582,5.171262,0.7312604,-0.2827037,-0.06270327,-2.5212996,73.37407
31.00788378715515,-0.30610216,5.176126,0.7330775,-0.28635943,-0.07754001,-2.5564337,75.00293
31.045933961868286,-0.26535043,5.1823034,0.7365742,-0.28731233,-0.09270418,-2.59013,76.61274
31.085830450057983,-0.23674442,5.186505,0.73949534,-0.28672072,-0.10865471,-2.621615,76.92027
31.12477159500122,-0.20665792,5.1872525,0.7430577,-0.28284618,-0.12501813,-2.6500874,80.16625
31.16420269012451,-0.17100509,5.185802,0.7465782,-0.27705452,-0.14163132,-2.674772,78.44545
31.203899383544922,-0.14187995,5.1854815,0.75127953,-0.2690592,-0.15875931,-2.695552,77.01751
31.242960929870605,-0.112395935,5.1816487,0.7546209,-0.2580578,-0.17595774,-2.711897,77.28161
31.283334255218506,-0.07781561,5.1768603,0.7601021,-0.24898782,-0.18862417,-2.7215526,80.34075
31.320941925048828,-0.04933189,5.171146,0.76464975,-0.23823833,-0.2007957,-2.7290244,79.58889
31.360787630081177,-0.01626613,5.163555,0.7710395,-0.21276818,-0.22343405,-2.7362647,83.44929
31.399874687194824,0.010477576,5.155719,0.7763911,-0.19256587,-0.23663792,-2.7355404,83.161026
31.4394268989563,0.0371134,5.1464744,0.7814322,-0.17696546,-0.24515028,-2.731597,83.836044
31.485179901123047,0.07225305,5.132835,0.7897401,-0.15454197,-0.2544967,-2.721693,84.656296
31.524933338165283,0.10052034,5.119982,0.7971208,-0.124996014,-0.26167747,-2.7022924,87.32471
31.56300401687622,0.1226963,5.1085277,0.8034922,-0.10122655,-0.26376656,-2.6822026,109.08025
31.60086226463318,0.14475204,5.0965667,0.8084446,-0.08361543,-0.26231134,-2.6650388,111.375
31.640625476837158,0.16319066,5.083677,0.81656325,-0.059931878,-0.2567539,-2.639938,111.375
31.679434061050415,0.18115285,5.070161,0.8226901,-0.03476481,-0.24352202,-2.603934,111.375
31.71848750114441,0.20054342,5.053656,0.82956654,-0.021449588,-0.23166572,-2.5804813,111.375
31.757983207702637,0.21867085,5.037349,0.8344853,-0.007362484,-0.21260412,-2.5489287,111.375
31.797184944152832,0.2273426,5.026193,0.8403027,0.0022645344,-0.18990338,-2.5179572,111.375
31.835978031158447,0.24527818,5.006291,0.8446329,0.006683366,-0.17109889,-2.4965348,111.375
31.876172065734863,0.25318158,4.992438,0.84938395,0.0074978783,-0.13762654,-2.46516,111.375
31.914924144744873,0.26445225,4.9791055,0.85091865,0.0044437177,-0.117076695,-2.4493701,111.375
31.95473289489746,0.27319562,4.965269,0.8537002,-0.0033114622,-0.08912894,-2.431952,111.375
31.994749069213867,0.28280687,4.9494576,0.8558764,-0.018658873,-0.054368462,-2.4153666,111.375
32.034212589263916,0.2884817,4.934439,0.8575587,-0.034977075,-0.027373692,-2.4048882,111.375
32.072277784347534,0.29477873,4.9229636,0.8567604,-0.04960589,-0.0075404984,-2.3984408,90.005646
32.11033010482788,0.30160347,4.911161,0.8564507,-0.07203462,0.01795901,-2.3911483,92.646
32.18680477142334,0.3164862,4.8857527,0.8523893,-0.11948913,0.06475582,-2.382534,91.7242
32.225019454956055,0.32267553,4.8771906,0.8500211,-0.13820517,0.08099372,-2.3810925,90.81069
32.29975199699402,0.33944026,4.8566294,0.8440085,-0.19276907,0.12294983,-2.3818548,87.65388
32.33971405029297,0.35114756,4.8444495,0.84182066,-0.21562174,0.13769539,-2.383206,87.512085
32.37795853614807,0.3622767,4.8350887,0.8377853,-0.23253366,0.14689414,-2.3846476,86.275696
32.494704723358154,0.40826955,4.802613,0.8311967,-0.28457636,0.16586584,-2.3941946,85.0921
32.5338659286499,0.42471796,4.792969,0.82956886,-0.29904905,0.1666055,-2.3996964,84.11199
32.57224416732788,0.4484099,4.783078,0.82844085,-0.3134399,0.1626833,-2.4074593,84.500565
32.61212515830994,0.47041908,4.7706056,0.8274115,-0.320025,0.1578876,-2.4130259,92.85831
32.6507625579834,0.4924948,4.761016,0.82882667,-0.3262789,0.14847521,-2.4206142,108.06666
32.6886191368103,0.5155369,4.749583,0.8287706,-0.3298453,0.13591808,-2.4277127,111.375
32.72572088241577,0.5400464,4.738236,0.8280997,-0.33446246,0.114958026,-2.4347935,111.375
32.765233516693115,0.57314235,4.7261696,0.8277849,-0.33606172,0.100657254,-2.436993,111.375
32.804596185684204,0.59749067,4.712631,0.82718664,-0.33677462,0.0849714,-2.4382896,111.375
32.843029499053955,0.61870205,4.703826,0.82663506,-0.33663586,0.06793545,-2.4381802,111.375
32.88279843330383,0.6577277,4.6857753,0.82440156,-0.3353065,0.030021185,-2.4336748,111.375
32.96081852912903,0.72175425,4.6549783,0.81868905,-0.33093363,-0.010945718,-2.42465,111.375
32.99903917312622,0.7509564,4.6404667,0.81580746,-0.3247833,-0.045931686,-2.4142869,111.375
33.04110646247864,0.7867537,4.621467,0.8115452,-0.31593335,-0.08030242,-2.4029598,87.55575
33.07908511161804,0.8166212,4.6042986,0.80745625,-0.30930522,-0.100006424,-2.3964634,87.394
33.157397985458374,0.8815228,4.562607,0.7980586,-0.28670716,-0.14591515,-2.3833666,91.09766
33.19706058502197,0.91004205,4.5420065,0.7936786,-0.27110285,-0.16409932,-2.3799968,90.65765
33.23619866371155,0.943946,4.5139523,0.7882752,-0.25463253,-0.17845078,-2.379046,90.25283
33.27607774734497,0.97453815,4.489935,0.783753,-0.24102707,-0.18664818,-2.3798313,90.798134
33.31444835662842,0.99973744,4.463735,0.77986634,-0.2163694,-0.19649428,-2.3828006,89.125084
33.35451102256775,1.0315671,4.4321766,0.7754931,-0.20100707,-0.1997432,-2.385695,88.90491
33.39244294166565,1.0565513,4.4042273,0.7704159,-0.17471138,-0.20048873,-2.3928056,88.68075
33.43128776550293,1.0816689,4.3746605,0.7665904,-0.1587385,-0.19816943,-2.3984692,87.75773
33.472697734832764,1.1093677,4.3388357,0.7612684,-0.13792628,-0.1924547,-2.408277,86.63714
33.51315426826477,1.1355902,4.3020306,0.7556496,-0.11278007,-0.18046923,-2.4252424,82.70513
33.625850200653076,1.1954318,4.2018127,0.74020576,-0.061524387,-0.13879654,-2.4784148,80.870476
33.6657772064209,1.2121075,4.1700177,0.7352521,-0.04410019,-0.119606435,-2.5021799,79.509834
33.70640468597412,1.2268333,4.1386747,0.7298738,-0.028242532,-0.09900256,-2.5282583,80.02617
33.74698567390442,1.2433969,4.101461,0.7230831,-0.016925253,-0.08265585,-2.5494497,80.23983
33.78571105003357,1.2555054,4.071766,0.71723366,0.002208962,-0.054589722,-2.5870671,78.87274
33.8608078956604,1.2813064,4.0080237,0.7051192,0.028217232,-0.010689835,-2.6517,78.93261
33.89820837974548,1.2905147,3.9817827,0.6986211,0.03571499,0.004932334,-2.6772685,77.18599
33.936431884765625,1.3006022,3.956097,0.6933845,0.046605177,0.024065798,-2.7111115,74.870346
33.97419595718384,1.3114532,3.9322848,0.6884144,0.053431876,0.040273048,-2.7445955,75.78096
34.01308989524841,1.3240516,3.905347,0.6830378,0.058457825,0.05054192,-2.7690806,76.44348
34.05071210861206,1.3348981,3.8839512,0.67938143,0.06403407,0.061371386,-2.7999842,76.6562
34.08750772476196,1.346221,3.8643289,0.67626846,0.0658301,0.067540035,-2.8218114,79.41607
34.12692093849182,1.3606402,3.843078,0.6736084,0.06635026,0.07379881,-2.8540242,79.79454
34.16677927970886,1.3725433,3.8266232,0.67209554,0.0631738,0.07446681,-2.876856,80.795364
34.2063684463501,1.3859655,3.8112144,0.6732892,0.057205983,0.072156064,-2.8963225,84.01421
34.24623465538025,1.4019395,3.7949696,0.6719582,0.050131198,0.06936035,-2.9070961,85.38175
34.28491234779358,1.4159031,3.7805772,0.6745379,0.043495104,0.06153875,-2.9227567,85.25168
34.32388091087341,1.4334248,3.7643008,0.6784779,0.0319456,0.055190533,-2.9245439,85.47933
34.362146615982056,1.448106,3.7522502,0.6821508,0.023532458,0.04776543,-2.924276,87.08928
34.399463415145874,1.4622445,3.7419684,0.6863587,0.00756312,0.033164002,-2.916998,85.49805
34.47596836090088,1.4953372,3.7199328,0.69613844,-0.021368645,0.0076941266,-2.8959026,84.93067
34.51463460922241,1.510509,3.7106874,0.7013707,-0.04544352,-0.013851773,-2.875177,83.90199
34.55226945877075,1.5271549,3.7018664,0.7059568,-0.06562817,-0.03272725,-2.8569994,83.53899
34.634440183639526,1.5566895,3.681738,0.7169199,-0.10239382,-0.06627263,-2.8245962,96.39481
34.67267608642578,1.5679718,3.6728745,0.7203013,-0.12270696,-0.08493936,-2.8079815,105.473236
34.713672161102295,1.5814557,3.662866,0.72536445,-0.148778,-0.107432164,-2.7885358,110.45769
34.753129959106445,1.59147,3.6538277,0.72968096,-0.1689412,-0.124213345,-2.7727323,110.886215
34.790948152542114,1.6029454,3.6435328,0.7315358,-0.18509366,-0.13594028,-2.7607362,110.66377
34.82900428771973,1.6112001,3.6314764,0.73483866,-0.20662862,-0.1508115,-2.7442873,110.374825
34.86843466758728,1.620238,3.6198726,0.7354741,-0.22702454,-0.16401355,-2.7277746,80.88199
34.905890226364136,1.625425,3.6079404,0.73796684,-0.24188203,-0.172511,-2.7154858,81.34097
34.94361710548401,1.6319454,3.5946662,0.7396482,-0.2616992,-0.18237785,-2.700031,81.06694
34.98260688781738,1.6375744,3.580731,0.74144214,-0.27759737,-0.18945503,-2.6856618,78.837524
35.02089810371399,1.6441473,3.5616167,0.74407864,-0.29077283,-0.19320765,-2.672784,100.86976
35.059226989746094,1.6498532,3.5437584,0.74638337,-0.30093065,-0.19366813,-2.6607385,99.974205
35.09795641899109,1.6527694,3.5222743,0.74934983,-0.31029674,-0.19051665,-2.6500359,108.0268
35.13635540008545,1.6566216,3.502069,0.75220895,-0.31700906,-0.18439893,-2.6401737,108.23361
35.175044536590576,1.659914,3.4804614,0.75449514,-0.32193533,-0.17612883,-2.6312501,108.61206
35.21418762207031,1.6640246,3.452765,0.75733715,-0.32364893,-0.17072915,-2.6277826,82.12065
35.25226449966431,1.6669079,3.4283934,0.760114,-0.32568482,-0.14965346,-2.623032,84.783325
35.29184174537659,1.6698325,3.402578,0.7624513,-0.32312703,-0.13683127,-2.6221128,85.331314
35.33090615272522,1.6730636,3.3685956,0.7653539,-0.31878212,-0.11626591,-2.6239185,85.44035
35.370304346084595,1.674959,3.3421013,0.7682355,-0.31356695,-0.09917232,-2.627375,87.45736
35.410810232162476,1.6771575,3.3130484,0.7706475,-0.30107754,-0.067362286,-2.6368966,85.1414
35.45026659965515,1.6804216,3.2754815,0.77253884,-0.28827575,-0.040158335,-2.647283,83.74597
35.4896297454834,1.683314,3.2387536,0.7744737,-0.272313,-0.0120385885,-2.6604345,83.98207
35.52863001823425,1.6856743,3.2085369,0.77632415,-0.25903428,0.009512709,-2.6724606,84.164375
35.56676626205444,1.6893158,3.177234,0.7774375,-0.23313925,0.04427029,-2.6951156,83.07312
35.6058304309845,1.6939838,3.1394954,0.77802,-0.20865585,0.0707069,-2.7160957,85.55066
35.64519119262695,1.697713,3.1141293,0.77820075,-0.18158606,0.094267204,-2.7388427,85.61601
35.685001850128174,1.7047626,3.0763426,0.7777051,-0.1599797,0.10945757,-2.756448,84.59896
35.72413372993469,1.7124535,3.0415857,0.7782193,-0.12974763,0.12605403,-2.7790465,85.55964
35.764121294021606,1.7212232,3.0073533,0.7784388,-0.10032506,0.13773738,-2.7996714,84.6877
35.8028678894043,1.7309926,2.979348,0.7789242,-0.07872024,0.14326695,-2.8134356,84.817635
35.84117674827576,1.7409999,2.953124,0.7802418,-0.05293872,0.14621623,-2.829079,85.870186
35.87991142272949,1.7516648,2.9289246,0.78111756,-0.024848262,0.14306593,-2.8436959,86.39424
35.955766677856445,1.7799329,2.8789437,0.78636783,0.0055034244,0.1265748,-2.8540487,84.9098
35.997294902801514,1.7975581,2.8545043,0.7898124,0.01634921,0.11157676,-2.8545713,84.8496
36.03607225418091,1.8127896,2.836377,0.7934003,0.025086848,0.087479435,-2.850592,111.375
36.07480049133301,1.8279953,2.8192542,0.79603577,0.02829303,0.07176864,-2.844684,111.375
36.1134147644043,1.8451139,2.8000767,0.7989106,0.027406018,0.05463509,-2.8355122,111.375
36.15168333053589,1.860226,2.786309,0.80081946,0.020894801,0.024747796,-2.8130598,111.375
36.227503538131714,1.888956,2.7623873,0.80282843,-0.0038875244,-0.024485344,-2.763187,111.375
36.2663094997406,1.905519,2.7499623,0.801765,-0.02084223,-0.050674032,-2.7347915,87.19889
36.306371212005615,1.918856,2.7396245,0.8006434,-0.03447819,-0.07044644,-2.7148638,89.556145
36.34562683105469,1.9332081,2.7285082,0.79880524,-0.053485487,-0.09729267,-2.6893196,93.815125
36.38499116897583,1.9457593,2.7188969,0.7965175,-0.07369331,-0.12365995,-2.6677835,93.17665
36.4234938621521,1.9581553,2.7061846,0.7943722,-0.09338941,-0.14920586,-2.6490123,92.07706
36.463563442230225,1.9677371,2.695535,0.79115856,-0.11300856,-0.17254329,-2.634303,89.90802
36.50156807899475,1.9752815,2.687046,0.78792137,-0.13311456,-0.19366558,-2.6222491,89.37415
36.57928776741028,1.9950546,2.6561937,0.77930385,-0.17284833,-0.22605902,-2.6076853,87.98457
36.618327379226685,2.00131,2.6411192,0.7763607,-0.19175127,-0.2369154,-2.6044726,87.12962
36.65727782249451,2.0084126,2.6219647,0.7720192,-0.20517708,-0.24260263,-2.6031857,89.60898
36.69640588760376,2.0125396,2.60805,0.7696393,-0.22595933,-0.24665873,-2.6041143,89.37176
36.73463845252991,2.0186315,2.5858936,0.7661018,-0.23701586,-0.24589857,-2.6057506,89.2756
36.81156635284424,2.026979,2.5410438,0.7611708,-0.26186848,-0.23177528,-2.6154656,90.631386
36.85094690322876,2.03048,2.5138876,0.75752324,-0.2693485,-0.22184956,-2.6211307,90.32582
36.89012432098389,2.033441,2.4894955,0.75537866,-0.27734974,-0.20487775,-2.6306179,92.58743
36.9286584854126,2.0363455,2.464042,0.7543185,-0.2830208,-0.18402201,-2.641856,93.63782
37.00430178642273,2.0410326,2.4095707,0.7488533,-0.28298596,-0.12495161,-2.6773477,91.883286
37.04287362098694,2.0454032,2.373657,0.7462677,-0.2797725,-0.10246929,-2.692565,94.94548
37.08182144165039,2.0481281,2.3445477,0.7427664,-0.27110094,-0.07134885,-2.7146006,94.44463
37.119325399398804,2.0515044,2.3139343,0.73951334,-0.2607312,-0.039775845,-2.7401729,93.89114
37.15925407409668,2.056785,2.2764828,0.7354248,-0.25380835,-0.023898924,-2.7537735,95.06498
37.19878101348877,2.0631695,2.236932,0.7309599,-0.22323035,0.020548731,-2.7966208,96.43709
37.2754123210907,2.0751104,2.1808615,0.72398007,-0.18389598,0.05771778,-2.8432565,111.375
37.355051040649414,2.0954144,2.1058114,0.712814,-0.11152153,0.09425573,-2.9194093,111.375
37.39395999908447,2.1071684,2.0723991,0.7097516,-0.07494411,0.10202051,-2.9560077,111.375
37.4346878528595,2.1216743,2.031401,0.7100224,-0.014171013,0.10099331,-3.002053,127.377785
37.47447466850281,2.1363704,1.9916826,0.7089571,0.01841872,0.09581374,-3.030592,111.375
37.513426303863525,2.1485846,1.9597818,0.7064503,0.06934223,0.08332222,-3.0592635,111.375
37.55317735671997,2.161711,1.9299649,0.7037183,0.11688465,0.06773436,-3.0838845,111.375
37.59335660934448,2.174409,1.902223,0.7003709,0.15487066,0.049803548,-3.101119,111.375
37.633498430252075,2.1923456,1.8667588,0.6955428,0.18148889,0.036171895,-3.109211,111.375
37.67276620864868,2.2051482,1.8447201,0.6931554,0.21532711,0.014230002,-3.1121888,111.375
37.71068215370178,2.218676,1.8250756,0.6891598,0.23314855,-0.0015532753,-3.1055262,111.375
37.74853539466858,2.230051,1.8082001,0.6882548,0.24350768,-0.01505238,-3.0906813,111.375
37.789554834365845,2.2441483,1.79048,0.68589467,0.24614252,-0.026261682,-3.0693345,86.83448
37.82925319671631,2.2569082,1.7789065,0.6864892,0.24341145,-0.03344408,-3.048677,86.579796
37.86806654930115,2.2696006,1.7644234,0.6843215,0.22954355,-0.043800887,-3.008897,87.12497
37.90764403343201,2.2817605,1.7481512,0.68409604,0.24930266,-0.033289768,-2.9611351,76.29885
37.94635343551636,2.2906618,1.7355542,0.68259454,0.26991788,-0.0433001,-2.911623,88.90681
38.026965856552124,2.3172996,1.7029588,0.68351996,0.2985963,-0.038920287,-2.841461,89.492714
38.06483864784241,2.3251166,1.6937242,0.68431544,0.30259556,-0.03518836,-2.8096085,89.19564
38.102789640426636,2.3334234,1.6854964,0.68743026,0.3043019,-0.03265918,-2.7804956,89.30935
38.14175224304199,2.339598,1.6795179,0.68957233,0.30006868,-0.03161867,-2.755601,88.279175
38.25645351409912,2.354712,1.6710249,0.70081,0.26437917,-0.034470327,-2.7097552,86.72918
38.294991970062256,2.3602724,1.6713388,0.703811,0.22875455,-0.03962263,-2.6932137,86.57338
38.332547187805176,2.3590379,1.671734,0.7093002,0.21459967,-0.041943748,-2.6896026,86.550186
38.37181544303894,2.360295,1.6737828,0.7148879,0.18481465,-0.04600397,-2.6843543,86.51054
38.41073751449585,2.360981,1.6762922,0.7198353,0.15226437,-0.05063007,-2.6827047,88.60053
38.44866871833801,2.359584,1.6798781,0.72263,0.106508136,-0.05601247,-2.6837537,89.325554
38.48999381065369,2.358613,1.6843592,0.72758263,0.07807822,-0.05878565,-2.6861172,89.07287
38.5274772644043,2.3582268,1.688064,0.73136234,0.028858893,-0.063041456,-2.6911476,88.48854
38.64427876472473,2.3556926,1.6995777,0.73938185,-0.084122606,-0.06952101,-2.7018268,91.20245
38.7207977771759,2.3542767,1.707064,0.7433328,-0.15559357,-0.072624,-2.703048,89.92058
38.75855875015259,2.3545065,1.7086555,0.7447491,-0.19462302,-0.07407117,-2.7027066,86.98512
38.838303327560425,2.3559942,1.7089423,0.7464795,-0.26772755,-0.077078134,-2.698393,86.52356
38.95502042770386,2.3643165,1.6979837,0.7517364,-0.3541799,-0.08114444,-2.6867394,86.559
38.993473529815674,2.3683116,1.6912348,0.75451475,-0.37409177,-0.081757076,-2.6831703,85.85848
39.03396701812744,2.3740509,1.6809372,0.7582924,-0.3889143,-0.081485376,-2.6801956,84.55327
39.07277488708496,2.3799927,1.6705234,0.7625599,-0.39825714,-0.08048752,-2.6774852,82.98878
39.110506534576416,2.3865826,1.6584438,0.76781464,-0.4019325,-0.07852921,-2.6752763,83.30669
39.1490044593811,2.3958452,1.6415223,0.7743355,-0.4013907,-0.076494455,-2.6740015,83.78218
39.22677183151245,2.413798,1.6090937,0.78798264,-0.38607568,-0.069037825,-2.6720967,84.90365
39.265230655670166,2.4265306,1.5862275,0.7981104,-0.372071,-0.06480682,-2.671574,85.040215
39.30440807342529,2.437761,1.5660497,0.8065659,-0.35869852,-0.061311953,-2.671393,86.90155
39.34467077255249,2.4526315,1.5401688,0.8170905,-0.33069688,-0.0555725,-2.6709073,89.53008
39.38383650779724,2.4653363,1.5177646,0.8257122,-0.30417708,-0.05092653,-2.670668,89.45785
39.460314989089966,2.4937441,1.4689946,0.84292203,-0.24968879,-0.043090742,-2.6699862,86.71007
39.49961280822754,2.5112002,1.4383235,0.852302,-0.20628282,-0.037348118,-2.6713443,89.39614
39.53914165496826,2.52862,1.4068924,0.86128044,-0.1690479,-0.032071047,-2.6751087,89.11927
39.57772207260132,2.5409312,1.385339,0.8673774,-0.14989762,-0.029392846,-2.6782155,88.91493
39.61555004119873,2.5587764,1.3530422,0.8749602,-0.10150173,-0.02240156,-2.6910808,87.21107
39.6550989151001,2.575476,1.3210742,0.8805172,-0.062377017,-0.017073998,-2.7056642,87.98262
39.69419264793396,2.5897634,1.2943417,0.88568807,-0.043298777,-0.0146411825,-2.7144408,87.88255
39.73168087005615,2.6031673,1.2681614,0.8898463,0.013527765,-0.009119377,-2.7465045,86.95012
39.770657539367676,2.6164367,1.2429886,0.893595,0.040847667,-0.007643096,-2.765784,88.287415
39.80990672111511,2.6310031,1.2130879,0.89778274,0.07542218,-0.0073357285,-2.7938762,88.813805
39.88605499267578,2.653785,1.1674031,0.9045855,0.1301075,-0.0117752515,-2.8518689,89.68459
39.92689609527588,2.666477,1.1425321,0.9086519,0.15617272,-0.01722029,-2.8881958,90.383995
39.9660530090332,2.676385,1.122186,0.91136014,0.18256816,-0.026803983,-2.935655,91.87142
40.04272532463074,2.6957057,1.0898092,0.92132634,0.20646334,-0.043770906,-3.0025656,94.987236
40.12053680419922,2.7155411,1.0597314,0.932498,0.21016769,-0.06752384,-3.084239,93.798355
40.196844816207886,2.7340326,1.0382333,0.94522226,0.19568472,-0.08146812,-3.1353123,95.88415
40.23729586601257,2.7435946,1.0297718,0.95237565,0.17416713,-0.09090267,3.1072156,97.62282
40.27554273605347,2.7517762,1.0237399,0.9585962,0.15052465,-0.09654693,3.0750856,98.583275
40.31289625167847,2.7597573,1.019116,0.96491706,0.12289675,-0.09988679,3.0452166,97.76721
40.351831912994385,2.7678533,1.0154132,0.9705593,0.098985076,-0.100806415,3.025381,96.94237
40.397000789642334,2.7776675,1.0125036,0.9773604,0.055233013,-0.099381864,2.998104,111.375
40.43572640419006,2.7877169,1.0101308,0.98403144,0.026178205,-0.09696865,2.9866393,111.375
40.47613978385925,2.7935672,1.0091596,0.9859225,-0.023867343,-0.09066036,2.9753697,111.375
40.51654410362244,2.8041062,1.0079309,0.9892943,-0.056029942,-0.08588538,2.9738743,111.375
40.5569531917572,2.8117974,1.0064948,0.990927,-0.11166848,-0.07764931,2.979035,111.375
40.6738817691803,2.8346748,0.9977612,0.9871,-0.23786263,-0.06435903,3.021556,111.375
40.71234464645386,2.841004,0.99292797,0.9841623,-0.29414648,-0.06357044,3.0511608,111.375
40.75238513946533,2.847032,0.98633695,0.9806104,-0.32651386,-0.06471101,3.0699065,111.375
40.79110360145569,2.8529081,0.978106,0.9770362,-0.37712207,-0.06853645,3.1000445,111.375
40.82876801490784,2.8541348,0.9761377,0.9764321,-0.39553437,-0.07044508,3.1109064,111.375
40.86646223068237,2.8563542,0.97222215,0.9746735,-0.43690744,-0.07534599,3.1344948,111.375
40.94400072097778,2.8770156,0.9167559,0.9595027,-0.4864807,-0.079965405,-3.124565,92.80221
40.98475217819214,2.8828623,0.8919586,0.9561208,-0.4997421,-0.08037344,-3.118993,94.95437
41.02366638183594,2.887671,0.8695214,0.953709,-0.5125581,-0.0793063,-3.1140132,92.76124
41.064794063568115,2.8932207,0.83925164,0.95252407,-0.5188291,-0.0763468,-3.1119394,92.53834
41.10295391082764,2.8977456,0.81155527,0.95246214,-0.5180919,-0.070227414,-3.1120644,91.92864
41.141897678375244,2.9025443,0.77536726,0.9535698,-0.5127798,-0.06443206,-3.1144247,91.965
41.18119692802429,2.9062955,0.74276644,0.9554182,-0.50050396,-0.05409546,-3.1207626,93.693924
41.25957465171814,2.9133453,0.66333085,0.96105415,-0.45582694,-0.02723752,3.1385348,91.87251
41.301769733428955,2.9165392,0.6162163,0.9640115,-0.43287033,-0.015292674,3.1247349,92.47546
41.340054988861084,2.9185817,0.5747169,0.96649003,-0.38744193,0.0047168313,3.095996,92.21699
41.38038396835327,2.920943,0.5231748,0.96839845,-0.34497005,0.02036617,3.0674279,89.069
41.42036151885986,2.922147,0.48796123,0.9692062,-0.29785198,0.03429718,3.0342185,88.84964
41.459423780441284,2.9243524,0.43346968,0.97009486,-0.2597609,0.042743802,3.0063381,88.31458
41.53723454475403,2.927127,0.33334625,0.9644961,-0.13672636,0.05425562,2.9132118,84.761826
41.57519721984863,2.9288266,0.28763482,0.96249735,-0.08109846,0.050681535,2.8698215,84.920815
41.6140513420105,2.931443,0.23427148,0.95614415,-0.04036318,0.044594783,2.8378365,109.83756
41.65448713302612,2.9335103,0.19152653,0.9513461,0.012712667,0.031868167,2.7982252,111.375
41.69448709487915,2.9365888,0.14802545,0.9448258,0.058607552,0.014682403,2.764794,111.375
41.73353934288025,2.9394884,0.09905099,0.93753743,0.110290445,-0.00889135,2.732984,111.375
41.771960973739624,2.94498,0.050774306,0.93101,0.1365413,-0.023496302,2.7201476,111.375
41.81167483329773,2.947133,0.015962545,0.92179203,0.15939006,-0.037263196,2.7115393,111.375
41.85174584388733,2.9520152,-0.025913868,0.91280425,0.18844679,-0.058294293,2.707046,111.375
41.89088010787964,2.956162,-0.057736374,0.905076,0.20070143,-0.06916656,2.7096791,111.375
41.92914819717407,2.9605174,-0.08567331,0.89760596,0.21138912,-0.08108439,2.7196288,111.375
42.006426095962524,2.971173,-0.14160754,0.8822437,0.20890175,-0.09762484,2.764301,111.375
42.04565715789795,2.976367,-0.16377884,0.87582374,0.19681627,-0.10143579,2.7915444,111.375
42.08506369590759,2.9811797,-0.18335879,0.86866385,0.18340252,-0.10360577,2.8138554,111.375
42.122405767440796,2.9865837,-0.20448455,0.8599184,0.16030093,-0.106215,2.843839,111.375
42.16064167022705,2.9903135,-0.22075303,0.85131794,0.13219325,-0.10949028,2.8717093,111.375
42.199835538864136,2.9949026,-0.23704521,0.84191537,0.09973426,-0.11380655,2.8965197,111.375
42.241576194763184,2.9974234,-0.24673028,0.83442736,0.072512716,-0.1175928,2.9123683,111.375
42.28331923484802,3.0009902,-0.26198688,0.82156533,0.022562655,-0.1250597,2.9330924,111.375
42.325074672698975,3.0024974,-0.272536,0.8057949,-0.020591738,-0.1310405,2.9445612,111.375
42.40356183052063,3.0011032,-0.29195583,0.77550703,-0.11209565,-0.1404266,2.9572394,83.990776
42.44134593009949,2.9999151,-0.29859686,0.76337403,-0.15849605,-0.14327668,2.9625525,83.29989
42.51887226104736,2.990691,-0.32092854,0.72849774,-0.24021253,-0.142083,2.9625404,85.45223
42.67421317100525,2.9693434,-0.39705402,0.77030545,-0.272624,-0.11746121,2.9291718,91.705666
42.71301627159119,2.962049,-0.41745973,0.7783168,-0.2379518,-0.10793396,2.916541,88.558945
42.79049038887024,2.9428174,-0.4619692,0.80259544,-0.18125126,-0.080673076,2.8750682,84.15804
42.830180406570435,2.9300826,-0.48614824,0.8095578,-0.14433157,-0.06813916,2.852265,81.73938
42.86929678916931,2.9195423,-0.5058357,0.81746745,-0.1140853,-0.05893967,2.8347194,79.48352
42.907196044921875,2.9089215,-0.5254372,0.8259177,-0.076833755,-0.043956485,2.8052921,75.67722
42.9463632106781,2.8957949,-0.5479911,0.83286905,-0.057027783,-0.035970457,2.7883677,76.4539
42.98484945297241,2.8859813,-0.5661464,0.8389238,-0.024678342,-0.02663841,2.767225,74.316154
43.02310872077942,2.876065,-0.5843871,0.84522045,0.006759668,-0.019150473,2.747669,74.578476
43.065510749816895,2.8646774,-0.60440046,0.85356116,0.034432907,-0.013680199,2.7296984,75.776726
43.10506868362427,2.8557725,-0.62043417,0.8594236,0.059802935,-0.009987639,2.7140684,76.47445
43.14359474182129,2.846352,-0.6382313,0.8670151,0.08309281,-0.00835751,2.70084,75.54934
43.21904230117798,2.8335004,-0.66511923,0.8824254,0.113805875,-0.009446799,2.6842067,77.28655
43.258347511291504,2.827702,-0.67962897,0.89302737,0.1264725,-0.012992852,2.6769571,77.8275
43.296351194381714,2.8235192,-0.68928313,0.90285265,0.1323722,-0.016318822,2.6745121,79.77061
43.335407972335815,2.8196669,-0.69850886,0.9117421,0.1342451,-0.020115025,2.6733582,79.8896
43.412593126297,2.8155148,-0.71466756,0.93714553,0.1276119,-0.03271199,2.6774738,81.19968
43.45216464996338,2.8141153,-0.72150594,0.95104235,0.117960125,-0.040214177,2.683485,81.52983
43.49235939979553,2.8142323,-0.7259678,0.9640645,0.09909567,-0.050680194,2.6935136,84.55665
43.5305290222168,2.8134575,-0.7284615,0.97621286,0.0792382,-0.059562802,2.703895,87.05656
43.57104158401489,2.8143134,-0.7308318,0.9897595,0.05487033,-0.06882644,2.7162383,86.76184
43.609007835388184,2.814111,-0.73173547,1.0046581,0.034708142,-0.07582339,2.7263393,91.489426
43.646697998046875,2.813927,-0.7319181,1.0162239,-0.0016520843,-0.087483734,2.7446876,87.59676
43.68545889854431,2.8133152,-0.7298067,1.03099,-0.025782015,-0.09426768,2.755626,111.375
43.725197553634644,2.811453,-0.7276574,1.0417354,-0.067318685,-0.1056877,2.7735538,111.375
43.76436758041382,2.8106682,-0.7260248,1.0521437,-0.08375337,-0.10996389,2.7801542,111.375
43.842759132385254,2.8029258,-0.7208749,1.0717138,-0.16449739,-0.12826699,2.811416,111.375
43.92126512527466,2.793373,-0.71786356,1.0865803,-0.22912702,-0.14051323,2.8367114,111.375
43.96064257621765,2.7856274,-0.7162338,1.0937295,-0.27513388,-0.14881691,2.8560221,111.375
43.99863052368164,2.778656,-0.71645766,1.0983684,-0.30186546,-0.15331154,2.8678224,111.375
44.03834366798401,2.771026,-0.71709985,1.102632,-0.336572,-0.1590903,2.8841436,111.375
44.07779383659363,2.7608435,-0.71981144,1.1073172,-0.36982128,-0.16406289,2.8998046,111.375
44.11505055427551,2.7509384,-0.72336733,1.1105226,-0.4078785,-0.16890337,2.9184773,111.375
44.15266799926758,2.7401462,-0.7284254,1.1141722,-0.42845723,-0.17082308,2.929126,111.375
44.22870588302612,2.7144256,-0.7458697,1.121948,-0.47534183,-0.1713852,2.9544272,111.375
44.3059344291687,2.6872213,-0.7691436,1.129374,-0.5075838,-0.16517048,2.976898,107.54414
44.344935178756714,2.6729481,-0.78359586,1.1344975,-0.51320815,-0.16259766,2.982595,107.59215
44.38435506820679,2.654988,-0.80360585,1.1405692,-0.52243435,-0.15438682,2.9965768,97.28396
44.42304062843323,2.635842,-0.82634705,1.1478075,-0.5248604,-0.14534627,3.0066812,97.29531
44.49939560890198,2.6028495,-0.8710476,1.1623178,-0.5146725,-0.123674475,3.0205915,95.70201
44.53797197341919,2.5855312,-0.896253,1.1704053,-0.5016186,-0.10855114,3.0265462,96.777664
44.57911682128906,2.5648482,-0.92922384,1.1806408,-0.48327196,-0.0913245,3.030723,98.013885
44.61766076087952,2.5467257,-0.95897263,1.18945,-0.452772,-0.06807451,3.0346403,97.03147
44.65657329559326,2.5254302,-0.99678826,1.2001202,-0.43799117,-0.05832849,3.0351229,97.091064
44.695708990097046,2.5075073,-1.0304158,1.2083945,-0.39733082,-0.03304588,3.0332763,96.11566
44.73330736160278,2.4911113,-1.0660232,1.2167897,-0.37874517,-0.022665646,3.0306878,95.31999
44.770869970321655,2.4684007,-1.1084121,1.2255695,-0.3388604,-0.0012761134,3.0215583,94.694046
44.84854197502136,2.43435,-1.1847936,1.238338,-0.23562358,0.04436827,2.9806862,96.2709
44.888293504714966,2.416584,-1.2229556,1.2427453,-0.1849192,0.061082654,2.953567,95.53499
44.965479135513306,2.3819106,-1.3079292,1.2489551,-0.07937335,0.08283267,2.8845801,95.02987
45.006678342819214,2.364073,-1.3531928,1.2512946,-0.026185298,0.08602083,2.845084,95.77206
45.046868085861206,2.3473463,-1.3972058,1.2516732,0.024583403,0.0838928,2.8042216,95.12829
45.086838245391846,2.3339763,-1.4328153,1.251196,0.0607444,0.07852751,2.7732208,94.014244
45.12407851219177,2.3225615,-1.4675756,1.251769,0.11533878,0.06313216,2.72314,92.69691
45.19902181625366,2.3006873,-1.5393353,1.2527207,0.1827294,0.024999108,2.649301,90.389
45.23927068710327,2.292631,-1.5690762,1.2540921,0.19557026,0.0135745555,2.632349,90.78753
45.27747392654419,2.284754,-1.5967976,1.2554641,0.21859422,-0.017157592,2.5925374,92.37187
45.35591101646423,2.2726996,-1.6525446,1.2622061,0.23057653,-0.06888028,2.53472,91.51369
45.398178577423096,2.2669392,-1.6809577,1.2660877,0.22734265,-0.088055156,2.51463,89.59904
45.437272787094116,2.2640617,-1.7013947,1.2684147,0.21257243,-0.11792168,2.4847193,90.04197
45.478978872299194,2.2616887,-1.7257239,1.2756221,0.19343081,-0.1391052,2.4647439,91.63135
45.51635551452637,2.2608786,-1.7438537,1.2804878,0.16894346,-0.15782604,2.4491665,91.39827
45.5559298992157,2.2615607,-1.7626688,1.2858785,0.1463436,-0.16988523,2.440352,92.236916
45.59426689147949,2.2620199,-1.7776684,1.2905573,0.103083625,-0.18649037,2.4325795,91.71202
45.63537669181824,2.2620094,-1.7948774,1.2945422,0.074467085,-0.1944618,2.431015,95.13073
45.67545676231384,2.2609007,-1.8068216,1.2986807,0.022515902,-0.20407918,2.429076,94.631516
45.71508312225342,2.2606494,-1.8210946,1.3034922,-0.010012519,-0.20776282,2.4267235,96.975716
45.79327726364136,2.2560093,-1.8410352,1.3063674,-0.11270773,-0.20774198,2.410653,97.64495
45.83310008049011,2.2499406,-1.851353,1.3060617,-0.15939073,-0.20140149,2.3984182,97.004944
45.87293720245361,2.2436674,-1.8622792,1.3076241,-0.19417083,-0.19351874,2.3868399,96.546005
45.913301944732666,2.2363234,-1.8713679,1.3066976,-0.2394944,-0.17921633,2.3687515,96.73778
45.95154619216919,2.2268105,-1.8806205,1.3033808,-0.29291305,-0.15449488,2.3420496,96.76021
46.0293333530426,2.205623,-1.9009482,1.3002858,-0.35769913,-0.10787548,2.2984788,94.87942
46.067893743515015,2.1885407,-1.9168388,1.2988819,-0.38779417,-0.07600438,2.2710814,93.94498
46.10497212409973,2.1727185,-1.9309207,1.2952405,-0.4116174,-0.041326422,2.2425914,94.50392
46.14354157447815,2.156955,-1.9460602,1.2935897,-0.42860287,-0.0049540307,2.2134593,94.19287
46.18473291397095,2.1365893,-1.9653046,1.2921094,-0.43717706,0.022631476,2.1915011,93.58123
46.22426199913025,2.1178231,-1.9829018,1.2905232,-0.44309053,0.06750694,2.1542964,92.27148
46.26289486885071,2.1003551,-2.0019076,1.2913107,-0.44203666,0.092863895,2.131922,94.32238
46.30134844779968,2.0761564,-2.026883,1.2918669,-0.4329317,0.13146399,2.0935392,94.04489
46.37909197807312,2.0351074,-2.0745723,1.2948533,-0.4062828,0.1742124,2.038224,94.89721
46.41718053817749,2.0097046,-2.1053908,1.2984251,-0.38479093,0.19155952,2.0057094,90.60616
46.49611163139343,1.9661963,-2.1629758,1.3071458,-0.3401021,0.20584783,1.9515538,89.948975
46.535372495651245,1.9394143,-2.2008026,1.3119913,-0.30483934,0.20272551,1.9173203,89.822845
46.57479166984558,1.9175844,-2.2342412,1.3183175,-0.27615863,0.19233005,1.8936658,87.68148
46.61319708824158,1.8901527,-2.2756705,1.3244808,-0.24792314,0.17530693,1.8733321,87.97834
46.65197944641113,1.8691671,-2.312069,1.3307186,-0.22761478,0.15866162,1.8606839,88.41123
46.68929648399353,1.8469766,-2.3491313,1.3363924,-0.20105702,0.13176006,1.8473395,90.329926
46.728806018829346,1.8207885,-2.3944974,1.3428549,-0.17617822,0.09994535,1.838225,90.26848
46.76766085624695,1.7998991,-2.4330053,1.348554,-0.15176189,0.06457756,1.8330488,90.329315
46.84471559524536,1.7571626,-2.5115404,1.3558751,-0.10948704,-0.013318858,1.836175,93.08358
46.883538484573364,1.7354103,-2.5560627,1.3625716,-0.09475042,-0.043533575,1.8416823,92.90894
46.92145133018494,1.7156383,-2.5921605,1.3662411,-0.07655167,-0.083716236,1.8523489,92.68448
46.961172342300415,1.692238,-2.6355205,1.3692827,-0.059100986,-0.1225015,1.8655059,89.58621
47.00013709068298,1.6728263,-2.6699338,1.3712945,-0.04242144,-0.15887986,1.8798747,90.43061
47.040379762649536,1.6538625,-2.7023103,1.372652,-0.027078463,-0.19216132,1.8922824,90.48655
47.079148054122925,1.6303017,-2.7389653,1.3751028,-0.014052092,-0.22175033,1.9018482,91.82094
47.118525981903076,1.6114615,-2.7670338,1.3768173,-0.0038018331,-0.24703424,1.9072577,94.26524
47.15842962265015,1.5885378,-2.797879,1.3798295,0.0012126201,-0.26333228,1.9082676,94.994354
47.19662880897522,1.5693644,-2.8207932,1.3827537,0.004688689,-0.28465065,1.9040159,94.675125
47.23526358604431,1.5505222,-2.8417609,1.386096,0.0036449367,-0.29379538,1.8979021,91.59085
47.27283024787903,1.5277908,-2.864132,1.390773,-0.0016736783,-0.3015269,1.8853998,95.23766
47.31118655204773,1.5087781,-2.8799915,1.3950173,-0.010767342,-0.3040599,1.8682904,98.297295
47.35114288330078,1.486247,-2.896152,1.4003478,-0.01992946,-0.30247584,1.8525637,97.73943
47.39148259162903,1.4670103,-2.9079413,1.4056547,-0.035050098,-0.2956048,1.8280644,97.35121
47.4292426109314,1.447984,-2.9171247,1.4109126,-0.057435382,-0.2794404,1.7921464,92.721
47.50894093513489,1.404974,-2.931645,1.4220307,-0.095623694,-0.23596615,1.725652,94.64374
47.546985387802124,1.3814911,-2.9366083,1.4276334,-0.109339416,-0.21469073,1.6990315,95.92403
47.587844133377075,1.3614818,-2.938997,1.431745,-0.13002302,-0.17311318,1.6523927,97.431564
47.62631368637085,1.3413384,-2.9407258,1.4353931,-0.14389831,-0.13605864,1.6148486,95.77917
47.66619896888733,1.3211827,-2.9412894,1.438366,-0.1552862,-0.09643006,1.5779043,95.47914
47.707945823669434,1.2926742,-2.9426744,1.4416604,-0.1619921,-0.065605246,1.5509505,95.26343
47.74716663360596,1.2716408,-2.943234,1.4432998,-0.16862985,-0.024369089,1.5177101,97.4277
47.7869291305542,1.2450701,-2.945871,1.4437976,-0.17267275,0.016356848,1.4880598,97.97928
47.826037645339966,1.2240297,-2.9474454,1.4453139,-0.17528668,0.064952046,1.4581013,97.53353
47.86517357826233,1.1983699,-2.9491262,1.4468954,-0.17632973,0.09188862,1.4441938,95.05641
47.90559768676758,1.1762669,-2.9529262,1.4479915,-0.17772274,0.124950044,1.4308304,94.03338
47.94427680969238,1.1530169,-2.9598005,1.4488962,-0.1804294,0.15371777,1.4235694,93.41215
47.984912157058716,1.1261522,-2.965075,1.4516143,-0.18389174,0.17807168,1.4216151,93.3598
48.02434992790222,1.09777,-2.9738357,1.4542054,-0.18882754,0.19738883,1.4245301,95.837685
48.06463050842285,1.0777649,-2.9824338,1.4561183,-0.19485405,0.21221687,1.4294966,100.323975
48.10339093208313,1.0484595,-2.991693,1.4600027,-0.19860893,0.22315423,1.4323239,98.97276
48.141727924346924,1.0174495,-3.003774,1.4635348,-0.2001796,0.2308666,1.4307481,98.499245
48.18472075462341,0.985718,-3.0163202,1.4672492,-0.19962777,0.23545715,1.4234647,99.77435
48.22305607795715,0.95899177,-3.0279703,1.4706749,-0.19596344,0.23690276,1.409485,101.23984
48.262460708618164,0.93166727,-3.0403278,1.4743268,-0.18984868,0.23561113,1.388203,102.28624
48.34035873413086,0.88141006,-3.064492,1.481091,-0.17464057,0.22562908,1.3337593,99.73257
48.416398763656616,0.80604666,-3.1020112,1.4910408,-0.15263681,0.20186116,1.2488562,100.562225
48.454917192459106,0.7763589,-3.1175067,1.4948307,-0.14007823,0.18037713,1.1885135,100.07319
48.492887020111084,0.74664867,-3.1331937,1.498515,-0.13253728,0.15935747,1.1392481,101.99735
48.53612780570984,0.7105922,-3.1525972,1.502679,-0.12881497,0.14185119,1.1027583,103.07054
48.575522661209106,0.6742826,-3.1720722,1.5064626,-0.12714575,0.11641055,1.0550746,102.69027
48.615599155426025,0.64369136,-3.1886075,1.5090106,-0.12974514,0.089142226,1.0103092,102.104935
48.65392184257507,0.61320674,-3.2048705,1.5114506,-0.13627747,0.060694728,0.96830523,102.418915
48.69155263900757,0.5818097,-3.2205412,1.512189,-0.1468157,0.031678714,0.9296692,100.66815
48.72991442680359,0.55203426,-3.2363472,1.5146358,-0.15683728,0.010120028,0.90236694,100.254486
48.76912522315979,0.5148665,-3.2537735,1.5149286,-0.17719458,-0.025064582,0.8594242,99.88798
48.80776071548462,0.47852293,-3.2700748,1.5157523,-0.19544871,-0.051759627,0.8261129,100.87118
48.84694814682007,0.44758418,-3.2823577,1.5151299,-0.21494305,-0.07670648,0.79508144,103.19041
48.88807821273804,0.41150084,-3.2952528,1.5149742,-0.23503868,-0.100140035,0.76823616,103.14881
48.92741584777832,0.38729814,-3.3028307,1.5145518,-0.25523183,-0.12223095,0.7467151,102.614426
48.966981649398804,0.34513557,-3.3135407,1.513364,-0.2700931,-0.13770968,0.73477054,100.362915
49.005450963974,0.31539366,-3.318793,1.5124857,-0.28894854,-0.15718423,0.7244967,101.06099
49.04482698440552,0.28572398,-3.3216014,1.5116715,-0.3056768,-0.17438723,0.71812344,100.29714
49.08851742744446,0.25077218,-3.3223588,1.5112069,-0.3160538,-0.18514061,0.7134076,100.004486
49.126688957214355,0.21626389,-3.3194957,1.5109093,-0.32970944,-0.19788876,0.7040999,100.380066
49.16500949859619,0.18797709,-3.3145902,1.5108043,-0.33776385,-0.20266476,0.69381315,100.16634
49.202669858932495,0.16575132,-3.3089297,1.5109912,-0.3428922,-0.20247154,0.6804577,101.69029
49.24131417274475,0.13294838,-3.2977407,1.5116037,-0.3455528,-0.19726336,0.66395885,101.31639
49.32011938095093,0.07499832,-3.2686155,1.5135971,-0.34178743,-0.17237775,0.6211076,100.15254
49.51699376106262,-0.057499938,-3.1567752,1.5170094,-0.27624595,-0.060987484,0.4735766,94.5994
49.55654430389404,-0.08514366,-3.1264184,1.5165634,-0.24542758,-0.028779062,0.43074492,94.835754
49.59594440460205,-0.1078354,-3.1004202,1.5155272,-0.22529796,-0.010368756,0.40530962,93.192795
49.63394737243652,-0.13474837,-3.068651,1.5139831,-0.19671392,0.012655917,0.37210333,92.03169
49.71206712722778,-0.17785414,-3.0140407,1.5100213,-0.13576533,0.05204239,0.30663458,90.684006
49.751909494400024,-0.20319599,-2.9813397,1.5071797,-0.11266596,0.06413199,0.28244707,90.78075
49.791836977005005,-0.22440428,-2.9542813,1.5040634,-0.07444186,0.08081266,0.24173045,88.93366
49.83290362358093,-0.24890141,-2.9222949,1.5004,-0.044648185,0.09087921,0.20834813,89.605995
49.87101125717163,-0.26935267,-2.8964303,1.4970601,-0.016327586,0.09810927,0.17468758,90.196396
49.91293287277222,-0.29335573,-2.8663988,1.4933373,0.00356415,0.101540886,0.14907269,90.19546
49.953068256378174,-0.3180258,-2.8378248,1.4892825,0.033673547,0.10355038,0.10601047,90.28839
49.991101026535034,-0.3370608,-2.8144603,1.4866998,0.05422472,0.10204318,0.071098156,91.57491
50.031795024871826,-0.36063322,-2.7880328,1.4837564,0.07042452,0.09773985,0.037399877,91.94909
50.072110176086426,-0.38040257,-2.7672553,1.4818954,0.08270129,0.091189146,0.006374724,93.12303
50.109864473342896,-0.40031862,-2.7475193,1.4804426,0.088717766,0.08517771,-0.014056358,94.7607
50.148451805114746,-0.42464954,-2.7252514,1.4793272,0.09173422,0.07325458,-0.04200546,95.24224
50.18807125091553,-0.44500133,-2.7080598,1.4788442,0.08935856,0.06814879,-0.05073386,95.27864
50.22539710998535,-0.46131715,-2.6953182,1.4790672,0.08013201,0.054189675,-0.066221826,92.44945
50.26320004463196,-0.48669276,-2.6766522,1.4791896,0.06678221,0.042573273,-0.07192266,93.9761
50.30125308036804,-0.5119778,-2.6595545,1.4796902,0.0482599,0.030255105,-0.072793424,97.07008
50.3421585559845,-0.5323504,-2.6462872,1.4805145,0.026229745,0.016936963,-0.06835681,96.93944
50.37992334365845,-0.55729145,-2.6311471,1.4803182,0.00618691,0.0065244003,-0.062161095,98.57931
50.42019581794739,-0.57793796,-2.619486,1.4803733,-0.030546837,-0.011250331,-0.046934236,96.84579
50.498839378356934,-0.6196039,-2.5932078,1.478022,-0.09523156,-0.04216222,-0.01545521,98.65008
50.535468101501465,-0.63739383,-2.5812154,1.4756969,-0.12045178,-0.054084476,-0.003629158,97.76473
50.57357978820801,-0.655007,-2.5694833,1.4727917,-0.14560123,-0.06576259,0.007080288,99.883316
50.611156940460205,-0.6714939,-2.5565042,1.469731,-0.18676488,-0.08425907,0.022291375,100.78993
50.6497061252594,-0.6883381,-2.539747,1.4654305,-0.21067104,-0.09461146,0.029558258,100.40138
50.68744421005249,-0.70289123,-2.5255513,1.4616247,-0.24166639,-0.10677004,0.037267033,96.50119
50.72581100463867,-0.7150817,-2.509909,1.4572638,-0.27105865,-0.11710673,0.043255266,98.40779
50.76374077796936,-0.7287233,-2.4895468,1.4524481,-0.2984975,-0.1252605,0.04756367,98.217155
50.80302834510803,-0.73946214,-2.4708734,1.4481536,-0.31748253,-0.13001385,0.050027966,97.67412
50.91562747955322,-0.765193,-2.406576,1.4369594,-0.37728655,-0.13630797,0.058410402,94.70534
50.992475748062134,-0.7794077,-2.3507037,1.4314047,-0.39850974,-0.13169189,0.065621994,93.495346
51.032893657684326,-0.7846666,-2.3226683,1.4294611,-0.40531132,-0.12663017,0.07100118,93.72347
51.07151484489441,-0.79028404,-2.2872107,1.4281492,-0.40811512,-0.11999374,0.0774507,94.112335
51.11027979850769,-0.7944071,-2.2558372,1.4274892,-0.40723628,-0.11176913,0.08492952,91.60217
51.14918041229248,-0.79812044,-2.2229438,1.4271358,-0.40267015,-0.10226532,0.09330533,91.22803
51.188668966293335,-0.8020034,-2.1813428,1.4269317,-0.394403,-0.091341056,0.10205415,91.631165
51.22654175758362,-0.804325,-2.1455114,1.4283378,-0.38257474,-0.07904312,0.11094237,91.39981
51.264424562454224,-0.8074301,-2.1004212,1.4289228,-0.36747256,-0.06553527,0.11959108,91.34698
51.30380415916443,-0.810807,-2.0693767,1.4291807,-0.35416165,-0.05449963,0.12594077,93.22635
51.38043165206909,-0.8142961,-1.9722182,1.4305223,-0.31103075,-0.022375185,0.13933527,91.91933
51.41985774040222,-0.8165087,-1.9307494,1.4314753,-0.2860008,-0.00535215,0.14426804,89.943665
51.45867609977722,-0.8183889,-1.8885729,1.432008,-0.2593753,0.011748077,0.14815584,86.012924
51.49843668937683,-0.8208208,-1.8375114,1.4320424,-0.2384102,0.024413567,0.14997941,86.788506
51.53716969490051,-0.8239889,-1.7946185,1.4321085,-0.20234679,0.044748757,0.15170404,88.66783
51.57467746734619,-0.8257676,-1.7520725,1.4313104,-0.17340206,0.05991696,0.15170358,86.338974
51.61388826370239,-0.8287506,-1.7094715,1.4307228,-0.15121126,0.073594525,0.15055329,88.11557
51.65245962142944,-0.83249074,-1.6593583,1.4301592,-0.11495958,0.08539358,0.14847337,88.66253
51.690224409103394,-0.8362797,-1.6182088,1.4294676,-0.09408811,0.09300549,0.14628923,88.35996
51.72834372520447,-0.8417748,-1.5698905,1.428957,-0.061010193,0.10296116,0.14205208,88.27113
51.80291438102722,-0.8510434,-1.4921983,1.4287689,-0.031139692,0.10903239,0.13702768,88.40547
51.84003210067749,-0.8564328,-1.4550893,1.4291949,-0.005275227,0.1111572,0.13206108,87.774086
51.87814402580261,-0.8620627,-1.4189364,1.4299296,0.012177323,0.11006775,0.12790975,87.74252
51.916778802871704,-0.8697872,-1.3775982,1.4312354,0.026222404,0.106253505,0.12399459,88.245834
51.955317974090576,-0.8723564,-1.3640448,1.4317491,0.034466945,0.101937406,0.12117427,87.56024
51.99452519416809,-0.88323015,-1.3123252,1.4348966,0.043325968,0.09185425,0.11724508,88.31007
52.03175640106201,-0.89145654,-1.2756097,1.4382339,0.04600071,0.08141588,0.114404075,91.32973
52.071808099746704,-0.89863884,-1.246724,1.4411972,0.044808213,0.06917475,0.112127684,91.48735
52.11044907569885,-0.9063526,-1.2182561,1.4444957,0.04113453,0.05890235,0.11072954,92.38847
52.150233030319214,-0.91518044,-1.186323,1.4486082,0.03354138,0.044019833,0.10933834,92.92546
52.18905425071716,-0.923521,-1.1604626,1.4515332,0.021579705,0.028072385,0.10877652,93.787735
52.22711634635925,-0.9308513,-1.1358888,1.4551697,0.0018155666,0.007066942,0.10880838,93.72888
52.26891255378723,-0.93825185,-1.108704,1.4597161,-0.0073684696,-0.0016246967,0.109054126,91.99535
52.346224308013916,-0.95237833,-1.0596952,1.4667856,-0.05717795,-0.041058034,0.10978661,87.07695
52.38392949104309,-0.95856696,-1.0383288,1.4692007,-0.07617731,-0.05398619,0.109812714,87.577515
52.4237003326416,-0.96351135,-1.016963,1.4714338,-0.10258277,-0.07066,0.109926485,89.551956
52.49828481674194,-0.97311217,-0.9706744,1.4754955,-0.15781944,-0.101248235,0.10901899,92.243484
52.53644680976868,-0.97634023,-0.94935906,1.4771315,-0.1857279,-0.114475384,0.10801752,90.7086
52.57398319244385,-0.9781606,-0.92777395,1.4786028,-0.21341889,-0.12623478,0.10695877,90.36976
52.61343312263489,-0.98039764,-0.90531844,1.4794176,-0.2337125,-0.13378152,0.10617079,88.10753
52.65228486061096,-0.98186034,-0.87755096,1.4802623,-0.26543945,-0.14436343,0.10510708,88.48875
52.69037961959839,-0.98197514,-0.85339624,1.481227,-0.2774407,-0.14755161,0.1048781,87.909225
52.727880239486694,-0.9811047,-0.82354146,1.481952,-0.3052173,-0.1537271,0.10458943,85.61195
52.765517234802246,-0.98000187,-0.79734474,1.4833745,-0.32471427,-0.15655649,0.10504128,85.6036
52.80355715751648,-0.97835934,-0.7698269,1.485832,-0.34136072,-0.15730345,0.10661304,86.15091
52.84113311767578,-0.9755773,-0.7414515,1.4873717,-0.35196456,-0.15685515,0.10844559,87.48612
52.955997467041016,-0.9636119,-0.64184284,1.4957395,-0.374652,-0.14635642,0.11957693,92.37182
52.99511098861694,-0.96029186,-0.61542463,1.4985741,-0.37629247,-0.13713509,0.12668528,94.57157
53.03580141067505,-0.95348996,-0.56655943,1.5032605,-0.3748861,-0.13038535,0.13164541,97.06093
53.07292103767395,-0.9482805,-0.530345,1.5072379,-0.36894292,-0.117466666,0.14017825,96.635216
53.10965585708618,-0.9428904,-0.49327964,1.5115975,-0.36013848,-0.10553068,0.14744523,95.15403
53.147759199142456,-0.93652266,-0.45462853,1.5156698,-0.35196957,-0.09589353,0.15293154,96.51124
53.186368465423584,-0.929598,-0.40737554,1.5206867,-0.3427016,-0.08548027,0.15825862,99.622505
53.22620248794556,-0.92275393,-0.36718675,1.5248909,-0.32386798,-0.06699915,0.16662458,99.03544
53.26377606391907,-0.91576886,-0.31777018,1.5294608,-0.31104323,-0.055420585,0.17114404,99.411736
53.301450967788696,-0.9106026,-0.27582574,1.5328728,-0.29259527,-0.039622035,0.17681424,99.84115
53.34076905250549,-0.90427804,-0.2340098,1.5362219,-0.27799124,-0.027904466,0.1803936,99.27216
53.37850570678711,-0.8992577,-0.191369,1.5393721,-0.2570544,-0.011902837,0.18434061,96.858
53.41656804084778,-0.8921028,-0.14076115,1.54351,-0.23564559,0.0032960908,0.18750307,98.11397
53.455448627471924,-0.8887665,-0.10692249,1.5451226,-0.20842448,0.02151083,0.18982497,94.74519
53.496748208999634,-0.88345444,-0.047243364,1.5490633,-0.18644999,0.03484982,0.19052993,94.613594
53.57251477241516,-0.8763654,0.036314435,1.5536094,-0.14857255,0.054932494,0.18827029,90.932785
53.611066579818726,-0.87354815,0.07777035,1.5555121,-0.12747347,0.06419369,0.18534575,90.79087
53.68896126747131,-0.8692573,0.165619,1.5606512,-0.0882368,0.07672933,0.17637612,88.22988
53.730628967285156,-0.8677009,0.21237753,1.5635839,-0.07108458,0.07975878,0.1706305,88.05052
53.80646324157715,-0.86787015,0.28709993,1.56935,-0.04180195,0.07876192,0.15857685,89.32991
53.84654355049133,-0.8686531,0.33022466,1.5731207,-0.033058543,0.07583449,0.1541197,86.941605
53.958162784576416,-0.8742184,0.43258813,1.5845287,-0.014338247,0.054933082,0.13849564,87.251816
54.03618788719177,-0.8792846,0.5005018,1.59463,-0.01299352,0.030472018,0.12994315,91.16237
54.07383871078491,-0.883127,0.530579,1.5988055,-0.017651964,0.016004292,0.12682196,91.24035
54.11214256286621,-0.88653886,0.55989206,1.6041622,-0.025701731,-0.0036679215,0.12345187,90.68057
54.15182137489319,-0.8900808,0.5931713,1.6095337,-0.033146173,-0.015970685,0.12214273,91.5604
54.18939828872681,-0.89403695,0.62097055,1.6138314,-0.044733614,-0.032921113,0.120841935,92.3922
54.22951602935791,-0.8977865,0.6526973,1.619251,-0.05864903,-0.05002591,0.12027595,92.358345
54.26861333847046,-0.9008122,0.67885184,1.6235532,-0.07026279,-0.06284125,0.11994804,91.83948
54.308330059051514,-0.9032979,0.70485795,1.627338,-0.087045886,-0.079652615,0.11961906,94.11758
54.34648680686951,-0.9087027,0.73637646,1.631983,-0.10981447,-0.0996699,0.11920492,111.375
54.38564610481262,-0.90740484,0.7608515,1.6350726,-0.12948091,-0.11473284,0.118714236,111.375
54.4247031211853,-0.9091878,0.78616965,1.6379068,-0.14399144,-0.12502207,0.11920073,111.375
54.46494126319885,-0.9095078,0.8162853,1.6411339,-0.16541399,-0.13811295,0.12098024,111.375
54.50353646278381,-0.91023016,0.84800535,1.6433434,-0.18668084,-0.14999655,0.12472674,111.375
54.54219675064087,-0.9096872,0.8733686,1.6441224,-0.20850456,-0.16040888,0.13044934,111.375
54.58063840866089,-0.9085804,0.89931047,1.6438589,-0.22509411,-0.16737334,0.13614541,111.375
54.61973524093628,-0.90717036,0.9317344,1.6429126,-0.25259373,-0.17773473,0.14854656,111.375
54.66069507598877,-0.90371335,0.9585965,1.6429849,-0.27426112,-0.1846722,0.16044559,111.375
54.6987247467041,-0.9017015,0.9868632,1.6412202,-0.294992,-0.19017664,0.17292339,104.04744
54.77401924133301,-0.89516175,1.051355,1.6374797,-0.3290692,-0.19600472,0.19497725,90.63196
54.81339120864868,-0.8921906,1.0829439,1.6351246,-0.34658435,-0.19623168,0.20565805,86.76843
54.85247492790222,-0.8882359,1.116222,1.6328983,-0.36072397,-0.19322552,0.21433696,86.589645
54.891732692718506,-0.8821741,1.1574292,1.6316876,-0.37026978,-0.18895651,0.21964206,86.429
54.96849846839905,-0.8700931,1.2379267,1.6294234,-0.38429517,-0.16424935,0.22985229,81.945206
55.00800967216492,-0.86387557,1.2774249,1.6290742,-0.3847633,-0.15236625,0.23152834,82.17995
55.04603314399719,-0.86006755,1.3097256,1.6286329,-0.38154903,-0.13425934,0.23267043,80.85428
55.08556938171387,-0.8527101,1.3684871,1.628014,-0.3742095,-0.11417707,0.23339114,81.3014
55.12443566322327,-0.84703034,1.4119127,1.6278995,-0.3626382,-0.09255238,0.23325917,81.571915
55.16628384590149,-0.84107023,1.4659092,1.6275463,-0.34725323,-0.06887324,0.23093617,80.51364
55.20609140396118,-0.8368097,1.521361,1.6265497,-0.3285685,-0.043999914,0.22615255,81.9078
55.28452205657959,-0.8255607,1.6154566,1.6242917,-0.27987546,0.008596288,0.20571338,82.89293
55.32622575759888,-0.82049394,1.6723228,1.622047,-0.25846764,0.028547656,0.19370203,82.89896
55.36918663978577,-0.81601375,1.7300445,1.6189159,-0.2190044,0.06031016,0.16861595,80.76584
55.41012477874756,-0.8118693,1.7872294,1.6147755,-0.17558667,0.089463,0.13652039,81.425095
55.45168375968933,-0.809059,1.8345894,1.6107987,-0.13836458,0.10948986,0.10591212,83.342705
55.49513363838196,-0.8066789,1.8907715,1.6056988,-0.09972955,0.12580527,0.07107896,83.39937
55.574461698532104,-0.8049373,1.9898783,1.5954536,-0.03167763,0.14303426,0.0031263588,81.52797
55.65396499633789,-0.81017286,2.0847507,1.5843045,0.048629403,0.14056306,-0.0903599,57.84584
55.69440698623657,-0.81125075,2.132695,1.5799751,0.07044162,0.13397615,-0.121581376,58.284332
55.7337064743042,-0.8143909,2.1720479,1.5756898,0.099538215,0.12118176,-0.1634244,54.244293
55.77418303489685,-0.8188743,2.2165828,1.5712031,0.13082266,0.0995827,-0.21536438,57.110832
55.81328821182251,-0.8229695,2.252831,1.5674092,0.15000568,0.0781464,-0.2566878,55.91561
55.85337829589844,-0.829298,2.293418,1.5630804,0.16560268,0.054276947,-0.29753736,56.332848
55.89251971244812,-0.83514845,2.326832,1.5591478,0.17368966,0.035170898,-0.32777408,57.143272
55.93316841125488,-0.8472582,2.3521297,1.5598133,0.17987022,0.002243774,-0.37735242,56.04602
55.97389245033264,-0.84962547,2.3961568,1.5552673,0.17870158,-0.024119675,-0.41688105,55.375214
56.01451110839844,-0.8556044,2.4194827,1.5506068,0.17294154,-0.049856767,-0.45677626,55.796715
56.05428695678711,-0.86288095,2.449246,1.5480614,0.16190925,-0.07452535,-0.49705014,55.21376
56.09711790084839,-0.8714166,2.4781034,1.545034,0.14631087,-0.09715457,-0.5380365,55.241394
56.13753342628479,-0.87970793,2.504345,1.5434028,0.12115147,-0.12148186,-0.59002274,57.08165
56.1784610748291,-0.88754046,2.5289872,1.5404555,0.102944694,-0.13374117,-0.6211528,56.944824
56.219242334365845,-0.89249593,2.5481923,1.5368629,0.08360419,-0.14381176,-0.6528199,57.289764
56.26040720939636,-0.9007423,2.5687637,1.5350132,0.04757296,-0.1551339,-0.7052001,58.536156
56.29913544654846,-0.91159,2.569344,1.5344889,0.010254057,-0.15949436,-0.7566676,59.10839
56.337958335876465,-0.9118473,2.6036527,1.5268484,-0.020356562,-0.15745418,-0.79731184,49.491165
56.41574501991272,-0.9190653,2.6320815,1.5192585,-0.07269242,-0.14246294,-0.8660757,57.512413
56.453757762908936,-0.9204662,2.648771,1.5131742,-0.10084511,-0.12807642,-0.90387046,77.749146
56.493155002593994,-0.9227791,2.6607692,1.5073134,-0.12547082,-0.109702945,-0.9406393,76.88151
56.530863761901855,-0.9230214,2.6725354,1.5026757,-0.14126928,-0.09357684,-0.9674576,77.23471
56.570348262786865,-0.92198735,2.683772,1.4967896,-0.16170375,-0.06943718,-1.0031374,77.62597
56.608487367630005,-0.9214586,2.6980286,1.4895108,-0.18235151,-0.036009025,-1.0468436,74.48442
56.648393392562866,-0.9192036,2.709933,1.4830208,-0.19193697,-0.01523284,-1.0726593,74.98451
56.6876916885376,-0.91711533,2.7246456,1.4758359,-0.1994272,0.005783493,-1.0979215,74.5166
56.72561550140381,-0.91371983,2.7379177,1.4685656,-0.20655327,0.03348228,-1.1314124,75.05287
56.76374387741089,-0.91144836,2.7523196,1.4629412,-0.21072248,0.060164444,-1.164633,74.75846
56.80461144447327,-0.9068371,2.7706413,1.4560562,-0.21167862,0.09091525,-1.206152,75.19898
56.84286570549011,-0.9028104,2.786872,1.44956,-0.20916547,0.11266452,-1.2393752,75.741615
56.88172721862793,-0.89789534,2.802889,1.4453765,-0.20578194,0.12700954,-1.2643695,76.09555
56.92123079299927,-0.8923697,2.8249724,1.4396324,-0.19924666,0.143221,-1.2978438,77.04634
56.96022963523865,-0.8861402,2.847279,1.435339,-0.19100082,0.15580167,-1.3315547,77.288734
56.99939441680908,-0.88094085,2.8673716,1.4321058,-0.180945,0.16440132,-1.3660587,76.373024
57.040849447250366,-0.8751025,2.8883996,1.4294242,-0.16974296,0.169141,-1.4011182,76.854
57.08001470565796,-0.8675085,2.9147825,1.4269866,-0.15442729,0.16909227,-1.4460956,75.73885
57.11876344680786,-0.861149,2.9378555,1.4251792,-0.14496826,0.16617383,-1.4734455,76.05677
57.158509492874146,-0.8530765,2.9669304,1.4235626,-0.12966366,0.15622643,-1.5196109,75.44652
57.196831941604614,-0.84647363,2.9887025,1.4220855,-0.120764814,0.14741036,-1.5478952,73.7037
57.237640619277954,-0.83877003,3.0166867,1.4224645,-0.10972713,0.13238393,-1.5853729,74.187836
57.27853775024414,-0.8290864,3.047999,1.422202,-0.09994934,0.114043616,-1.6234273,74.582924
57.31795263290405,-0.81823623,3.082552,1.4210025,-0.093788594,0.09843667,-1.6515113,76.25622
57.35655689239502,-0.8108572,3.1073496,1.4227433,-0.08720681,0.07503474,-1.6892262,76.88433
57.39457297325134,-0.8045232,3.130113,1.4235849,-0.081882074,0.042330097,-1.7340305,73.55353
57.433135747909546,-0.7915217,3.1694045,1.4241245,-0.08045664,0.013760114,-1.7674803,73.96895
57.473134994506836,-0.78172183,3.197479,1.424504,-0.08122888,-0.016541602,-1.7981415,73.572105
57.51156973838806,-0.76943755,3.2321465,1.4248863,-0.08283945,-0.040315446,-1.819398,72.82673
57.5501344203949,-0.7593009,3.2608922,1.4257109,-0.0861202,-0.07269902,-1.8458732,71.3829
57.592366218566895,-0.7460902,3.2950506,1.4260845,-0.0908388,-0.10545784,-1.8699718,71.896904
57.637381076812744,-0.72895133,3.3286276,1.4245267,-0.09658684,-0.13839921,-1.891515,73.74679
57.67569541931152,-0.7213462,3.3554945,1.4244689,-0.1024114,-0.17096554,-1.9100993,74.02388
57.71543645858765,-0.7052585,3.38782,1.4277383,-0.11001656,-0.21042788,-1.9294835,72.24399
57.75307488441467,-0.6940283,3.413017,1.4275843,-0.11458013,-0.23301283,-1.9390608,71.978134
57.83184266090393,-0.6641093,3.4658988,1.432093,-0.12480077,-0.2869969,-1.956258,73.14561
57.87014889717102,-0.6509673,3.4879043,1.4346133,-0.12720843,-0.3045678,-1.9593495,73.803635
57.90735125541687,-0.64034617,3.50444,1.4371687,-0.12861319,-0.33024508,-1.9594648,74.11545
57.94584536552429,-0.6226265,3.5313447,1.4423158,-0.12829268,-0.3431101,-1.9568268,74.37174
57.98643636703491,-0.6085252,3.5492527,1.4473032,-0.1261881,-0.35668766,-1.9503492,76.30278
58.0269980430603,-0.58978486,3.5689468,1.4520878,-0.1211218,-0.36845052,-1.9365498,82.37325
58.066797494888306,-0.5785863,3.5832143,1.4607831,-0.11557988,-0.37319764,-1.9211088,83.58769
58.14498782157898,-0.54963154,3.6096914,1.4783993,-0.10239719,-0.36988235,-1.8832912,83.62035
58.18388485908508,-0.5363875,3.618896,1.487988,-0.09297757,-0.35767066,-1.850557,109.09345
58.26094722747803,-0.5086268,3.6320748,1.5082885,-0.08105473,-0.3211721,-1.793222,111.375
58.29945111274719,-0.49628606,3.6351852,1.5168961,-0.07853887,-0.3023266,-1.7705618,111.375
58.377352714538574,-0.46907648,3.636276,1.5344352,-0.08102425,-0.24258263,-1.7116418,111.375
58.415191650390625,-0.45644438,3.634168,1.5424689,-0.0856942,-0.21701622,-1.6911174,111.375
58.45438098907471,-0.44214118,3.6308477,1.549466,-0.098455116,-0.17233464,-1.6609205,111.375
58.53063631057739,-0.416402,3.6226327,1.557369,-0.12830463,-0.09686881,-1.6229582,111.375
58.5734965801239,-0.39938372,3.6174304,1.5606139,-0.13766173,-0.07777582,-1.615323,111.375
58.612746238708496,-0.3852875,3.612622,1.5615109,-0.1620354,-0.030654253,-1.5984144,111.375
58.65179133415222,-0.3676213,3.607294,1.5612639,-0.18878667,0.015005511,-1.5835896,111.375
58.692511558532715,-0.34926817,3.6028025,1.5596808,-0.20599188,0.041354164,-1.5753262,111.375
58.731550216674805,-0.3331853,3.6001866,1.557302,-0.22926906,0.07436686,-1.5644325,111.375
58.770511627197266,-0.31629682,3.5980182,1.5541533,-0.25333357,0.1050502,-1.5541277,111.375
58.810468912124634,-0.29486048,3.5964053,1.5496254,-0.27745047,0.13240328,-1.5431681,111.375
58.848931550979614,-0.2760501,3.596659,1.5454144,-0.3012585,0.1564975,-1.5328901,111.375
58.88769793510437,-0.2603333,3.5980945,1.5415678,-0.31883004,0.1718993,-1.5250585,111.375
58.92887306213379,-0.23168114,3.6016607,1.5350078,-0.34711108,0.1924035,-1.5131496,111.375
58.96621322631836,-0.20890643,3.6066153,1.5306246,-0.36784196,0.20437525,-1.5050426,111.375
59.08060026168823,-0.12923719,3.6312354,1.5180956,-0.41638544,0.21523973,-1.4926956,111.375
59.156434535980225,-0.06675616,3.6558812,1.5111511,-0.4305417,0.20774087,-1.4952829,111.375
59.233750104904175,-0.0040759854,3.6832452,1.5062445,-0.43807593,0.18224685,-1.5105327,111.375
59.27345871925354,0.036803707,3.7012925,1.5038887,-0.43615842,0.1710389,-1.5205053,111.375
59.34945893287659,0.110465474,3.7343493,1.4999763,-0.4182912,0.13804047,-1.5661961,111.375
59.38886380195618,0.15766388,3.755815,1.4972024,-0.40337187,0.120381184,-1.6002574,111.375
59.42781591415405,0.19785649,3.7733636,1.4943434,-0.38525707,0.101576425,-1.6411138,111.375
59.46747446060181,0.2400629,3.7913418,1.4923341,-0.37062404,0.08654244,-1.6752644,111.375
59.507412910461426,0.28351328,3.8085968,1.4887047,-0.35009065,0.06467109,-1.7243267,111.375
59.54388499259949,0.2922127,3.8121629,1.486962,-0.32500073,0.03454098,-1.788587,111.375
59.579862117767334,0.2922127,3.8121629,1.486962,-0.30627477,0.008117035,-1.8403279,111.375
59.619292974472046,0.30994755,3.8189998,1.4863605,-0.2978789,-0.006013415,-1.865433,111.375
59.66140627861023,0.48493657,3.877924,1.4646254,-0.27879417,-0.042334475,-1.926741,111.375
59.702388286590576,0.5417292,3.8930733,1.4558636,-0.26615918,-0.07231374,-1.9726803,111.375
59.741050720214844,0.589512,3.9042542,1.448934,-0.25622064,-0.10271193,-2.0149174,111.375
59.78239679336548,0.645378,3.9168231,1.4383758,-0.24869119,-0.1322507,-2.0537207,111.375
59.82162356376648,0.69192725,3.9249878,1.4299543,-0.24318701,-0.1607851,-2.088708,111.08214
59.898879289627075,0.7828285,3.9364893,1.413437,-0.23717357,-0.2113014,-2.1490817,111.34661
59.97590732574463,0.8544601,3.9402702,1.3991268,-0.23583712,-0.24160226,-2.1879709,111.375
60.01313328742981,0.8996157,3.9394472,1.390253,-0.23652512,-0.26300362,-2.2261088,111.375
60.090261459350586,1.0166744,3.9299214,1.3673512,-0.23864841,-0.27525803,-2.2642307,111.375
60.16641664505005,1.1042151,3.9106262,1.3507109,-0.24251494,-0.27583373,-2.3146968,111.375
60.204065561294556,1.1420339,3.8993177,1.3431146,-0.24434683,-0.26962575,-2.339452,111.375
60.24295473098755,1.1851299,3.8833091,1.3349695,-0.24591383,-0.25924766,-2.363465,111.375
60.282397985458374,1.2203203,3.868062,1.3281424,-0.24702844,-0.24506173,-2.3865073,111.375
60.32170295715332,1.2547112,3.851437,1.3209689,-0.2473919,-0.22726181,-2.4081678,111.375
60.36163067817688,1.2945589,3.829102,1.3124843,-0.24713627,-0.21183224,-2.4236825,111.375
60.39986324310303,1.3147264,3.816802,1.3073028,-0.2461456,-0.18877831,-2.44316,111.375
60.44124794006348,1.3664335,3.7830186,1.2947108,-0.24468653,-0.16296063,-2.4622543,111.375
60.48047423362732,1.3942138,3.7603087,1.2873939,-0.24188304,-0.12772153,-2.485397,111.375
60.55959391593933,1.458636,3.706908,1.2674611,-0.23586924,-0.07429736,-2.5177846,111.16626
60.598169565200806,1.4866936,3.6818607,1.2573407,-0.23183551,-0.042647243,-2.5366955,109.873375
60.63693952560425,1.5203124,3.6508584,1.2445942,-0.22591716,-0.0027416234,-2.5612504,110.32667
60.71383476257324,1.569344,3.6034203,1.2240701,-0.21657361,0.051691424,-2.5976062,110.50346
60.752065658569336,1.6078945,3.5663586,1.2072191,-0.21036376,0.08134463,-2.6203768,109.90366
60.79024004936218,1.6351789,3.539252,1.1942724,-0.20391552,0.109206244,-2.6442385,110.35312
60.828208684921265,1.6630253,3.512521,1.1806422,-0.19891903,0.12851791,-2.6628113,110.85745
60.867003202438354,1.6918929,3.4947577,1.1601273,-0.19068348,0.15769179,-2.6951425,111.00475
60.90567135810852,1.72451,3.4548495,1.1513754,-0.18415502,0.17776115,-2.7218876,110.20878
60.94523048400879,1.7469733,3.4354842,1.1408387,-0.1797604,0.19071257,-2.7425625,110.619835
60.98538661003113,1.7873836,3.4001324,1.1215769,-0.1745317,0.20491828,-2.7702665,111.375
61.02460169792175,1.8168299,3.3752816,1.1077901,-0.1707876,0.21561389,-2.7983603,110.25448
61.06324481964111,1.8530835,3.345034,1.0908228,-0.16794743,0.22247042,-2.826945,109.9008
61.10214948654175,1.8829584,3.322434,1.0772007,-0.1670916,0.22541137,-2.8485515,110.35062
61.17769956588745,1.9513981,3.2700114,1.0463494,-0.17024854,0.22229932,-2.9161797,110.27819
61.2554497718811,2.014578,3.2245455,1.0177108,-0.17916995,0.2090131,-2.9715064,108.73834
61.29555559158325,2.052388,3.198392,0.9994521,-0.18733615,0.19774053,-3.0043447,107.90908
61.37151384353638,2.117053,3.1525512,0.96956736,-0.20845577,0.16975473,-3.0741317,109.95276
61.41127872467041,2.155546,3.124303,0.95036006,-0.21806918,0.15773404,-3.101003,111.2135
61.487571239471436,2.2193623,3.0763192,0.9190808,-0.2532496,0.11857482,3.1001163,109.24857
61.562910318374634,2.2783792,3.0260925,0.88549787,-0.28561634,0.08668027,3.0412953,109.87806
61.60086154937744,2.3136892,2.9938996,0.8637646,-0.30564454,0.06798968,3.0129132,109.41518
61.63876414299011,2.3405683,2.9668088,0.84722805,-0.32620955,0.048842326,2.9898193,107.85069
61.6794376373291,2.372954,2.9328287,0.82569623,-0.34651342,0.029135125,2.9719498,108.571205
61.718032360076904,2.396192,2.9038718,0.8057855,-0.36166683,0.014133596,2.961857,107.25848
61.755831480026245,2.4201963,2.8730543,0.7912249,-0.37989292,-0.0063809515,2.9532304,105.41793
61.79461359977722,2.4454646,2.835367,0.7693661,-0.3969194,-0.027452944,2.9496279,102.56205
61.83244752883911,2.4648674,2.8030398,0.7538556,-0.4113638,-0.048678897,2.9509184,104.05157
61.87350845336914,2.4846027,2.7637093,0.7340406,-0.4208131,-0.06478911,2.9551923,102.48557
61.911457538604736,2.4997241,2.7300274,0.7197765,-0.43233848,-0.09081111,2.9668186,103.038345
61.94886112213135,2.5126011,2.6931329,0.70420176,-0.43664205,-0.10544354,2.9760563,104.456085
62.02772116661072,2.5341651,2.6145449,0.6753895,-0.43461046,-0.13755487,3.0052454,103.28967
62.06763458251953,2.542384,2.5762253,0.66257125,-0.4268722,-0.14938405,3.0229454,105.229836
62.10600781440735,2.548581,2.5406663,0.65748817,-0.41565332,-0.15636235,3.0379567,106.32215
62.18158197402954,2.5541728,2.4646287,0.6984698,-0.4085983,-0.16804151,3.0362308,111.375
62.21913957595825,2.5537944,2.4270759,0.7134968,-0.33774468,-0.17010297,3.0419185,111.375
62.25938558578491,2.5531561,2.38524,0.7356868,-0.27725452,-0.16867368,3.0498228,111.375
62.29857110977173,2.5503411,2.3493726,0.7525065,-0.25566825,-0.16554102,3.0583725,111.375
62.33767342567444,2.544169,2.3072526,0.76638925,-0.19621995,-0.15572387,3.0735621,111.375
62.37570023536682,2.537743,2.2727032,0.7756892,-0.16028327,-0.14832631,3.0860498,111.375
62.41449952125549,2.5304933,2.2405717,0.789205,-0.12557445,-0.13378166,3.1021514,111.375
62.45425510406494,2.5224743,2.2095537,0.79829746,-0.09779399,-0.12170186,3.116893,111.106476
62.56709909439087,2.4935594,2.119603,0.8242367,-0.003258626,-0.0535324,-3.1082141,107.41404
62.60567092895508,2.4809945,2.0905077,0.8310518,0.00990554,-0.035935678,-3.1000178,106.31816
62.643861055374146,2.4711618,2.0678887,0.8365212,0.02485862,-0.012949844,-3.092955,109.13979
62.68161606788635,2.4611754,2.0468764,0.84243643,0.028835878,0.0040394627,-3.0901182,109.68763
62.72063493728638,2.4491699,2.024052,0.8488152,0.032301713,0.025636993,-3.0892472,110.58117
62.76028847694397,2.439668,2.0068836,0.8535596,0.030724583,0.050726805,-3.0911927,110.759514
62.79918909072876,2.430098,1.9922148,0.85720253,0.026159951,0.06451573,-3.092841,110.81437
62.87634897232056,2.411675,1.9633284,0.866896,0.003265746,0.093143575,-3.0962732,111.09012
62.91476368904114,2.4040985,1.9520457,0.8710527,-0.022103233,0.10995227,-3.097699,111.24921
63.03106379508972,2.3854084,1.9252074,0.87748927,-0.104988754,0.13279448,-3.0908601,111.375
63.14418911933899,2.37713,1.903146,0.8761626,-0.21558693,0.13193001,-3.071171,111.375
63.18287181854248,2.3761504,1.8965988,0.87507945,-0.2587232,0.124758154,-3.0629225,111.375
63.221198320388794,2.3769495,1.8874302,0.8723343,-0.3017703,0.114512876,-3.056244,111.375
63.26006078720093,2.3782592,1.8788033,0.868711,-0.35440165,0.09786307,-3.0507672,111.375
63.29801940917969,2.3809066,1.8698562,0.864654,-0.3849522,0.08610624,-3.0492132,111.375
63.33697748184204,2.3848176,1.8566272,0.8594117,-0.42355636,0.06898254,-3.049636,111.375
63.37537384033203,2.3886936,1.843934,0.8547614,-0.45068556,0.055272855,-3.0518491,111.375
63.415119647979736,2.3927379,1.8289121,0.84994906,-0.4921835,0.03155479,-3.0581188,111.375
63.45398688316345,2.3980205,1.8132782,0.845161,-0.5145018,0.016724711,-3.0630732,111.375
63.49350571632385,2.4042566,1.7911592,0.83963597,-0.54697293,-0.008611189,-3.072477,111.375
63.57007122039795,2.4146733,1.7477338,0.8319969,-0.5815387,-0.045068,-3.0859885,111.375
63.60800123214722,2.4212575,1.7178495,0.82842815,-0.5953423,-0.06631455,-3.092816,111.375
63.646093130111694,2.4264102,1.690924,0.82633704,-0.6025708,-0.082222424,-3.0971644,111.375
63.68511724472046,2.4321082,1.6556606,0.8246866,-0.6090599,-0.10823942,-3.1027224,111.375
63.723259925842285,2.4363763,1.624237,0.8245037,-0.60899127,-0.12350352,-3.1046793,111.375
63.76172113418579,2.4401321,1.5910182,0.82490194,-0.6046314,-0.14291683,-3.105982,111.375
63.839290618896484,2.4466534,1.5106636,0.82793623,-0.58086437,-0.17819698,-3.102374,111.375
63.88410258293152,2.448831,1.462735,0.83064944,-0.5563102,-0.19614814,-3.0963545,111.375
63.92174553871155,2.4499478,1.4217509,0.83368695,-0.53817314,-0.20510536,-3.0915306,111.375
63.99796795845032,2.4498422,1.3249463,0.8404834,-0.47912827,-0.22059909,-3.0752926,111.375
64.07545828819275,2.4463003,1.2318268,0.8463767,-0.41749275,-0.22350986,-3.0579803,111.375
64.11507534980774,2.4426467,1.1741027,0.8493661,-0.3699456,-0.21956688,-3.0450613,111.375
64.15305471420288,2.438831,1.1250123,0.8505146,-0.33073398,-0.21290568,-3.0343902,111.375
64.19141054153442,2.4334862,1.0660281,0.8518519,-0.2910432,-0.20299546,-3.0241165,111.375
64.23062944412231,2.4282012,1.0162392,0.85132706,-0.26161423,-0.19393963,-3.016751,111.375
64.26891660690308,2.4221892,0.96721214,0.85018677,-0.22294335,-0.17944534,-3.007418,111.375
64.3852174282074,2.401808,0.812708,0.8419438,-0.120036796,-0.1247309,-2.984102,111.375
64.42430901527405,2.3934755,0.7573125,0.8365798,-0.09145358,-0.10414135,-2.978131,111.375
64.50287699699402,2.3802433,0.6687139,0.8258792,-0.061435863,-0.07791427,-2.9721634,111.375
64.58046054840088,2.3665564,0.57904804,0.81070745,-0.018753784,-0.021899372,-2.9631643,111.375
64.6198832988739,2.3612566,0.54154855,0.80391055,-0.01490901,-0.012741217,-2.9619896,111.375
64.65959024429321,2.3552282,0.49855548,0.7944027,-0.010644708,0.009202975,-2.9597383,111.375
64.70038557052612,2.3495831,0.4575306,0.7839212,-0.012567031,0.024710838,-2.9583957,111.20783
64.7395350933075,2.3459585,0.42606947,0.77602047,-0.019714147,0.038272284,-2.9576783,111.375
64.77921962738037,2.342142,0.3898861,0.7658318,-0.031806093,0.051980387,-2.9564288,111.375
64.81811451911926,2.3417268,0.36167854,0.7567383,-0.038697015,0.056385454,-2.9571316,111.375
64.8568913936615,2.3379247,0.33441025,0.7476571,-0.059463304,0.06486642,-2.9646916,111.375
64.89706254005432,2.3369408,0.30188125,0.7365386,-0.07596421,0.068975896,-2.9760938,111.375
64.97665643692017,2.3327816,0.216648,0.7444179,0.020508839,0.07978612,-3.0394874,111.375
65.01506209373474,2.3322005,0.1797928,0.7502004,-0.012903481,0.09098638,-3.0543332,111.375
65.05436086654663,2.3320842,0.13804261,0.75397855,0.048708417,0.09378921,-3.0932581,111.375
65.09389472007751,2.3340993,0.1047334,0.7553215,0.08559305,0.09075073,-3.1315374,111.375
65.13312029838562,2.3369591,0.074425615,0.75742275,0.11448344,0.08529498,3.1231177,111.375
65.17322993278503,2.3368292,0.047051247,0.7596755,0.15236792,0.0701468,3.0766888,111.07463
65.25000095367432,2.3441408,-0.0088457335,0.76631755,0.18245107,0.046309587,3.0264468,110.25707
65.29011297225952,2.3465095,-0.025300035,0.76682884,0.1871153,0.024676936,2.9907708,110.405815
65.32958912849426,2.352222,-0.044790905,0.7715067,0.17953023,0.007167781,2.9660513,108.781395
65.40940237045288,2.362679,-0.06944115,0.77749825,0.1424896,-0.026671398,2.9239492,110.203896
65.44839215278625,2.369949,-0.07869502,0.7790758,0.12010588,-0.038424887,2.9089775,111.375
65.48707509040833,2.3751857,-0.084590204,0.781325,0.07529366,-0.056806013,2.8841646,111.375
65.52738380432129,2.38248,-0.09012398,0.7821099,0.042778913,-0.0665091,2.8689585,111.375
65.56664085388184,2.388531,-0.09326671,0.7805752,-0.015905267,-0.08070772,2.8417168,111.375
65.60828900337219,2.395623,-0.09647974,0.7777216,-0.04071044,-0.085348964,2.8307486,111.375
65.6884753704071,2.408854,-0.100938454,0.7709421,-0.17901531,-0.097600445,2.7708414,111.375
65.73002648353577,2.4149287,-0.106082335,0.76142573,-0.23646471,-0.09722136,2.7454014,111.375
65.77508687973022,2.4196396,-0.108468086,0.75487214,-0.2937828,-0.09333559,2.7196145,111.375
65.8162202835083,2.4238648,-0.113876246,0.7465043,-0.34969783,-0.08653275,2.694308,111.375
65.89225816726685,2.427318,-0.12863517,0.72954947,-0.45361736,-0.06466688,2.646857,111.375
65.92974901199341,2.4249737,-0.13884331,0.71594363,-0.48780134,-0.054050174,2.6301782,111.375
65.96927642822266,2.426116,-0.15450718,0.7104161,-0.53013694,-0.038357217,2.6084392,111.375
66.00803875923157,2.4207253,-0.16749392,0.6996161,-0.5774964,-0.017539991,2.5836666,111.375
66.04651618003845,2.4175947,-0.18258378,0.6957388,-0.60886335,-0.00016368926,2.5648015,111.375
66.12889051437378,2.4049823,-0.22959866,0.6854265,-0.6483583,0.029482687,2.5342083,111.375
66.16959714889526,2.3952358,-0.25695816,0.68225396,-0.66579115,0.05025846,2.510521,111.375
66.28235721588135,2.3680942,-0.3265265,0.67844254,-0.6674326,0.09145384,2.4519858,111.375
66.32024812698364,2.3519022,-0.36980644,0.6841557,-0.65554047,0.103511654,2.4275177,111.375
66.35910248756409,2.336636,-0.3995299,0.6875972,-0.639104,0.11331134,2.4008195,111.375
66.39614081382751,2.3173258,-0.4414516,0.6900388,-0.6165373,0.12054709,2.3715758,111.375
66.47473239898682,2.2803407,-0.5221769,0.70293653,-0.5641386,0.12612537,2.3156857,111.375
66.51408863067627,2.2609708,-0.5595907,0.70845175,-0.52932495,0.12416342,2.280779,111.375
66.55523324012756,2.2361758,-0.60735667,0.7143285,-0.49051526,0.11829375,2.244742,111.375
66.59338593482971,2.2149544,-0.64446104,0.7387338,-0.40524903,0.109726086,2.1994,111.375
66.67595410346985,2.1608791,-0.73259485,0.7720114,-0.33485842,0.0761781,2.125346,111.375
66.71514558792114,2.1322262,-0.77989006,0.7904514,-0.27198586,0.051478792,2.092009,111.375
66.75388669967651,2.1058924,-0.81926936,0.8024714,-0.21705714,0.022653699,2.059262,111.375
66.90317296981812,2.0011425,-0.96811867,0.8270145,-0.0166994,-0.1171414,1.9480559,111.375
66.94185876846313,1.9734007,-1.0080408,0.83068436,0.009898609,-0.14458323,1.9306937,90.02175
67.02266097068787,1.9182332,-1.073518,0.83003813,0.0609395,-0.2054188,1.8972745,85.701584
67.06169199943542,1.8950006,-1.1061057,0.83593863,0.08817429,-0.24383189,1.8813901,85.187935
67.1020119190216,1.8731134,-1.132638,0.83386576,0.10621951,-0.27086067,1.8733625,80.961815
67.14021420478821,1.8532904,-1.1547347,0.83992815,0.119891785,-0.29360482,1.8697834,81.32864
67.18045449256897,1.8346403,-1.175199,0.84345174,0.126588,-0.3078921,1.8697606,79.083626
67.21894693374634,1.8096871,-1.1996012,0.84645975,0.13238727,-0.32562852,1.8740286,78.63597
67.25728821754456,1.7897725,-1.2211714,0.8541535,0.13305865,-0.33251956,1.8788989,80.58152
67.29737329483032,1.7735049,-1.2365429,0.8613095,0.12884426,-0.33788866,1.8899621,80.9359
67.33545660972595,1.7567477,-1.2501049,0.86874586,0.12406152,-0.3373343,1.8978395,81.761635
67.37692880630493,1.7382671,-1.2627801,0.8784291,0.113396175,-0.33236837,1.9092668,82.47466
67.41513895988464,1.7222314,-1.2710336,0.8870687,0.099349804,-0.32229128,1.9207183,83.948685
67.45552587509155,1.703315,-1.279769,0.8951286,0.08624482,-0.31166738,1.929011,84.007164
67.4954240322113,1.6890976,-1.2836812,0.90743697,0.0590544,-0.28831118,1.9409778,83.15334
67.5345778465271,1.6730659,-1.2831022,0.9138942,0.03325138,-0.26492083,1.9495289,87.043076
67.57422161102295,1.6509979,-1.2856984,0.9225226,0.00472415,-0.23747239,1.9574656,88.068405
67.61233568191528,1.6352867,-1.2839115,0.93081445,-0.026600504,-0.20685472,1.9641033,87.77253
67.65131258964539,1.6165549,-1.2799026,0.9401427,-0.051546182,-0.18180716,1.9681125,88.80915
67.68990755081177,1.6015146,-1.276614,0.946458,-0.0944464,-0.13715027,1.9744087,88.37773
67.72900819778442,1.5801157,-1.2698013,0.953369,-0.12088125,-0.108804844,1.9780595,87.38191
67.76766777038574,1.5627606,-1.2626394,0.95790446,-0.16492529,-0.059900835,1.9844844,87.17311
67.80619311332703,1.5461906,-1.2568995,0.96181124,-0.19049656,-0.029909994,1.9881593,85.75016
67.88469552993774,1.4994818,-1.2456408,0.96266806,-0.25562593,0.052325528,1.9911919,91.44518
67.92403936386108,1.4759858,-1.2400688,0.9641979,-0.29030302,0.10470744,1.9867512,90.90838
67.96234560012817,1.4542121,-1.2363734,0.96407723,-0.30296186,0.1257412,1.9831831,88.64477
68.00076341629028,1.4340693,-1.234479,0.9618608,-0.32948574,0.17795809,1.9692851,88.52974
68.04017639160156,1.4067314,-1.2342982,0.96147454,-0.3410879,0.20884623,1.9573826,88.264595
68.079176902771,1.3755453,-1.2348064,0.9598701,-0.3512206,0.24869515,1.9372733,92.32213
68.15517544746399,1.3195248,-1.2436458,0.96055794,-0.35016245,0.32168126,1.8793988,92.32174
68.23533892631531,1.2646487,-1.2578902,0.96429795,-0.32693106,0.37168714,1.8096752,92.48131
68.27572107315063,1.2321625,-1.2703993,0.9684944,-0.29955542,0.3956184,1.7514806,91.95333
68.3139135837555,1.2034029,-1.2828597,0.9732902,-0.26663235,0.4073197,1.6884127,92.31708
68.35430121421814,1.169968,-1.3002862,0.9806541,-0.2451534,0.40802306,1.6490226,91.82383
68.39360690116882,1.1419141,-1.3170354,0.988127,-0.23084934,0.40568656,1.6224978,91.055504
68.43473482131958,1.1073577,-1.3389063,0.9976615,-0.19619979,0.390514,1.5565706,91.36204
68.47574496269226,1.0728935,-1.3628447,1.0086335,-0.16494612,0.36225346,1.492454,94.486664
68.51599454879761,1.0428431,-1.3853389,1.017323,-0.14427207,0.33123153,1.4430293,95.099785
68.55620455741882,1.0133426,-1.4083279,1.0264435,-0.13220271,0.30343673,1.4074428,94.437386
68.59617590904236,0.97805554,-1.4375398,1.0380388,-0.120362476,0.26152888,1.3616129,94.08671
68.63614392280579,0.94139135,-1.468192,1.047443,-0.11342871,0.20202947,1.309953,91.24128
68.67315030097961,0.9118266,-1.4950473,1.0564374,-0.1139681,0.15019807,1.2740891,89.12073
68.71138620376587,0.8811407,-1.5216149,1.0633271,-0.11793341,0.10950052,1.2502306,88.996445
68.75156807899475,0.8455969,-1.5535942,1.071449,-0.12727197,0.05316772,1.2235979,86.69211
68.79066300392151,0.81332475,-1.5810782,1.0760475,-0.14427829,-0.018919203,1.195865,85.279785
68.83041000366211,0.77940065,-1.6120383,1.0833864,-0.15669295,-0.06257466,1.1821519,87.07776
68.86913204193115,0.74836457,-1.6368943,1.086769,-0.17893067,-0.13474467,1.1638123,87.123055
68.9074637889862,0.71530473,-1.6616045,1.0882825,-0.1875806,-0.16307172,1.1582067,86.41086
68.94642734527588,0.6792416,-1.6870662,1.0918648,-0.20969592,-0.23239702,1.1484847,88.19156
68.98546552658081,0.64794075,-1.7064549,1.0934235,-0.22574937,-0.28517687,1.1457174,88.5893
69.06545567512512,0.58233345,-1.7419401,1.0992427,-0.24803217,-0.36933377,1.1523163,90.37924
69.10476517677307,0.54639727,-1.755877,1.1035589,-0.2569247,-0.42022184,1.165497,92.60582
69.14447712898254,0.51670724,-1.7636117,1.1073847,-0.2607325,-0.4535926,1.1782126,107.096725
69.18351435661316,0.4868828,-1.7686179,1.1118408,-0.26113605,-0.47360703,1.1888402,105.28978
69.22529172897339,0.4529235,-1.7712203,1.1207738,-0.258723,-0.4932115,1.2035912,104.48734
69.26381587982178,0.4179147,-1.7688975,1.1306413,-0.25440636,-0.50602734,1.2228467,97.7319
69.30398964881897,0.3968225,-1.7654488,1.1392181,-0.24940532,-0.50738674,1.2352593,97.51211
69.34242486953735,0.36357957,-1.7566867,1.1516335,-0.24021293,-0.49899292,1.2531065,96.769554
69.42124795913696,0.30363995,-1.729783,1.1776731,-0.227797,-0.45691484,1.2744464,97.88778
69.45986461639404,0.27731153,-1.7130715,1.1906114,-0.22431013,-0.43287185,1.2793573,97.7403
69.49937748908997,0.24594758,-1.6896355,1.2061868,-0.21899135,-0.38307822,1.2837468,97.03908
69.53848433494568,0.22031938,-1.6680944,1.218069,-0.21638688,-0.3482462,1.2838002,94.997795
69.57614660263062,0.19466984,-1.6436242,1.2297909,-0.2129016,-0.29641744,1.2810162,98.904175
69.61463642120361,0.16460261,-1.6120397,1.2408686,-0.2094197,-0.2393245,1.2751468,98.91974
69.65247464179993,0.13902329,-1.5839972,1.250142,-0.2060269,-0.1935616,1.2683008,98.19062
69.72708249092102,0.08442024,-1.5252429,1.2605226,-0.19113031,-0.06376677,1.2391102,99.510056
69.76591777801514,0.055877447,-1.4904784,1.264854,-0.17961825,0.003052828,1.2180414,98.78048
69.80653810501099,0.02800408,-1.4617147,1.2665064,-0.16865553,0.052795257,1.1986676,98.00295
69.84515714645386,0.00062528905,-1.4333471,1.2655993,-0.14460832,0.13366884,1.1596695,98.88096
69.88460516929626,-0.031152003,-1.4001061,1.2627759,-0.11982318,0.19434306,1.1214767,98.6496
69.92349195480347,-0.06321526,-1.370492,1.2596341,-0.08958469,0.25015458,1.07774,98.03767
69.96236062049866,-0.0897105,-1.3474514,1.255857,-0.0637302,0.28761357,1.040999,97.98069
70.04022932052612,-0.143897,-1.308636,1.2495452,0.023346566,0.37261027,0.91959,99.59562
70.08130145072937,-0.17770351,-1.288402,1.2464467,0.062385365,0.3955799,0.8645683,98.974884
70.11980152130127,-0.21103495,-1.272846,1.2455099,0.08928659,0.4069878,0.8242169,97.10168
70.1578619480133,-0.2377356,-1.2627851,1.2461157,0.12034468,0.41430676,0.7730637,95.81094
70.19633984565735,-0.26012826,-1.2564057,1.2476089,0.14434317,0.4134562,0.72604996,95.39914
70.23741388320923,-0.29973793,-1.2489538,1.2530504,0.15736856,0.4078237,0.69352186,95.139275
70.27677536010742,-0.32856545,-1.2460697,1.2581792,0.1686198,0.3896604,0.6438593,94.166306
70.3153748512268,-0.36233416,-1.2464074,1.266054,0.16810794,0.36792716,0.6077819,94.18586
70.39260077476501,-0.4230147,-1.2542138,1.2820629,0.14101648,0.30921522,0.54715407,93.9374
70.431476354599,-0.4600161,-1.2619866,1.2928119,0.1221938,0.28309467,0.5289073,92.480125
70.47077131271362,-0.4923328,-1.2715609,1.3013504,0.08042178,0.2358707,0.5044507,95.14393
70.509934425354,-0.5245022,-1.2817514,1.3090503,0.050508544,0.20552917,0.492922,95.29734
70.54890704154968,-0.56478935,-1.2961912,1.3173707,0.028119698,0.18445022,0.48656204,95.07158
70.58903908729553,-0.59826964,-1.3079463,1.3216146,-0.03187759,0.13044375,0.4733153,96.97356
70.62715435028076,-0.6378496,-1.3226482,1.3250479,-0.09491218,0.07466653,0.45734733,96.61681
70.66695237159729,-0.6705211,-1.3339376,1.3264802,-0.14615281,0.03098319,0.4399554,94.880844
70.70530152320862,-0.70481485,-1.3436885,1.3250694,-0.18447188,-0.00040516257,0.4236187,94.7152
70.74647617340088,-0.74471325,-1.3545247,1.3220818,-0.23578022,-0.039394733,0.39724618,94.48218
70.86031436920166,-0.8454188,-1.3669078,1.3079437,-0.37168086,-0.120533,0.30086645,96.259384
70.89831972122192,-0.8705525,-1.3657272,1.30337,-0.42803752,-0.14122373,0.24777074,96.31659
70.93470287322998,-0.90495557,-1.3611085,1.297939,-0.45921075,-0.14856908,0.21459876,97.09466
70.97262907028198,-0.93318295,-1.3546458,1.293682,-0.5052573,-0.15282746,0.15801202,96.77441
71.05056047439575,-0.99526334,-1.3308119,1.2861456,-0.55445576,-0.14513446,0.08123005,97.203995
71.1256206035614,-1.0449506,-1.2977811,1.2843137,-0.5829339,-0.1268104,0.01120113,95.462975
71.16510725021362,-1.0753868,-1.2739503,1.2854294,-0.5895707,-0.113729395,-0.024856178,93.41585
71.20413041114807,-1.0962276,-1.250131,1.2886064,-0.5884403,-0.096487686,-0.06628848,94.510086
71.2428629398346,-1.1223316,-1.2194546,1.2927635,-0.57957876,-0.08226972,-0.09671362,90.67197
71.2812557220459,-1.145476,-1.190924,1.2965839,-0.57254356,-0.07512674,-0.111540705,90.924515
71.39648532867432,-1.2010394,-1.0850093,1.3148102,-0.48652187,-0.029586876,-0.20515636,88.731094
71.43534064292908,-1.2153349,-1.0470037,1.3203503,-0.4468363,-0.016708309,-0.23554222,88.170334
71.47555422782898,-1.2316988,-0.9992765,1.3255744,-0.41388616,-0.0077995257,-0.2591786,89.95085
71.5147635936737,-1.2441643,-0.9584917,1.3300717,-0.35314092,0.004591824,-0.30040032,90.20568
71.55642342567444,-1.2578292,-0.90782756,1.334185,-0.3140905,0.010387802,-0.32611647,90.44354
71.59610962867737,-1.2664717,-0.86441916,1.3365566,-0.25953525,0.015350155,-0.36106974,87.986336
71.63527297973633,-1.2773212,-0.81221074,1.3376274,-0.20334074,0.016570961,-0.39516956,89.246346
71.67450642585754,-1.2869151,-0.76824075,1.3366725,-0.1334443,0.012663963,-0.43384236,90.664154
71.71426844596863,-1.2964216,-0.7172662,1.3358973,-0.09237891,0.007555899,-0.45398474,90.83471
71.75199604034424,-1.3059713,-0.67462635,1.3340101,-0.03886573,-0.0017539719,-0.4759303,89.662674
71.79158329963684,-1.3151196,-0.63203937,1.3306222,0.01061973,-0.013361271,-0.49147505,87.78992
71.8294608592987,-1.3224854,-0.59278303,1.3285472,0.045469586,-0.022804195,-0.49910143,88.46989
71.8686695098877,-1.3341968,-0.54562455,1.3242084,0.09817104,-0.0390587,-0.50418556,88.80283
71.9082384109497,-1.3434387,-0.5066126,1.3208066,0.12608506,-0.04847863,-0.5031278,90.84869
71.94761061668396,-1.3543591,-0.463821,1.3176681,0.15055908,-0.057254985,-0.49906644,88.251884
71.98684620857239,-1.3643985,-0.42943162,1.3156313,0.1912348,-0.07189094,-0.48332047,89.658104
72.02599835395813,-1.3768282,-0.38994166,1.3134638,0.21096464,-0.07905805,-0.46874976,89.86784
72.06397747993469,-1.3859847,-0.36011976,1.3128381,0.2218452,-0.0830335,-0.45680714,89.68295
72.10162663459778,-1.3959737,-0.3313098,1.3129253,0.23138511,-0.08676698,-0.44048145,89.12
72.13917183876038,-1.4051514,-0.30503485,1.3134333,0.23472846,-0.0889468,-0.4249225,93.97189
72.1785056591034,-1.4157615,-0.27600715,1.3149741,0.23185706,-0.08958467,-0.41107297,93.79627
72.21743679046631,-1.42411,-0.25457397,1.317549,0.22607304,-0.0892825,-0.40230867,92.9588
72.25590872764587,-1.4327115,-0.23363328,1.3190712,0.20871195,-0.08760214,-0.3906853,93.7103
72.33367252349854,-1.4491061,-0.19584991,1.3249547,0.16274714,-0.08199085,-0.37988564,92.54542
72.3720691204071,-1.4566543,-0.18141456,1.3277001,0.1400505,-0.078790486,-0.37805548,93.914696
72.41136956214905,-1.4639225,-0.16550496,1.33087,0.10624119,-0.07380898,-0.37711737,93.67533
72.44900012016296,-1.4695488,-0.15590905,1.3325144,0.067684844,-0.06763882,-0.3771282,93.34086
72.52554965019226,-1.4823881,-0.13226834,1.3354331,-0.006843137,-0.054752693,-0.37709287,93.649605
72.56448793411255,-1.4882562,-0.121219836,1.3341285,-0.05287993,-0.046628278,-0.3761119,92.324005
72.60437393188477,-1.492957,-0.11247068,1.333463,-0.10043606,-0.03807833,-0.37410027,92.31566
72.64298629760742,-1.4981635,-0.10121675,1.330724,-0.14872694,-0.029322654,-0.37117785,92.072075
72.68120551109314,-1.5000992,-0.09173201,1.3278769,-0.19688088,-0.020857967,-0.3670847,93.17991
72.71993589401245,-1.502174,-0.080968395,1.324135,-0.24417812,-0.012670364,-0.36252138,93.02551
72.75834703445435,-1.5059047,-0.06754209,1.3192941,-0.2897028,-0.0049555507,-0.3575445,92.95963
72.79689526557922,-1.5061647,-0.053524505,1.3142109,-0.3115607,-0.001406074,-0.35499147,96.28082
72.87421822547913,-1.5082777,-0.018613238,1.3032517,-0.409101,0.014417283,-0.34182677,95.494026
72.91313147544861,-1.5071591,8.845702e-06,1.2980863,-0.42575413,0.017252138,-0.33665508,95.241974
72.95184278488159,-1.5054125,0.019888062,1.2940663,-0.45549405,0.022263242,-0.33418855,93.90019
72.99353408813477,-1.5021282,0.04645183,1.2898585,-0.48591375,0.027718278,-0.3290224,92.44725
73.03179979324341,-1.4970329,0.07058373,1.2870702,-0.5040782,0.031814817,-0.3260619,90.01937
73.07416272163391,-1.4933897,0.103294,1.2849398,-0.5164742,0.035566907,-0.32413125,90.240715
73.11315059661865,-1.4868184,0.13738261,1.2837427,-0.5230865,0.0389068,-0.32290244,89.8415
73.15226721763611,-1.4809505,0.16849041,1.2838366,-0.52364475,0.041839782,-0.32252586,92.08956
73.18981003761292,-1.4756585,0.20171294,1.2853763,-0.5183268,0.043977525,-0.32287675,94.98703
73.22942590713501,-1.4669002,0.2435499,1.2879087,-0.5074952,0.045407787,-0.32407406,94.77324
73.26747298240662,-1.4617782,0.27330878,1.2897676,-0.4958217,0.045727033,-0.32504293,93.11049
73.30581879615784,-1.452833,0.31996903,1.2939425,-0.475753,0.045400575,-0.3271878,93.14554
73.34574604034424,-1.4409686,0.36829716,1.2984134,-0.45106456,0.044027887,-0.32951075,92.79484
73.38423609733582,-1.4322764,0.41019696,1.3022044,-0.42967588,0.042346362,-0.3315876,92.77428
73.42613172531128,-1.4217,0.46015236,1.3069475,-0.38929984,0.03804067,-0.33515188,93.2745
73.47568678855896,-1.4075207,0.52254623,1.3123506,-0.35315242,0.03350618,-0.33825198,90.431404
73.51452732086182,-1.397808,0.5684475,1.3157977,-0.31435207,0.027654827,-0.34134078,91.459625
73.58983421325684,-1.374883,0.6704363,1.3225867,-0.23230183,0.013375331,-0.3464128,90.5458
73.6289472579956,-1.3634316,0.71619654,1.3239433,-0.19005969,0.004902874,-0.34833091,92.40038
73.66648817062378,-1.3532321,0.76255935,1.3258728,-0.13723215,-0.0063784183,-0.3502259,90.6363
73.70380187034607,-1.3426917,0.8083983,1.3266668,-0.1060854,-0.013439404,-0.3512922,90.78956
73.74077653884888,-1.3311653,0.8526503,1.3260354,-0.065791905,-0.022651851,-0.3522542,89.03471
73.78371095657349,-1.3181542,0.90508974,1.3267747,-0.02792387,-0.032101758,-0.35294452,88.550606
73.82319903373718,-1.3074446,0.9477866,1.3263991,0.0078030373,-0.041074947,-0.35307622,90.514565
73.86094379425049,-1.2944105,0.99594885,1.3258721,0.040219415,-0.049959198,-0.35271844,90.656204
73.89935827255249,-1.283612,1.0359724,1.3261887,0.06219373,-0.056232356,-0.35234055,91.74679
73.93853855133057,-1.2712737,1.0734202,1.3259037,0.08720799,-0.06376917,-0.3513997,90.59887
73.976877450943,-1.2598908,1.1170082,1.3267373,0.108267896,-0.07067373,-0.34981957,91.43743
74.0168948173523,-1.2481154,1.150939,1.3281739,0.12735066,-0.07779746,-0.3478353,91.49157
74.05523419380188,-1.237614,1.1834885,1.330349,0.13682957,-0.08229529,-0.34554175,87.70764
74.09344458580017,-1.2251917,1.2194927,1.3323855,0.14040624,-0.085020594,-0.34366307,86.05969
74.13149356842041,-1.2144955,1.2485834,1.3360777,0.14112158,-0.086986676,-0.34176856,83.70562
74.20732736587524,-1.1915648,1.3055062,1.3437808,0.12884137,-0.089311,-0.3366926,85.62584
74.24485659599304,-1.1852492,1.3193268,1.3468947,0.11128211,-0.088598914,-0.3340943,86.56807
74.28411602973938,-1.1695845,1.3504801,1.3534676,0.097519524,-0.0872901,-0.33277607,86.97242
74.32253408432007,-1.158477,1.3697947,1.3589592,0.08136222,-0.08547954,-0.33155692,89.586975
74.36275386810303,-1.1448797,1.3927399,1.364425,0.06303743,-0.083335206,-0.3304276,92.183426
74.40103197097778,-1.1332554,1.410028,1.3694654,0.020487651,-0.07729338,-0.32873216,91.17404
74.44246292114258,-1.1233952,1.4272311,1.37396,-0.01185776,-0.07242201,-0.32780865,91.17688
74.48251986503601,-1.1093131,1.4460338,1.3794826,-0.03763962,-0.06830496,-0.3269629,90.34202
74.5224187374115,-1.0964341,1.4646744,1.3833022,-0.07351651,-0.062313925,-0.32622778,92.10661
74.5610601902008,-1.0846574,1.4792242,1.3867403,-0.120114475,-0.054381542,-0.3254301,91.95652
74.59885358810425,-1.072389,1.4942182,1.3892413,-0.14853214,-0.04943914,-0.3247632,91.8925
74.63745784759521,-1.057983,1.5120765,1.3911062,-0.18659681,-0.042629324,-0.32371476,93.838165
74.67728352546692,-1.042677,1.530363,1.3928778,-0.22385377,-0.035896022,-0.32236674,96.48799
74.71679592132568,-1.0326295,1.5436434,1.3936853,-0.26011315,-0.029592147,-0.32027718,95.185036
74.79294157028198,-1.0038797,1.5813383,1.3947573,-0.32026175,-0.019462496,-0.31566748,96.55268
74.83129930496216,-0.98654747,1.6051337,1.3946587,-0.3584459,-0.013666906,-0.31163877,96.86783
74.86975693702698,-0.97342956,1.6252539,1.3948429,-0.3788305,-0.010462155,-0.3091097,97.65185
74.94618225097656,-0.9418405,1.6768858,1.3968135,-0.41918796,-0.0044743866,-0.3042661,96.66837
74.98521614074707,-0.93349946,1.6915647,1.3972982,-0.44048917,-0.0012699295,-0.30178678,96.97626
75.02500343322754,-0.9117012,1.7290871,1.3999331,-0.45229,0.00058826065,-0.30036548,96.9396
75.06421327590942,-0.8981443,1.7583934,1.4019825,-0.4584826,0.0014721161,-0.29962385,96.55709
75.1022584438324,-0.8792317,1.7944584,1.406642,-0.46273848,0.0025130685,-0.29914,97.792534
75.14014744758606,-0.86375314,1.8264527,1.4098384,-0.46221116,0.003538154,-0.29951176,97.59758
75.17829895019531,-0.8434036,1.8674843,1.414164,-0.455856,0.0047170697,-0.30385515,98.37924
75.21734690666199,-0.8255991,1.9029129,1.4188412,-0.45058253,0.0059101926,-0.30758017,97.92136
75.25472927093506,-0.8090512,1.9396795,1.4232163,-0.4330423,0.010068051,-0.32219288,98.51362
75.29390048980713,-0.7872802,1.9850817,1.4288743,-0.41380605,0.014648052,-0.33963323,98.34274
75.33372521400452,-0.76867646,2.02403,1.4340308,-0.390347,0.019964457,-0.36260065,97.91352
75.37346720695496,-0.7497573,2.0649319,1.438597,-0.3635685,0.02540012,-0.39065003,98.44382
75.41291451454163,-0.72591764,2.1142051,1.4444357,-0.34094545,0.029184833,-0.4150527,98.335
75.493243932724,-0.6804728,2.2062786,1.4522785,-0.27288646,0.034870524,-0.49189502,97.59388
75.5318512916565,-0.659823,2.248669,1.455592,-0.23623519,0.034026902,-0.53468025,98.312485
75.57149744033813,-0.63929677,2.2906845,1.4579294,-0.19983749,0.029585803,-0.5785678,95.13753
75.64637637138367,-0.5938343,2.3820968,1.4615421,-0.12930945,0.010650277,-0.6646441,111.375
75.68643641471863,-0.5688524,2.4302309,1.4634777,-0.104686946,0.000377208,-0.6950074,111.375
75.72526550292969,-0.55296606,2.46185,1.4636059,-0.07112252,-0.019532306,-0.7412872,111.375
75.76278281211853,-0.52916,2.5089695,1.4630164,-0.04789387,-0.036905352,-0.77480304,111.375
75.83859300613403,-0.48607758,2.58871,1.4605658,-0.019891717,-0.068334125,-0.8244778,111.375
75.87674689292908,-0.46687,2.6223893,1.4598212,-0.011705598,-0.08583074,-0.84849745,111.375
75.91396307945251,-0.4502496,2.6528099,1.4593407,-0.008232752,-0.10230323,-0.8702728,111.375
75.952232837677,-0.43161124,2.6860428,1.4560685,-0.009380376,-0.11356636,-0.88553154,111.375
75.99321722984314,-0.4144954,2.713768,1.4552264,-0.014625263,-0.12724379,-0.905328,110.3304
76.0334415435791,-0.3892066,2.7525923,1.4526119,-0.028120458,-0.1413721,-0.93108594,87.980675
76.07327079772949,-0.37335736,2.7790515,1.4511725,-0.040303983,-0.14775544,-0.94817275,87.78349
76.1109709739685,-0.35549217,2.8034623,1.4486995,-0.061909206,-0.15506124,-0.9802647,91.049065
76.15057492256165,-0.3334117,2.831182,1.4461646,-0.07681932,-0.15668498,-1.0017388,88.99144
76.1898946762085,-0.31524554,2.8528612,1.4439957,-0.0978896,-0.15509924,-1.0328697,111.375
76.22972321510315,-0.2921925,2.877835,1.4417348,-0.11929899,-0.14970408,-1.0640321,111.375
76.26859307289124,-0.272396,2.896793,1.4394404,-0.14599219,-0.13909325,-1.0996519,111.375
76.30860209465027,-0.24829662,2.919203,1.4365597,-0.1565567,-0.13320512,-1.1121118,111.375
76.34805274009705,-0.22690824,2.9374504,1.4330103,-0.18160841,-0.11679351,-1.1372746,111.375
76.38697934150696,-0.20494182,2.9539127,1.4295627,-0.20068236,-0.101463005,-1.1500086,111.375
76.42584371566772,-0.17725544,2.97382,1.4243165,-0.21473038,-0.089192845,-1.1550599,111.375
76.46555972099304,-0.15441789,2.9901555,1.4199941,-0.23326239,-0.07237877,-1.1561857,111.375
76.50584101676941,-0.12588695,3.008941,1.4142481,-0.25190538,-0.055730384,-1.1503074,111.375
76.5457181930542,-0.1011134,3.0246358,1.4090346,-0.27469984,-0.035969883,-1.1342149,111.375
76.58693552017212,-0.070187494,3.0429268,1.4023905,-0.28856966,-0.02497426,-1.1203148,111.375
76.70182681083679,0.01647293,3.0941799,1.3821412,-0.34874788,0.010892711,-1.0344936,111.375
76.77804017066956,0.07605928,3.1298497,1.368508,-0.37707236,0.023470545,-0.9877497,127.377785
76.81774306297302,0.113547266,3.1527863,1.3603188,-0.3888257,0.030488655,-0.9668876,111.375
76.8553318977356,0.13374087,3.165358,1.3563648,-0.39642248,0.03693911,-0.9504217,111.375
76.89581298828125,0.18756002,3.199471,1.3457212,-0.39951563,0.04182602,-0.9416247,111.375
76.93471217155457,0.22277981,3.2225838,1.3390232,-0.39968482,0.048601434,-0.9357127,111.375
76.97302889823914,0.25932625,3.2481344,1.3322769,-0.39384615,0.058099132,-0.938122,111.375
77.01079082489014,0.27296448,3.2558918,1.3298204,-0.38794586,0.0640961,-0.9451444,111.375
77.05179953575134,0.33880648,3.302684,1.3175496,-0.37709606,0.07226749,-0.9611093,111.375
77.09163069725037,0.38398838,3.3350837,1.3089278,-0.36228302,0.080121025,-0.98458153,111.375
77.12951827049255,0.42197815,3.3623235,1.3019108,-0.34437934,0.08698141,-1.0152968,111.375
77.16826677322388,0.4600006,3.3906038,1.2946452,-0.32411355,0.09227057,-1.0521641,111.375
77.20687413215637,0.50668037,3.4253886,1.2853351,-0.30143258,0.095037684,-1.0933768,111.31093
77.2464051246643,0.5463056,3.4553137,1.2766871,-0.2777447,0.09484072,-1.1375291,110.503235
77.28378915786743,0.5844519,3.4848912,1.2686933,-0.25970548,0.092464514,-1.1716075,111.375
77.32246804237366,0.6312106,3.5211349,1.2572834,-0.23146649,0.08407254,-1.2280058,111.375
77.3994631767273,0.70806247,3.5805554,1.2394748,-0.20197213,0.06746907,-1.2923565,110.471954
77.43705987930298,0.7458877,3.6103783,1.2299372,-0.18238184,0.048847273,-1.341663,109.339905
77.48106288909912,0.7913538,3.6458683,1.2171696,-0.17289774,0.036086537,-1.3688871,109.83255
77.52030444145203,0.8362303,3.6810246,1.2057408,-0.16166773,0.012798308,-1.4106599,109.49806
77.55851793289185,0.8735099,3.709034,1.1954741,-0.15681161,-0.0067061093,-1.4414912,107.976715
77.59950304031372,0.9181562,3.7421484,1.1823475,-0.15450156,-0.02642445,-1.470372,109.389145
77.6377010345459,0.948087,3.7628856,1.1736372,-0.15591995,-0.045708075,-1.4981982,109.87182
77.67568182945251,0.98488504,3.7889779,1.1625485,-0.1581643,-0.059838817,-1.5186679,109.93969
77.71346879005432,1.0360464,3.823724,1.1462626,-0.16363944,-0.07747009,-1.546381,110.27285
77.75266480445862,1.072476,3.8471143,1.1346244,-0.17111169,-0.09349447,-1.5740823,110.62921
77.8276469707489,1.1456118,3.891105,1.1105171,-0.1897348,-0.1165947,-1.6233742,110.90934
77.86715388298035,1.1887306,3.913101,1.0974555,-0.20646557,-0.12826599,-1.6594182,109.75541
77.9056384563446,1.2255799,3.930679,1.0837605,-0.21340707,-0.13153583,-1.6739565,110.1892
77.9443564414978,1.261902,3.9476416,1.0716418,-0.23272428,-0.13705029,-1.7096162,109.97596
77.98566746711731,1.305845,3.964707,1.0579253,-0.24890898,-0.13802329,-1.7379009,109.5034
78.02508115768433,1.3500361,3.9810114,1.0421597,-0.26533857,-0.13602926,-1.7651505,109.2472
78.06384253501892,1.3868203,3.9923148,1.0302175,-0.28124765,-0.13112912,-1.7918199,109.710915
78.1019172668457,1.4242749,4.0010023,1.0171449,-0.29660383,-0.123637944,-1.8173747,108.90755
78.13957953453064,1.4621447,4.009166,1.0045244,-0.31098226,-0.11343128,-1.8421701,108.77335
78.17998766899109,1.5001161,4.0158334,0.99180377,-0.32391372,-0.10084426,-1.8663385,109.97369
78.33039999008179,1.6719021,4.030827,0.93674207,-0.35758045,-0.037777692,-1.9513682,107.14777
78.40788698196411,1.7525203,4.030465,0.9116525,-0.3622908,-0.0026633176,-1.9910007,106.57574
78.44741082191467,1.8023769,4.028149,0.8968841,-0.36129317,0.02333382,-2.0206316,104.490005
78.48485994338989,1.8438884,4.0250845,0.8844385,-0.35739693,0.044001084,-2.0452569,104.08278
78.52365565299988,1.8866217,4.0209317,0.8718053,-0.35098732,0.063966736,-2.071119,105.29437
78.56163811683655,1.9384105,4.0156994,0.8573477,-0.3441477,0.07880926,-2.0918384,105.00941
78.60021018981934,1.9822297,4.0103726,0.84552675,-0.33293808,0.09682507,-2.119767,105.322655
78.6420967578888,2.0272825,4.0020676,0.83302826,-0.31981486,0.11338827,-2.149187,106.35403
78.71839904785156,2.1239836,3.987171,0.80669165,-0.287519,0.13958898,-2.2099493,105.67768
78.79736471176147,2.1517713,3.9953258,0.78950393,-0.28051892,0.16477028,-2.2803771,107.06962
78.83549547195435,2.1032128,4.0362334,0.78298014,-0.28915808,0.17231081,-2.2975636,108.68852
78.8738694190979,2.0565536,4.07988,0.7768215,-0.3341018,0.1836404,-2.343478,108.48691
78.91278529167175,2.0152194,4.1218953,0.7667565,-0.3688428,0.1949204,-2.3665094,107.84395
78.95212602615356,1.9937915,4.1478662,0.763773,-0.41573238,0.20538366,-2.3948133,108.523315
78.99105644226074,1.9671,4.181354,0.7591912,-0.4382459,0.20858322,-2.4126983,106.96215
79.030268907547,1.9416273,4.218543,0.7532444,-0.46666786,0.2116811,-2.437938,108.03214
79.06862759590149,1.9191753,4.2540355,0.74856263,-0.49225295,0.21215588,-2.4677992,109.0862
79.10730075836182,1.9058635,4.270425,0.7457238,-0.5058737,0.21022636,-2.5024483,109.56682
79.14597368240356,1.9003195,4.2599807,0.7485617,-0.50669813,0.20930985,-2.519695,108.20767
79.18420696258545,1.900836,4.2371364,0.756387,-0.50954074,0.2031935,-2.555565,110.936745
79.22439169883728,1.9037565,4.218097,0.7629607,-0.49638927,0.19774708,-2.5894928,111.375
79.26784706115723,1.9104226,4.1934094,0.77077985,-0.4842166,0.18965784,-2.6137733,127.377785
79.31069016456604,1.9190769,4.1687765,0.77927995,-0.46311125,0.16577248,-2.6526163,127.377785
79.35478329658508,1.9298632,4.141828,0.7867851,-0.44348606,0.1430718,-2.6733484,127.377785
79.39622592926025,1.9426378,4.1136584,0.79406846,-0.42032725,0.11791768,-2.6913538,120.66072
79.43896842002869,1.953038,4.090446,0.7993995,-0.39282084,0.08942419,-2.706982,65.81063
79.48292946815491,1.9692173,4.057416,0.80471146,-0.35443997,0.051314637,-2.7242012,66.325554
79.5242714881897,1.9851558,4.0246572,0.80928993,-0.32023585,0.01946643,-2.7370403,66.325554
79.56938695907593,2.0013168,3.9909153,0.812179,-0.2919119,-0.004810963,-2.7460282,62.684258
79.60933756828308,2.0164979,3.9546347,0.8122663,-0.22758523,-0.05329491,-2.7630033,63.27527
79.64736652374268,2.0296311,3.923762,0.81177324,-0.183127,-0.08531614,-2.7721562,59.008293
79.68647265434265,2.0439463,3.8869855,0.80975085,-0.13582467,-0.116276324,-2.7789028,59.601913
79.76378917694092,2.0640347,3.8246534,0.80183786,-0.052201003,-0.16642912,-2.7846448,56.483192
79.80252885818481,2.0717626,3.7942765,0.79537964,-0.015341429,-0.18512775,-2.784641,58.504196
79.91689610481262,2.0849953,3.6935418,0.7734317,0.13414986,-0.24323891,-2.7738805,55.70762
80.03082966804504,2.0769544,3.6148562,0.7550791,0.22985904,-0.25665703,-2.7620552,59.650955
80.14197492599487,2.0513098,3.543963,0.73865414,0.3004934,-0.23847312,-2.7488139,59.22999
80.18067526817322,2.03981,3.5253835,0.7361413,0.3178738,-0.21907249,-2.7436597,55.7501
80.21846866607666,2.02646,3.5091515,0.7339585,0.32342097,-0.20453022,-2.740851,59.2565
80.25731205940247,2.0086422,3.491399,0.7349405,0.32533523,-0.1821285,-2.7380095,54.01789
80.29669094085693,1.9919925,3.477434,0.73388106,0.3197392,-0.15708472,-2.7358139,59.31929
80.33462047576904,1.973347,3.4677107,0.7325041,0.30485025,-0.122739196,-2.733251,52.450165
80.37340712547302,1.9549911,3.4585218,0.7343454,0.2921901,-0.10096246,-2.732236,53.02719
80.41159892082214,1.9301564,3.4493587,0.7346185,0.27593923,-0.07865179,-2.7306418,51.277954
80.44900059700012,1.9084352,3.4431067,0.73725975,0.25599122,-0.05589455,-2.7286644,57.340958
80.48788166046143,1.8870351,3.4390543,0.7357486,0.21848539,-0.017495176,-2.7247293,57.056183
80.5269947052002,1.863145,3.4359863,0.73403555,0.17123234,0.019445006,-2.7185104,50.02379
80.56502175331116,1.838776,3.4352064,0.73351824,0.12944213,0.0476675,-2.712244,59.39377
80.6028082370758,1.816257,3.4361615,0.73171145,0.09704823,0.06775122,-2.7071187,49.332016
80.64213156700134,1.7941843,3.4376996,0.72860557,0.050656218,0.092256755,-2.6994863,56.22248
80.68085598945618,1.7697752,3.4390244,0.7246771,0.0014015286,0.11371737,-2.6913836,56.58963
80.71837139129639,1.749526,3.441372,0.71964914,-0.034041673,0.12806702,-2.685353,56.244965
80.75697612762451,1.7269053,3.444675,0.71304256,-0.082556084,0.14396524,-2.6767113,54.411263
80.79940843582153,1.7096441,3.4475267,0.70668954,-0.12785478,0.15700632,-2.668658,55.149902
80.83776879310608,1.690094,3.4508586,0.6987166,-0.18292995,0.16900806,-2.6616182,55.493004
80.87682795524597,1.6765593,3.4527867,0.69212127,-0.21239437,0.17393374,-2.6581633,54.294556
80.91541242599487,1.664427,3.4522414,0.6855158,-0.24892084,0.17793427,-2.6548808,56.464287
80.99161195755005,1.6438622,3.453527,0.67296207,-0.30192983,0.17823923,-2.6553748,60.23085
81.03029298782349,1.6378479,3.4521945,0.6690579,-0.32443592,0.17466514,-2.658385,65.19785
81.07012271881104,1.6322274,3.448863,0.66333777,-0.3418255,0.16881104,-2.6642115,61.153915
81.10899019241333,1.6296403,3.4449508,0.6599104,-0.3539002,0.16080652,-2.6716588,61.1649
81.14727401733398,1.6286203,3.4396722,0.65690535,-0.3580742,0.1505132,-2.681198,63.278236
81.18538165092468,1.6265893,3.4319239,0.65537566,-0.3586266,0.1389815,-2.6919842,72.34321
81.22325491905212,1.6225172,3.4240046,0.6592327,-0.3441092,0.14006706,-2.7144094,59.65117
81.27736401557922,1.6198741,3.408789,0.6656664,-0.34463352,0.14193402,-2.7204216,74.24047
81.31846451759338,1.6189094,3.4012718,0.66930205,-0.3260333,0.14836574,-2.728961,61.200676
81.35750818252563,1.6199825,3.384837,0.67652804,-0.3065115,0.1510045,-2.7374697,73.95642
81.43631219863892,1.6230816,3.3670084,0.6875559,-0.25663993,0.14840059,-2.756955,74.425224
81.47617840766907,1.6303294,3.350098,0.6942155,-0.2264393,0.14288329,-2.7688463,58.814255
81.51537013053894,1.6358277,3.3382912,0.69858086,-0.20250365,0.13698545,-2.7777727,58.468758
81.55263233184814,1.6433768,3.3235638,0.7042506,-0.1662345,0.12610365,-2.7905831,58.30494
81.66930103302002,1.6794243,3.2614987,0.71935135,-0.046737928,0.070115305,-2.8335679,56.78569
81.7097053527832,1.6925775,3.2444606,0.7241803,-0.01711838,0.05298359,-2.8426962,56.57289
81.7491340637207,1.7039566,3.2311392,0.7264428,0.019930655,0.027783914,-2.8557374,57.09845
81.78624081611633,1.7181312,3.21608,0.7308447,0.0534065,0.0006110222,-2.866619,57.311386
81.82638764381409,1.7290207,3.204978,0.73117596,0.07860357,-0.021139013,-2.8751497,60.388344
81.86832880973816,1.7393372,3.1948528,0.7318198,0.11557744,-0.059827525,-2.890036,64.59842
81.91236805915833,1.7535483,3.1803598,0.73253953,0.14087835,-0.09119951,-2.9006693,65.190796
81.95596694946289,1.7657905,3.1725953,0.73646814,0.163841,-0.12219708,-2.9099793,72.82582
82.0022075176239,1.7747775,3.1647027,0.73374236,0.18618122,-0.16041692,-2.919746,71.13143
82.04437065124512,1.7842602,3.161731,0.73617953,0.1988653,-0.1890159,-2.9269664,66.45873
82.08825826644897,1.7882955,3.1566849,0.73806715,0.20790532,-0.21499977,-2.934059,59.25367
82.12887263298035,1.792352,3.1548488,0.7394267,0.21311706,-0.24322161,-2.9428828,58.790627
82.17041254043579,1.7957817,3.1541216,0.74455124,0.21232828,-0.26190892,-2.9502013,59.212868
82.21184229850769,1.7960399,3.154617,0.74776024,0.20759338,-0.27696297,-2.958044,59.32155
82.25537085533142,1.7950292,3.1573594,0.7520534,0.19803397,-0.28802454,-2.9664214,59.017303
82.29966950416565,1.7917672,3.1598885,0.75475156,0.18541847,-0.29522082,-2.974668,59.90982
82.34158611297607,1.7865359,3.1666622,0.76295424,0.16375178,-0.2984653,-2.984935,62.02455
82.38318490982056,1.7787967,3.17191,0.7664934,0.14297839,-0.29623908,-2.9928381,58.534172
82.42527627944946,1.7698168,3.1791832,0.77305275,0.11964393,-0.2896615,-3.0000944,58.68254
82.46954154968262,1.7585069,3.1875925,0.77912354,0.094411224,-0.27889395,-3.0070915,58.68248
82.51256370544434,1.7484331,3.194274,0.7841473,0.060450982,-0.25992718,-3.0152826,57.35267
82.5543167591095,1.7326466,3.2040513,0.79074436,0.03292173,-0.2410371,-3.0214581,59.69329
82.59512615203857,1.720314,3.2111762,0.79480463,0.004247596,-0.21944219,-3.0272396,58.369827
82.67831945419312,1.6885706,3.2275496,0.80339956,-0.051967476,-0.1698655,-3.0357928,56.609894
82.71712279319763,1.6747739,3.2341712,0.80590475,-0.07919362,-0.14266439,-3.0388162,55.67411
82.76077675819397,1.6589857,3.2407408,0.8090011,-0.111071244,-0.10794702,-3.0416582,55.886665
82.80397486686707,1.6436677,3.2467458,0.81158125,-0.13943169,-0.07360739,-3.0456815,55.090233
82.8539879322052,1.6269794,3.251944,0.81437725,-0.15901117,-0.047003888,-3.0502605,56.25551
82.91902995109558,1.6099719,3.254502,0.8182117,-0.1794209,-0.016125618,-3.0578365,56.466843
82.9651095867157,1.5970227,3.2556412,0.8210011,-0.19600055,0.017111108,-3.0709717,58.57579
83.00812363624573,1.5879062,3.2551143,0.8242336,-0.20306721,0.040774766,-3.0839286,58.42347
83.05016684532166,1.5795832,3.2532444,0.827123,-0.20519307,0.05720691,-3.0950642,58.497765
83.09021162986755,1.5736954,3.2504277,0.82961404,-0.20429963,0.06796726,-3.1040545,61.85672
83.13034892082214,1.5677903,3.245802,0.8319874,-0.19854115,0.082795076,-3.120209,62.637817
83.1685299873352,1.5638146,3.2405543,0.8349093,-0.19053094,0.09153055,-3.1340685,63.35392
83.206796169281,1.5594288,3.232854,0.8370782,-0.179313,0.0977556,3.1344352,62.93963
83.24793243408203,1.5571084,3.2258885,0.8395316,-0.16880508,0.10084882,3.1230237,58.95382
83.29004144668579,1.5555034,3.2163067,0.841544,-0.15242353,0.102468096,3.1071312,61.178383
83.33163642883301,1.5553694,3.2064419,0.84422046,-0.12922229,0.100575246,3.0857594,60.50538
83.37232637405396,1.555777,3.1947258,0.84583247,-0.10807127,0.095754,3.0681849,59.031685
83.41105079650879,1.5565623,3.1864955,0.8471659,-0.081035264,0.08599105,3.0456364,59.07821
83.4504463672638,1.5582949,3.176731,0.8476923,-0.06400769,0.0779015,3.0319583,59.44496
83.48991703987122,1.5605932,3.1660967,0.8480894,-0.035475604,0.061102413,3.0088477,61.90686
